firm_id,firm_name,city,county,state,practice_areas,year_founded,estimated_attorney_count,phone,website,verified_source,avvo_rating,google_rating,firm_type,status
CA-000000,Smith & Johnson Law Group,San Francisco,San Francisco,CA,Corporate Law; Business Formation,1970,1,(510) 555-1000,https://smithandjohnsonlawgroup.com,California Secretary of State + State Bar Aggregation,7.5,4.0,Solo Practice,ACTIVE
CA-000001,Jones Attorneys,San Francisco,San Francisco,CA,Intellectual Property; Patent Law,1971,18,(650) 555-1001,https://jonesattorneys.com,California Secretary of State + State Bar Aggregation,7.6,4.1,Mid-Size (11-50),ACTIVE
CA-000002,The Rodriguez Associates,San Francisco,San Francisco,CA,Litigation; Civil Litigation; Trial Law,1972,3,(909) 555-1002,https://therodriguezassociates.com,California Secretary of State + State Bar Aggregation,7.7,4.2,Boutique,ACTIVE
CA-000003,"Gonzalez, Jackson & Adams",San Francisco,San Francisco,CA,Employment Law; HR Compliance,1973,6,(619) 555-1003,https://gonzalezjacksonandadams.com,California Secretary of State + State Bar Aggregation,7.8,4.3,Small Firm (2-10),ACTIVE
CA-000004,Anderson-Green PLLC,San Francisco,San Francisco,CA,Real Estate; Property Law,1974,113,(949) 555-1004,https://andersongreenpllc.com,California Secretary of State + State Bar Aggregation,7.9,4.4,Large (50-200),ACTIVE
CA-000005,White & Campbell Partners,San Francisco,San Francisco,CA,Family Law; Divorce; Custody,1975,1,(562) 555-1005,https://whiteandcampbellpartners.com,California Secretary of State + State Bar Aggregation,8.0,4.5,Solo Practice,ACTIVE
CA-000006,Young LLP,San Francisco,San Francisco,CA,Criminal Law; White Collar Crime,1976,25,(323) 555-1006,https://youngllp.com,California Secretary of State + State Bar Aggregation,8.1,4.6,Mid-Size (11-50),ACTIVE
CA-000007,The Carter Legal,San Francisco,San Francisco,CA,Immigration Law; Visa Matters,1977,5,(661) 555-1007,https://thecarterlegal.com,California Secretary of State + State Bar Aggregation,8.2,4.7,Boutique,ACTIVE
CA-000008,"Parker, Williams & Jackson",San Francisco,San Francisco,CA,Bankruptcy; Debt Relief,1978,3,(831) 555-1008,https://parkerwilliamsandjackson.com,California Secretary of State + State Bar Aggregation,8.3,4.8,Small Firm (2-10),ACTIVE
CA-000009,Reeves-Rodriguez Law Firm,San Francisco,San Francisco,CA,Environmental Law; Compliance,1979,190,(415) 555-1009,https://reevesrodriguezlawfirm.com,California Secretary of State + State Bar Aggregation,8.4,4.9,Large (50-200),ACTIVE
CA-000010,Rogers & Chen Law Group,San Francisco,San Francisco,CA,Estate Planning; Probate,1980,1,(805) 555-1010,https://rogersandchenlawgroup.com,California Secretary of State + State Bar Aggregation,8.5,4.0,Solo Practice,ACTIVE
CA-000011,Reed Attorneys,San Francisco,San Francisco,CA,Securities Law; Compliance; Enforcement,1981,16,(760) 555-1011,https://reedattorneys.com,California Secretary of State + State Bar Aggregation,8.6,4.1,Mid-Size (11-50),ACTIVE
CA-000012,The Johnson Associates,San Francisco,San Francisco,CA,Entertainment Law; Media & Broadcasting,1982,12,(858) 555-1012,https://thejohnsonassociates.com,California Secretary of State + State Bar Aggregation,8.7,4.2,Boutique,ACTIVE
CA-000013,"Garcia, Parker & Gonzalez",San Francisco,San Francisco,CA,Healthcare Law; Medical Malpractice,1983,8,(714) 555-1013,https://garciaparkerandgonzalez.com,California Secretary of State + State Bar Aggregation,8.8,4.3,Small Firm (2-10),ACTIVE
CA-000014,The Peterson Counsel,Los Angeles,Los Angeles,CA,Immigration Law; Visa Matters,1984,3,(661) 555-1014,https://thepetersoncounsel.com,California Secretary of State + State Bar Aggregation,8.9,4.4,Boutique,ACTIVE
CA-000015,"Howard, Phillips & Chen",Los Angeles,Los Angeles,CA,Bankruptcy; Debt Relief,1985,2,(831) 555-1015,https://howardphillipsandchen.com,California Secretary of State + State Bar Aggregation,9.0,4.5,Small Firm (2-10),ACTIVE
CA-000016,Brown-Reeves Partners,Los Angeles,Los Angeles,CA,Environmental Law; Compliance,1986,74,(415) 555-1016,https://brownreevespartners.com,California Secretary of State + State Bar Aggregation,9.1,4.6,Large (50-200),ACTIVE
CA-000017,Davis & Peterson Attorneys,Los Angeles,Los Angeles,CA,Estate Planning; Probate,1987,1,(805) 555-1017,https://davisandpetersonattorneys.com,California Secretary of State + State Bar Aggregation,9.2,4.7,Solo Practice,ACTIVE
CA-000018,Lopez Associates,Los Angeles,Los Angeles,CA,Securities Law; Compliance; Enforcement,1988,24,(760) 555-1018,https://lopezassociates.com,California Secretary of State + State Bar Aggregation,9.3,4.8,Mid-Size (11-50),ACTIVE
CA-000019,The Kim LLC,Los Angeles,Los Angeles,CA,Entertainment Law; Media & Broadcasting,1989,6,(858) 555-1019,https://thekimllc.com,California Secretary of State + State Bar Aggregation,9.4,4.9,Boutique,ACTIVE
CA-000020,"Jackson, Lee & Davis",Los Angeles,Los Angeles,CA,Healthcare Law; Medical Malpractice,1990,10,(714) 555-1020,https://jacksonleeanddavis.com,California Secretary of State + State Bar Aggregation,9.5,4.0,Small Firm (2-10),ACTIVE
CA-000021,Moore-Jackson Law Group,Los Angeles,Los Angeles,CA,Personal Injury; Wrongful Death,1991,57,(213) 555-1021,https://moorejacksonlawgroup.com,California Secretary of State + State Bar Aggregation,9.6,4.1,Large (50-200),ACTIVE
CA-000022,Nelson & Green LLP,Los Angeles,Los Angeles,CA,Corporate Law; Business Formation,1992,1,(818) 555-1022,https://nelsonandgreenllp.com,California Secretary of State + State Bar Aggregation,9.7,4.2,Solo Practice,ACTIVE
CA-000023,Campbell Legal,Los Angeles,Los Angeles,CA,Intellectual Property; Patent Law,1993,46,(559) 555-1023,https://campbelllegal.com,California Secretary of State + State Bar Aggregation,9.8,4.3,Mid-Size (11-50),ACTIVE
CA-000024,The Collins Counsel,Los Angeles,Los Angeles,CA,Litigation; Civil Litigation; Trial Law,1994,6,(510) 555-1024,https://thecollinscounsel.com,California Secretary of State + State Bar Aggregation,9.9,4.4,Boutique,ACTIVE
CA-000025,"Cook, Cooper & Smith",Los Angeles,Los Angeles,CA,Employment Law; HR Compliance,1995,10,(650) 555-1025,https://cookcooperandsmith.com,California Secretary of State + State Bar Aggregation,7.5,4.5,Small Firm (2-10),ACTIVE
CA-000026,Cooper-Williams Partners,Los Angeles,Los Angeles,CA,Real Estate; Property Law,1996,158,(909) 555-1026,https://cooperwilliamspartners.com,California Secretary of State + State Bar Aggregation,7.6,4.6,Large (50-200),ACTIVE
CA-000027,Smith & Rodriguez Attorneys,Los Angeles,Los Angeles,CA,Family Law; Divorce; Custody,1997,1,(619) 555-1027,https://smithandrodriguezattorneys.com,California Secretary of State + State Bar Aggregation,7.7,4.7,Solo Practice,ACTIVE
CA-000028,Morris-Smith Attorneys,San Diego,San Diego,CA,Personal Injury; Wrongful Death,1998,107,(213) 555-1028,https://morrissmithattorneys.com,California Secretary of State + State Bar Aggregation,7.8,4.8,Large (50-200),ACTIVE
CA-000029,Morgan & Miller Legal,San Diego,San Diego,CA,Corporate Law; Business Formation,1999,1,(818) 555-1029,https://morganandmillerlegal.com,California Secretary of State + State Bar Aggregation,7.9,4.9,Solo Practice,ACTIVE
CA-000030,Bell Counsel,San Diego,San Diego,CA,Intellectual Property; Patent Law,2000,39,(559) 555-1030,https://bellcounsel.com,California Secretary of State + State Bar Aggregation,8.0,4.0,Mid-Size (11-50),ACTIVE
CA-000031,The Williams PLLC,San Diego,San Diego,CA,Litigation; Civil Litigation; Trial Law,2001,12,(510) 555-1031,https://thewilliamspllc.com,California Secretary of State + State Bar Aggregation,8.1,4.1,Boutique,ACTIVE
CA-000032,"Miller, Young & Peterson",San Diego,San Diego,CA,Employment Law; HR Compliance,2002,6,(650) 555-1032,https://milleryoungandpeterson.com,California Secretary of State + State Bar Aggregation,8.2,4.2,Small Firm (2-10),ACTIVE
CA-000033,Hernandez-Phillips LLP,San Diego,San Diego,CA,Real Estate; Property Law,2003,52,(909) 555-1033,https://hernandezphillipsllp.com,California Secretary of State + State Bar Aggregation,8.3,4.3,Large (50-200),ACTIVE
CA-000034,Chen & Reeves Associates,San Diego,San Diego,CA,Family Law; Divorce; Custody,2004,1,(619) 555-1034,https://chenandreevesassociates.com,California Secretary of State + State Bar Aggregation,8.4,4.4,Solo Practice,ACTIVE
CA-000035,Thomas LLC,San Diego,San Diego,CA,Criminal Law; White Collar Crime,2005,21,(949) 555-1035,https://thomasllc.com,California Secretary of State + State Bar Aggregation,8.5,4.5,Mid-Size (11-50),ACTIVE
CA-000036,The Martin Law Firm,San Diego,San Diego,CA,Immigration Law; Visa Matters,2006,14,(562) 555-1036,https://themartinlawfirm.com,California Secretary of State + State Bar Aggregation,8.6,4.6,Boutique,ACTIVE
CA-000037,"Adams, Davis & Collins",San Diego,San Diego,CA,Bankruptcy; Debt Relief,2007,8,(323) 555-1037,https://adamsdavisandcollins.com,California Secretary of State + State Bar Aggregation,8.7,4.7,Small Firm (2-10),ACTIVE
CA-000038,Phillips-Lee Attorneys,San Diego,San Diego,CA,Environmental Law; Compliance,2008,138,(661) 555-1038,https://phillipsleeattorneys.com,California Secretary of State + State Bar Aggregation,8.8,4.8,Large (50-200),ACTIVE
CA-000039,Edwards & Jackson Legal,San Diego,San Diego,CA,Estate Planning; Probate,2009,1,(831) 555-1039,https://edwardsandjacksonlegal.com,California Secretary of State + State Bar Aggregation,8.9,4.9,Solo Practice,ACTIVE
CA-000040,Murphy Counsel,San Diego,San Diego,CA,Securities Law; Compliance; Enforcement,2010,28,(415) 555-1040,https://murphycounsel.com,California Secretary of State + State Bar Aggregation,9.0,4.0,Mid-Size (11-50),ACTIVE
CA-000041,The Peterson PLLC,San Diego,San Diego,CA,Entertainment Law; Media & Broadcasting,2011,5,(805) 555-1041,https://thepetersonpllc.com,California Secretary of State + State Bar Aggregation,9.1,4.1,Boutique,ACTIVE
CA-000042,Parker Law Firm,Sacramento,Sacramento,CA,Criminal Law; White Collar Crime,2012,24,(949) 555-1042,https://parkerlawfirm.com,California Secretary of State + State Bar Aggregation,9.2,4.2,Mid-Size (11-50),ACTIVE
CA-000043,The Reeves Partners,Sacramento,Sacramento,CA,Immigration Law; Visa Matters,2013,15,(562) 555-1043,https://thereevespartners.com,California Secretary of State + State Bar Aggregation,9.3,4.3,Boutique,ACTIVE
CA-000044,"Rogers, Collins & Phillips",Sacramento,Sacramento,CA,Bankruptcy; Debt Relief,2014,7,(323) 555-1044,https://rogerscollinsandphillips.com,California Secretary of State + State Bar Aggregation,9.4,4.4,Small Firm (2-10),ACTIVE
CA-000045,Reed-Morgan Associates,Sacramento,Sacramento,CA,Environmental Law; Compliance,2015,77,(661) 555-1045,https://reedmorganassociates.com,California Secretary of State + State Bar Aggregation,9.5,4.5,Large (50-200),ACTIVE
CA-000046,Johnson & Smith Counsel,Sacramento,Sacramento,CA,Estate Planning; Probate,2016,1,(831) 555-1046,https://johnsonandsmithcounsel.com,California Secretary of State + State Bar Aggregation,9.6,4.6,Solo Practice,ACTIVE
CA-000047,Garcia PLLC,Sacramento,Sacramento,CA,Securities Law; Compliance; Enforcement,2017,16,(415) 555-1047,https://garciapllc.com,California Secretary of State + State Bar Aggregation,9.7,4.7,Mid-Size (11-50),ACTIVE
CA-000048,The Martinez Law Group,Sacramento,Sacramento,CA,Entertainment Law; Media & Broadcasting,2018,9,(805) 555-1048,https://themartinezlawgroup.com,California Secretary of State + State Bar Aggregation,9.8,4.8,Boutique,ACTIVE
CA-000049,"Lee, Thomas & Moore",Sacramento,Sacramento,CA,Healthcare Law; Medical Malpractice,2019,3,(760) 555-1049,https://leethomasandmoore.com,California Secretary of State + State Bar Aggregation,9.9,4.9,Small Firm (2-10),ACTIVE
CA-000050,Taylor-Young Legal,Sacramento,Sacramento,CA,Personal Injury; Wrongful Death,2020,142,(858) 555-1050,https://tayloryounglegal.com,California Secretary of State + State Bar Aggregation,7.5,4.0,Large (50-200),ACTIVE
CA-000051,Harris & Phillips LLC,Sacramento,Sacramento,CA,Corporate Law; Business Formation,2021,1,(714) 555-1051,https://harrisandphillipsllc.com,California Secretary of State + State Bar Aggregation,7.6,4.1,Solo Practice,ACTIVE
CA-000052,Green Law Firm,Sacramento,Sacramento,CA,Intellectual Property; Patent Law,2022,33,(213) 555-1052,https://greenlawfirm.com,California Secretary of State + State Bar Aggregation,7.7,4.2,Mid-Size (11-50),ACTIVE
CA-000053,The Roberts Partners,Sacramento,Sacramento,CA,Litigation; Civil Litigation; Trial Law,2023,12,(818) 555-1053,https://therobertspartners.com,California Secretary of State + State Bar Aggregation,7.8,4.3,Boutique,ACTIVE
CA-000054,"Evans, Johnson & Anderson",Sacramento,Sacramento,CA,Employment Law; HR Compliance,2024,6,(559) 555-1054,https://evansjohnsonandanderson.com,California Secretary of State + State Bar Aggregation,7.9,4.4,Small Firm (2-10),ACTIVE
CA-000055,Morris-Davis Associates,Sacramento,Sacramento,CA,Real Estate; Property Law,1970,62,(510) 555-1055,https://morrisdavisassociates.com,California Secretary of State + State Bar Aggregation,8.0,4.5,Large (50-200),ACTIVE
CA-000056,"Nelson, Howard & Thomas",Fresno,Fresno,CA,Healthcare Law; Medical Malpractice,1971,9,(760) 555-1056,https://nelsonhowardandthomas.com,California Secretary of State + State Bar Aggregation,8.1,4.6,Small Firm (2-10),ACTIVE
CA-000057,Campbell-Garcia Counsel,Fresno,Fresno,CA,Personal Injury; Wrongful Death,1972,188,(858) 555-1057,https://campbellgarciacounsel.com,California Secretary of State + State Bar Aggregation,8.2,4.7,Large (50-200),ACTIVE
CA-000058,Collins & Lopez Law Firm,Fresno,Fresno,CA,Corporate Law; Business Formation,1973,1,(714) 555-1058,https://collinsandlopezlawfirm.com,California Secretary of State + State Bar Aggregation,8.3,4.8,Solo Practice,ACTIVE
CA-000059,Cook Partners,Fresno,Fresno,CA,Intellectual Property; Patent Law,1974,18,(213) 555-1059,https://cookpartners.com,California Secretary of State + State Bar Aggregation,8.4,4.9,Mid-Size (11-50),ACTIVE
CA-000060,The Cooper LLP,Fresno,Fresno,CA,Litigation; Civil Litigation; Trial Law,1975,9,(818) 555-1060,https://thecooperllp.com,California Secretary of State + State Bar Aggregation,8.5,4.0,Boutique,ACTIVE
CA-000061,"Smith, Roberts & Lopez",Fresno,Fresno,CA,Employment Law; HR Compliance,1976,3,(559) 555-1061,https://smithrobertsandlopez.com,California Secretary of State + State Bar Aggregation,8.6,4.1,Small Firm (2-10),ACTIVE
CA-000062,Jones-Collins LLC,Fresno,Fresno,CA,Real Estate; Property Law,1977,192,(510) 555-1062,https://jonescollinsllc.com,California Secretary of State + State Bar Aggregation,8.7,4.2,Large (50-200),ACTIVE
CA-000063,Rodriguez & Morgan PLLC,Fresno,Fresno,CA,Family Law; Divorce; Custody,1978,1,(650) 555-1063,https://rodriguezandmorganpllc.com,California Secretary of State + State Bar Aggregation,8.8,4.3,Solo Practice,ACTIVE
CA-000064,Gonzalez Law Group,Fresno,Fresno,CA,Criminal Law; White Collar Crime,1979,29,(909) 555-1064,https://gonzalezlawgroup.com,California Secretary of State + State Bar Aggregation,8.9,4.4,Mid-Size (11-50),ACTIVE
CA-000065,The Anderson Attorneys,Fresno,Fresno,CA,Immigration Law; Visa Matters,1980,13,(619) 555-1065,https://theandersonattorneys.com,California Secretary of State + State Bar Aggregation,9.0,4.5,Boutique,ACTIVE
CA-000066,"White, Gonzalez & Jones",Fresno,Fresno,CA,Bankruptcy; Debt Relief,1981,7,(949) 555-1066,https://whitegonzalezandjones.com,California Secretary of State + State Bar Aggregation,9.1,4.6,Small Firm (2-10),ACTIVE
CA-000067,Young-Thomas Counsel,Fresno,Fresno,CA,Environmental Law; Compliance,1982,198,(562) 555-1067,https://youngthomascounsel.com,California Secretary of State + State Bar Aggregation,9.2,4.7,Large (50-200),ACTIVE
CA-000068,Carter & Young Law Firm,Fresno,Fresno,CA,Estate Planning; Probate,1983,1,(323) 555-1068,https://carterandyounglawfirm.com,California Secretary of State + State Bar Aggregation,9.3,4.8,Solo Practice,ACTIVE
CA-000069,Parker Partners,Fresno,Fresno,CA,Securities Law; Compliance; Enforcement,1984,23,(661) 555-1069,https://parkerpartners.com,California Secretary of State + State Bar Aggregation,9.4,4.9,Mid-Size (11-50),ACTIVE
CA-000070,Martin & Martin Law Group,Oakland,Alameda,CA,Family Law; Divorce; Custody,1985,1,(650) 555-1070,https://martinandmartinlawgroup.com,California Secretary of State + State Bar Aggregation,9.5,4.0,Solo Practice,ACTIVE
CA-000071,Adams Attorneys,Oakland,Alameda,CA,Criminal Law; White Collar Crime,1986,15,(909) 555-1071,https://adamsattorneys.com,California Secretary of State + State Bar Aggregation,9.6,4.1,Mid-Size (11-50),ACTIVE
CA-000072,The Phillips Associates,Oakland,Alameda,CA,Immigration Law; Visa Matters,1987,3,(619) 555-1072,https://thephillipsassociates.com,California Secretary of State + State Bar Aggregation,9.7,4.2,Boutique,ACTIVE
CA-000073,"Edwards, Rogers & Howard",Oakland,Alameda,CA,Bankruptcy; Debt Relief,1988,5,(949) 555-1073,https://edwardsrogersandhoward.com,California Secretary of State + State Bar Aggregation,9.8,4.3,Small Firm (2-10),ACTIVE
CA-000074,Murphy-Howard PLLC,Oakland,Alameda,CA,Environmental Law; Compliance,1989,125,(562) 555-1074,https://murphyhowardpllc.com,California Secretary of State + State Bar Aggregation,9.9,4.4,Large (50-200),ACTIVE
CA-000075,Peterson & Garcia Partners,Oakland,Alameda,CA,Estate Planning; Probate,1990,1,(323) 555-1075,https://petersonandgarciapartners.com,California Secretary of State + State Bar Aggregation,7.5,4.5,Solo Practice,ACTIVE
CA-000076,Howard LLP,Oakland,Alameda,CA,Securities Law; Compliance; Enforcement,1991,16,(661) 555-1076,https://howardllp.com,California Secretary of State + State Bar Aggregation,7.6,4.6,Mid-Size (11-50),ACTIVE
CA-000077,The Brown Legal,Oakland,Alameda,CA,Entertainment Law; Media & Broadcasting,1992,6,(831) 555-1077,https://thebrownlegal.com,California Secretary of State + State Bar Aggregation,7.7,4.7,Boutique,ACTIVE
CA-000078,"Davis, Moore & Cook",Oakland,Alameda,CA,Healthcare Law; Medical Malpractice,1993,3,(415) 555-1078,https://davismooreandcook.com,California Secretary of State + State Bar Aggregation,7.8,4.8,Small Firm (2-10),ACTIVE
CA-000079,Lopez-Roberts Law Firm,Oakland,Alameda,CA,Personal Injury; Wrongful Death,1994,148,(805) 555-1079,https://lopezrobertslawfirm.com,California Secretary of State + State Bar Aggregation,7.9,4.9,Large (50-200),ACTIVE
CA-000080,Kim & Collins Law Group,Oakland,Alameda,CA,Corporate Law; Business Formation,1995,1,(760) 555-1080,https://kimandcollinslawgroup.com,California Secretary of State + State Bar Aggregation,8.0,4.0,Solo Practice,ACTIVE
CA-000081,Jackson Attorneys,Oakland,Alameda,CA,Intellectual Property; Patent Law,1996,28,(858) 555-1081,https://jacksonattorneys.com,California Secretary of State + State Bar Aggregation,8.1,4.1,Mid-Size (11-50),ACTIVE
CA-000082,The Moore Associates,Oakland,Alameda,CA,Litigation; Civil Litigation; Trial Law,1997,10,(714) 555-1082,https://themooreassociates.com,California Secretary of State + State Bar Aggregation,8.2,4.2,Boutique,ACTIVE
CA-000083,"Nelson, Miller & Parker",Oakland,Alameda,CA,Employment Law; HR Compliance,1998,7,(213) 555-1083,https://nelsonmillerandparker.com,California Secretary of State + State Bar Aggregation,8.3,4.3,Small Firm (2-10),ACTIVE
CA-000084,The Taylor Counsel,Long Beach,Los Angeles,CA,Entertainment Law; Media & Broadcasting,1999,5,(831) 555-1084,https://thetaylorcounsel.com,California Secretary of State + State Bar Aggregation,8.4,4.4,Boutique,ACTIVE
CA-000085,"Harris, Jones & Edwards",Long Beach,Los Angeles,CA,Healthcare Law; Medical Malpractice,2000,7,(415) 555-1085,https://harrisjonesandedwards.com,California Secretary of State + State Bar Aggregation,8.5,4.5,Small Firm (2-10),ACTIVE
CA-000086,Green-Hernandez Partners,Long Beach,Los Angeles,CA,Personal Injury; Wrongful Death,2001,141,(805) 555-1086,https://greenhernandezpartners.com,California Secretary of State + State Bar Aggregation,8.6,4.6,Large (50-200),ACTIVE
CA-000087,Roberts & Anderson Attorneys,Long Beach,Los Angeles,CA,Corporate Law; Business Formation,2002,1,(760) 555-1087,https://robertsandandersonattorneys.com,California Secretary of State + State Bar Aggregation,8.7,4.7,Solo Practice,ACTIVE
CA-000088,Evans Associates,Long Beach,Los Angeles,CA,Intellectual Property; Patent Law,2003,24,(858) 555-1088,https://evansassociates.com,California Secretary of State + State Bar Aggregation,8.8,4.8,Mid-Size (11-50),ACTIVE
CA-000089,The Morris LLC,Long Beach,Los Angeles,CA,Litigation; Civil Litigation; Trial Law,2004,13,(714) 555-1089,https://themorrisllc.com,California Secretary of State + State Bar Aggregation,8.9,4.9,Boutique,ACTIVE
CA-000090,"Morgan, Edwards & Nelson",Long Beach,Los Angeles,CA,Employment Law; HR Compliance,2005,6,(213) 555-1090,https://morganedwardsandnelson.com,California Secretary of State + State Bar Aggregation,9.0,4.0,Small Firm (2-10),ACTIVE
CA-000091,Bell-Rogers Law Group,Long Beach,Los Angeles,CA,Real Estate; Property Law,2006,69,(818) 555-1091,https://bellrogerslawgroup.com,California Secretary of State + State Bar Aggregation,9.1,4.1,Large (50-200),ACTIVE
CA-000092,Williams & Howard LLP,Long Beach,Los Angeles,CA,Family Law; Divorce; Custody,2007,1,(559) 555-1092,https://williamsandhowardllp.com,California Secretary of State + State Bar Aggregation,9.2,4.2,Solo Practice,ACTIVE
CA-000093,Miller Legal,Long Beach,Los Angeles,CA,Criminal Law; White Collar Crime,2008,49,(510) 555-1093,https://millerlegal.com,California Secretary of State + State Bar Aggregation,9.3,4.3,Mid-Size (11-50),ACTIVE
CA-000094,The Hernandez Counsel,Long Beach,Los Angeles,CA,Immigration Law; Visa Matters,2009,13,(650) 555-1094,https://thehernandezcounsel.com,California Secretary of State + State Bar Aggregation,9.4,4.4,Boutique,ACTIVE
CA-000095,"Chen, Taylor & White",Long Beach,Los Angeles,CA,Bankruptcy; Debt Relief,2010,4,(909) 555-1095,https://chentaylorandwhite.com,California Secretary of State + State Bar Aggregation,9.5,4.5,Small Firm (2-10),ACTIVE
CA-000096,Thomas-Moore Partners,Long Beach,Los Angeles,CA,Environmental Law; Compliance,2011,187,(619) 555-1096,https://thomasmoorepartners.com,California Secretary of State + State Bar Aggregation,9.6,4.6,Large (50-200),ACTIVE
CA-000097,Martin & Roberts Attorneys,Long Beach,Los Angeles,CA,Estate Planning; Probate,2012,1,(949) 555-1097,https://martinandrobertsattorneys.com,California Secretary of State + State Bar Aggregation,9.7,4.7,Solo Practice,ACTIVE
CA-000098,Gonzalez-Harris Attorneys,San Jose,Santa Clara,CA,Real Estate; Property Law,2013,113,(818) 555-1098,https://gonzalezharrisattorneys.com,California Secretary of State + State Bar Aggregation,9.8,4.8,Large (50-200),ACTIVE
CA-000099,Anderson & Nelson Legal,San Jose,Santa Clara,CA,Family Law; Divorce; Custody,2014,1,(559) 555-1099,https://andersonandnelsonlegal.com,California Secretary of State + State Bar Aggregation,9.9,4.9,Solo Practice,ACTIVE
CA-000100,White Counsel,San Jose,Santa Clara,CA,Criminal Law; White Collar Crime,2015,21,(510) 555-1100,https://whitecounsel.com,California Secretary of State + State Bar Aggregation,7.5,4.0,Mid-Size (11-50),ACTIVE
CA-000101,The Young PLLC,San Jose,Santa Clara,CA,Immigration Law; Visa Matters,2016,10,(650) 555-1101,https://theyoungpllc.com,California Secretary of State + State Bar Aggregation,7.6,4.1,Boutique,ACTIVE
CA-000102,"Carter, Bell & Kim",San Jose,Santa Clara,CA,Bankruptcy; Debt Relief,2017,8,(909) 555-1102,https://carterbellandkim.com,California Secretary of State + State Bar Aggregation,7.7,4.2,Small Firm (2-10),ACTIVE
CA-000103,Parker-Jones LLP,San Jose,Santa Clara,CA,Environmental Law; Compliance,2018,120,(619) 555-1103,https://parkerjonesllp.com,California Secretary of State + State Bar Aggregation,7.8,4.3,Large (50-200),ACTIVE
CA-000104,Reeves & Hernandez Associates,San Jose,Santa Clara,CA,Estate Planning; Probate,2019,1,(949) 555-1104,https://reevesandhernandezassociates.com,California Secretary of State + State Bar Aggregation,7.9,4.4,Solo Practice,ACTIVE
CA-000105,Rogers LLC,San Jose,Santa Clara,CA,Securities Law; Compliance; Enforcement,2020,46,(562) 555-1105,https://rogersllc.com,California Secretary of State + State Bar Aggregation,8.0,4.5,Mid-Size (11-50),ACTIVE
CA-000106,The Reed Law Firm,San Jose,Santa Clara,CA,Entertainment Law; Media & Broadcasting,2021,6,(323) 555-1106,https://thereedlawfirm.com,California Secretary of State + State Bar Aggregation,8.1,4.6,Boutique,ACTIVE
CA-000107,"Johnson, Carter & Rodriguez",San Jose,Santa Clara,CA,Healthcare Law; Medical Malpractice,2022,7,(661) 555-1107,https://johnsoncarterandrodriguez.com,California Secretary of State + State Bar Aggregation,8.2,4.7,Small Firm (2-10),ACTIVE
CA-000108,Garcia-Edwards Attorneys,San Jose,Santa Clara,CA,Personal Injury; Wrongful Death,2023,65,(831) 555-1108,https://garciaedwardsattorneys.com,California Secretary of State + State Bar Aggregation,8.3,4.8,Large (50-200),ACTIVE
CA-000109,Martinez & Rogers Legal,San Jose,Santa Clara,CA,Corporate Law; Business Formation,2024,1,(415) 555-1109,https://martinezandrogerslegal.com,California Secretary of State + State Bar Aggregation,8.4,4.9,Solo Practice,ACTIVE
CA-000110,Lee Counsel,San Jose,Santa Clara,CA,Intellectual Property; Patent Law,1970,25,(805) 555-1110,https://leecounsel.com,California Secretary of State + State Bar Aggregation,8.5,4.0,Mid-Size (11-50),ACTIVE
CA-000111,The Taylor PLLC,San Jose,Santa Clara,CA,Litigation; Civil Litigation; Trial Law,1971,3,(760) 555-1111,https://thetaylorpllc.com,California Secretary of State + State Bar Aggregation,8.6,4.1,Boutique,ACTIVE
CA-000112,Davis Law Firm,Bakersfield,Kern,CA,Securities Law; Compliance; Enforcement,1972,31,(562) 555-1112,https://davislawfirm.com,California Secretary of State + State Bar Aggregation,8.7,4.2,Mid-Size (11-50),ACTIVE
CA-000113,The Lopez Partners,Bakersfield,Kern,CA,Entertainment Law; Media & Broadcasting,1973,9,(323) 555-1113,https://thelopezpartners.com,California Secretary of State + State Bar Aggregation,8.8,4.3,Boutique,ACTIVE
CA-000114,"Kim, Martinez & Brown",Bakersfield,Kern,CA,Healthcare Law; Medical Malpractice,1974,6,(661) 555-1114,https://kimmartinezandbrown.com,California Secretary of State + State Bar Aggregation,8.9,4.4,Small Firm (2-10),ACTIVE
CA-000115,Jackson-Kim Associates,Bakersfield,Kern,CA,Personal Injury; Wrongful Death,1975,67,(831) 555-1115,https://jacksonkimassociates.com,California Secretary of State + State Bar Aggregation,9.0,4.5,Large (50-200),ACTIVE
CA-000116,Moore & Harris Counsel,Bakersfield,Kern,CA,Corporate Law; Business Formation,1976,1,(415) 555-1116,https://mooreandharriscounsel.com,California Secretary of State + State Bar Aggregation,9.1,4.6,Solo Practice,ACTIVE
CA-000117,Nelson PLLC,Bakersfield,Kern,CA,Intellectual Property; Patent Law,1977,24,(805) 555-1117,https://nelsonpllc.com,California Secretary of State + State Bar Aggregation,9.2,4.7,Mid-Size (11-50),ACTIVE
CA-000118,The Campbell Law Group,Bakersfield,Kern,CA,Litigation; Civil Litigation; Trial Law,1978,12,(760) 555-1118,https://thecampbelllawgroup.com,California Secretary of State + State Bar Aggregation,9.3,4.8,Boutique,ACTIVE
CA-000119,"Collins, Cook & Cooper",Bakersfield,Kern,CA,Employment Law; HR Compliance,1979,7,(858) 555-1119,https://collinscookandcooper.com,California Secretary of State + State Bar Aggregation,9.4,4.9,Small Firm (2-10),ACTIVE
CA-000120,Cook-Bell Legal,Bakersfield,Kern,CA,Real Estate; Property Law,1980,105,(714) 555-1120,https://cookbelllegal.com,California Secretary of State + State Bar Aggregation,9.5,4.0,Large (50-200),ACTIVE
CA-000121,Cooper & Jones LLC,Bakersfield,Kern,CA,Family Law; Divorce; Custody,1981,1,(213) 555-1121,https://cooperandjonesllc.com,California Secretary of State + State Bar Aggregation,9.6,4.1,Solo Practice,ACTIVE
CA-000122,Smith Law Firm,Bakersfield,Kern,CA,Criminal Law; White Collar Crime,1982,42,(818) 555-1122,https://smithlawfirm.com,California Secretary of State + State Bar Aggregation,9.7,4.2,Mid-Size (11-50),ACTIVE
CA-000123,The Jones Partners,Bakersfield,Kern,CA,Immigration Law; Visa Matters,1983,9,(559) 555-1123,https://thejonespartners.com,California Secretary of State + State Bar Aggregation,9.8,4.3,Boutique,ACTIVE
CA-000124,"Rodriguez, Martin & Reeves",Bakersfield,Kern,CA,Bankruptcy; Debt Relief,1984,9,(510) 555-1124,https://rodriguezmartinandreeves.com,California Secretary of State + State Bar Aggregation,9.9,4.4,Small Firm (2-10),ACTIVE
CA-000125,Gonzalez-Carter Associates,Bakersfield,Kern,CA,Environmental Law; Compliance,1985,87,(650) 555-1125,https://gonzalezcarterassociates.com,California Secretary of State + State Bar Aggregation,7.5,4.5,Large (50-200),ACTIVE
CA-000126,"Williams, White & Murphy",Riverside,Riverside,CA,Employment Law; HR Compliance,1986,6,(858) 555-1126,https://williamswhiteandmurphy.com,California Secretary of State + State Bar Aggregation,7.6,4.6,Small Firm (2-10),ACTIVE
CA-000127,Miller-Adams Counsel,Riverside,Riverside,CA,Real Estate; Property Law,1987,86,(714) 555-1127,https://milleradamscounsel.com,California Secretary of State + State Bar Aggregation,7.7,4.7,Large (50-200),ACTIVE
CA-000128,Hernandez & Parker Law Firm,Riverside,Riverside,CA,Family Law; Divorce; Custody,1988,1,(213) 555-1128,https://hernandezandparkerlawfirm.com,California Secretary of State + State Bar Aggregation,7.8,4.8,Solo Practice,ACTIVE
CA-000129,Chen Partners,Riverside,Riverside,CA,Criminal Law; White Collar Crime,1989,26,(818) 555-1129,https://chenpartners.com,California Secretary of State + State Bar Aggregation,7.9,4.9,Mid-Size (11-50),ACTIVE
CA-000130,The Thomas LLP,Riverside,Riverside,CA,Immigration Law; Visa Matters,1990,14,(559) 555-1130,https://thethomasllp.com,California Secretary of State + State Bar Aggregation,8.0,4.0,Boutique,ACTIVE
CA-000131,"Martin, Brown & Campbell",Riverside,Riverside,CA,Bankruptcy; Debt Relief,1991,10,(510) 555-1131,https://martinbrownandcampbell.com,California Secretary of State + State Bar Aggregation,8.1,4.1,Small Firm (2-10),ACTIVE
CA-000132,Adams-Martinez LLC,Riverside,Riverside,CA,Environmental Law; Compliance,1992,188,(650) 555-1132,https://adamsmartinezllc.com,California Secretary of State + State Bar Aggregation,8.2,4.2,Large (50-200),ACTIVE
CA-000133,Phillips & Kim PLLC,Riverside,Riverside,CA,Estate Planning; Probate,1993,1,(909) 555-1133,https://phillipsandkimpllc.com,California Secretary of State + State Bar Aggregation,8.3,4.3,Solo Practice,ACTIVE
CA-000134,Edwards Law Group,Riverside,Riverside,CA,Securities Law; Compliance; Enforcement,1994,27,(619) 555-1134,https://edwardslawgroup.com,California Secretary of State + State Bar Aggregation,8.4,4.4,Mid-Size (11-50),ACTIVE
CA-000135,The Murphy Attorneys,Riverside,Riverside,CA,Entertainment Law; Media & Broadcasting,1995,14,(949) 555-1135,https://themurphyattorneys.com,California Secretary of State + State Bar Aggregation,8.5,4.5,Boutique,ACTIVE
CA-000136,"Peterson, Evans & Young",Riverside,Riverside,CA,Healthcare Law; Medical Malpractice,1996,8,(562) 555-1136,https://petersonevansandyoung.com,California Secretary of State + State Bar Aggregation,8.6,4.6,Small Firm (2-10),ACTIVE
CA-000137,Howard-Cook Counsel,Riverside,Riverside,CA,Personal Injury; Wrongful Death,1997,200,(323) 555-1137,https://howardcookcounsel.com,California Secretary of State + State Bar Aggregation,8.7,4.7,Large (50-200),ACTIVE
CA-000138,Brown & Bell Law Firm,Riverside,Riverside,CA,Corporate Law; Business Formation,1998,1,(661) 555-1138,https://brownandbelllawfirm.com,California Secretary of State + State Bar Aggregation,8.8,4.8,Solo Practice,ACTIVE
CA-000139,Davis Partners,Riverside,Riverside,CA,Intellectual Property; Patent Law,1999,36,(831) 555-1139,https://davispartners.com,California Secretary of State + State Bar Aggregation,8.9,4.9,Mid-Size (11-50),ACTIVE
CA-000140,Reed & Cooper Law Group,Stockton,San Joaquin,CA,Estate Planning; Probate,2000,1,(909) 555-1140,https://reedandcooperlawgroup.com,California Secretary of State + State Bar Aggregation,9.0,4.0,Solo Practice,ACTIVE
CA-000141,Johnson Attorneys,Stockton,San Joaquin,CA,Securities Law; Compliance; Enforcement,2001,34,(619) 555-1141,https://johnsonattorneys.com,California Secretary of State + State Bar Aggregation,9.1,4.1,Mid-Size (11-50),ACTIVE
CA-000142,The Garcia Associates,Stockton,San Joaquin,CA,Entertainment Law; Media & Broadcasting,2002,6,(949) 555-1142,https://thegarciaassociates.com,California Secretary of State + State Bar Aggregation,9.2,4.2,Boutique,ACTIVE
CA-000143,"Martinez, Chen & Jackson",Stockton,San Joaquin,CA,Healthcare Law; Medical Malpractice,2003,4,(562) 555-1143,https://martinezchenandjackson.com,California Secretary of State + State Bar Aggregation,9.3,4.3,Small Firm (2-10),ACTIVE
CA-000144,Lee-White PLLC,Stockton,San Joaquin,CA,Personal Injury; Wrongful Death,2004,181,(323) 555-1144,https://leewhitepllc.com,California Secretary of State + State Bar Aggregation,9.4,4.4,Large (50-200),ACTIVE
CA-000145,Taylor & Adams Partners,Stockton,San Joaquin,CA,Corporate Law; Business Formation,2005,1,(661) 555-1145,https://taylorandadamspartners.com,California Secretary of State + State Bar Aggregation,9.5,4.5,Solo Practice,ACTIVE
CA-000146,Harris LLP,Stockton,San Joaquin,CA,Intellectual Property; Patent Law,2006,42,(831) 555-1146,https://harrisllp.com,California Secretary of State + State Bar Aggregation,9.6,4.6,Mid-Size (11-50),ACTIVE
CA-000147,The Green Legal,Stockton,San Joaquin,CA,Litigation; Civil Litigation; Trial Law,2007,4,(415) 555-1147,https://thegreenlegal.com,California Secretary of State + State Bar Aggregation,9.7,4.7,Boutique,ACTIVE
CA-000148,"Roberts, Reed & Gonzalez",Stockton,San Joaquin,CA,Employment Law; HR Compliance,2008,2,(805) 555-1148,https://robertsreedandgonzalez.com,California Secretary of State + State Bar Aggregation,9.8,4.8,Small Firm (2-10),ACTIVE
CA-000149,Evans-Brown Law Firm,Stockton,San Joaquin,CA,Real Estate; Property Law,2009,79,(760) 555-1149,https://evansbrownlawfirm.com,California Secretary of State + State Bar Aggregation,9.9,4.9,Large (50-200),ACTIVE
CA-000150,Morris & Martinez Law Group,Stockton,San Joaquin,CA,Family Law; Divorce; Custody,2010,1,(858) 555-1150,https://morrisandmartinezlawgroup.com,California Secretary of State + State Bar Aggregation,7.5,4.0,Solo Practice,ACTIVE
CA-000151,Morgan Attorneys,Stockton,San Joaquin,CA,Criminal Law; White Collar Crime,2011,20,(714) 555-1151,https://morganattorneys.com,California Secretary of State + State Bar Aggregation,7.6,4.1,Mid-Size (11-50),ACTIVE
CA-000152,The Bell Associates,Stockton,San Joaquin,CA,Immigration Law; Visa Matters,2012,13,(213) 555-1152,https://thebellassociates.com,California Secretary of State + State Bar Aggregation,7.7,4.2,Boutique,ACTIVE
CA-000153,"Williams, Nelson & Garcia",Stockton,San Joaquin,CA,Bankruptcy; Debt Relief,2013,4,(818) 555-1153,https://williamsnelsonandgarcia.com,California Secretary of State + State Bar Aggregation,7.8,4.3,Small Firm (2-10),ACTIVE
CA-000154,The Cook Counsel,Anaheim,Orange,CA,Litigation; Civil Litigation; Trial Law,2014,15,(415) 555-1154,https://thecookcounsel.com,California Secretary of State + State Bar Aggregation,7.9,4.4,Boutique,ACTIVE
CA-000155,"Cooper, Green & Davis",Anaheim,Orange,CA,Employment Law; HR Compliance,2015,8,(805) 555-1155,https://coopergreenanddavis.com,California Secretary of State + State Bar Aggregation,8.0,4.5,Small Firm (2-10),ACTIVE
CA-000156,Smith-Campbell Partners,Anaheim,Orange,CA,Real Estate; Property Law,2016,67,(760) 555-1156,https://smithcampbellpartners.com,California Secretary of State + State Bar Aggregation,8.1,4.6,Large (50-200),ACTIVE
CA-000157,Jones & Morris Attorneys,Anaheim,Orange,CA,Family Law; Divorce; Custody,2017,1,(858) 555-1157,https://jonesandmorrisattorneys.com,California Secretary of State + State Bar Aggregation,8.2,4.7,Solo Practice,ACTIVE
CA-000158,Rodriguez Associates,Anaheim,Orange,CA,Criminal Law; White Collar Crime,2018,35,(714) 555-1158,https://rodriguezassociates.com,California Secretary of State + State Bar Aggregation,8.3,4.8,Mid-Size (11-50),ACTIVE
CA-000159,The Gonzalez LLC,Anaheim,Orange,CA,Immigration Law; Visa Matters,2019,9,(213) 555-1159,https://thegonzalezllc.com,California Secretary of State + State Bar Aggregation,8.4,4.9,Boutique,ACTIVE
CA-000160,"Anderson, Rodriguez & Smith",Anaheim,Orange,CA,Bankruptcy; Debt Relief,2020,9,(818) 555-1160,https://andersonrodriguezandsmith.com,California Secretary of State + State Bar Aggregation,8.5,4.0,Small Firm (2-10),ACTIVE
CA-000161,White-Chen Law Group,Anaheim,Orange,CA,Environmental Law; Compliance,2021,186,(559) 555-1161,https://whitechenlawgroup.com,California Secretary of State + State Bar Aggregation,8.6,4.1,Large (50-200),ACTIVE
CA-000162,Young & White LLP,Anaheim,Orange,CA,Estate Planning; Probate,2022,1,(510) 555-1162,https://youngandwhitellp.com,California Secretary of State + State Bar Aggregation,8.7,4.2,Solo Practice,ACTIVE
CA-000163,Carter Legal,Anaheim,Orange,CA,Securities Law; Compliance; Enforcement,2023,27,(650) 555-1163,https://carterlegal.com,California Secretary of State + State Bar Aggregation,8.8,4.3,Mid-Size (11-50),ACTIVE
CA-000164,The Parker Counsel,Anaheim,Orange,CA,Entertainment Law; Media & Broadcasting,2024,11,(909) 555-1164,https://theparkercounsel.com,California Secretary of State + State Bar Aggregation,8.9,4.4,Boutique,ACTIVE
CA-000165,"Reeves, Murphy & Rogers",Anaheim,Orange,CA,Healthcare Law; Medical Malpractice,1970,2,(619) 555-1165,https://reevesmurphyandrogers.com,California Secretary of State + State Bar Aggregation,9.0,4.5,Small Firm (2-10),ACTIVE
CA-000166,Rogers-Reed Partners,Anaheim,Orange,CA,Personal Injury; Wrongful Death,1971,80,(949) 555-1166,https://rogersreedpartners.com,California Secretary of State + State Bar Aggregation,9.1,4.6,Large (50-200),ACTIVE
CA-000167,Reed & Brown Attorneys,Anaheim,Orange,CA,Corporate Law; Business Formation,1972,1,(562) 555-1167,https://reedandbrownattorneys.com,California Secretary of State + State Bar Aggregation,9.2,4.7,Solo Practice,ACTIVE
CA-000168,Edwards-Peterson Attorneys,Irvine,Orange,CA,Environmental Law; Compliance,1973,188,(559) 555-1168,https://edwardspetersonattorneys.com,California Secretary of State + State Bar Aggregation,9.3,4.8,Large (50-200),ACTIVE
CA-000169,Murphy & Johnson Legal,Irvine,Orange,CA,Estate Planning; Probate,1974,1,(510) 555-1169,https://murphyandjohnsonlegal.com,California Secretary of State + State Bar Aggregation,9.4,4.9,Solo Practice,ACTIVE
CA-000170,Peterson Counsel,Irvine,Orange,CA,Securities Law; Compliance; Enforcement,1975,28,(650) 555-1170,https://petersoncounsel.com,California Secretary of State + State Bar Aggregation,9.5,4.0,Mid-Size (11-50),ACTIVE
CA-000171,The Howard PLLC,Irvine,Orange,CA,Entertainment Law; Media & Broadcasting,1976,15,(909) 555-1171,https://thehowardpllc.com,California Secretary of State + State Bar Aggregation,9.6,4.1,Boutique,ACTIVE
CA-000172,"Brown, Jackson & Collins",Irvine,Orange,CA,Healthcare Law; Medical Malpractice,1977,7,(619) 555-1172,https://brownjacksonandcollins.com,California Secretary of State + State Bar Aggregation,9.7,4.2,Small Firm (2-10),ACTIVE
CA-000173,Davis-Green LLP,Irvine,Orange,CA,Personal Injury; Wrongful Death,1978,79,(949) 555-1173,https://davisgreenllp.com,California Secretary of State + State Bar Aggregation,9.8,4.3,Large (50-200),ACTIVE
CA-000174,Lopez & Campbell Associates,Irvine,Orange,CA,Corporate Law; Business Formation,1979,1,(562) 555-1174,https://lopezandcampbellassociates.com,California Secretary of State + State Bar Aggregation,9.9,4.4,Solo Practice,ACTIVE
CA-000175,Kim LLC,Irvine,Orange,CA,Intellectual Property; Patent Law,1980,29,(323) 555-1175,https://kimllc.com,California Secretary of State + State Bar Aggregation,7.5,4.5,Mid-Size (11-50),ACTIVE
CA-000176,The Jackson Law Firm,Irvine,Orange,CA,Litigation; Civil Litigation; Trial Law,1981,9,(661) 555-1176,https://thejacksonlawfirm.com,California Secretary of State + State Bar Aggregation,7.6,4.6,Boutique,ACTIVE
CA-000177,"Moore, Williams & Carter",Irvine,Orange,CA,Employment Law; HR Compliance,1982,4,(831) 555-1177,https://moorewilliamsandcarter.com,California Secretary of State + State Bar Aggregation,7.7,4.7,Small Firm (2-10),ACTIVE
CA-000178,Nelson-Rodriguez Attorneys,Irvine,Orange,CA,Real Estate; Property Law,1983,167,(415) 555-1178,https://nelsonrodriguezattorneys.com,California Secretary of State + State Bar Aggregation,7.8,4.8,Large (50-200),ACTIVE
CA-000179,Campbell & Chen Legal,Irvine,Orange,CA,Family Law; Divorce; Custody,1984,1,(805) 555-1179,https://campbellandchenlegal.com,California Secretary of State + State Bar Aggregation,7.9,4.9,Solo Practice,ACTIVE
CA-000180,Collins Counsel,Irvine,Orange,CA,Criminal Law; White Collar Crime,1985,11,(760) 555-1180,https://collinscounsel.com,California Secretary of State + State Bar Aggregation,8.0,4.0,Mid-Size (11-50),ACTIVE
CA-000181,The Cook PLLC,Irvine,Orange,CA,Immigration Law; Visa Matters,1986,14,(858) 555-1181,https://thecookpllc.com,California Secretary of State + State Bar Aggregation,8.1,4.1,Boutique,ACTIVE
CA-000182,Roberts Law Firm,Santa Ana,Orange,CA,Intellectual Property; Patent Law,1987,27,(323) 555-1182,https://robertslawfirm.com,California Secretary of State + State Bar Aggregation,8.2,4.2,Mid-Size (11-50),ACTIVE
CA-000183,The Evans Partners,Santa Ana,Orange,CA,Litigation; Civil Litigation; Trial Law,1988,11,(661) 555-1183,https://theevanspartners.com,California Secretary of State + State Bar Aggregation,8.3,4.3,Boutique,ACTIVE
CA-000184,"Morris, Phillips & Moore",Santa Ana,Orange,CA,Employment Law; HR Compliance,1989,4,(831) 555-1184,https://morrisphillipsandmoore.com,California Secretary of State + State Bar Aggregation,8.4,4.4,Small Firm (2-10),ACTIVE
CA-000185,Morgan-Reeves Associates,Santa Ana,Orange,CA,Real Estate; Property Law,1990,180,(415) 555-1185,https://morganreevesassociates.com,California Secretary of State + State Bar Aggregation,8.5,4.5,Large (50-200),ACTIVE
CA-000186,Bell & Peterson Counsel,Santa Ana,Orange,CA,Family Law; Divorce; Custody,1991,1,(805) 555-1186,https://bellandpetersoncounsel.com,California Secretary of State + State Bar Aggregation,8.6,4.6,Solo Practice,ACTIVE
CA-000187,Williams PLLC,Santa Ana,Orange,CA,Criminal Law; White Collar Crime,1992,17,(760) 555-1187,https://williamspllc.com,California Secretary of State + State Bar Aggregation,8.7,4.7,Mid-Size (11-50),ACTIVE
CA-000188,The Miller Law Group,Santa Ana,Orange,CA,Immigration Law; Visa Matters,1993,13,(858) 555-1188,https://themillerlawgroup.com,California Secretary of State + State Bar Aggregation,8.8,4.8,Boutique,ACTIVE
CA-000189,"Hernandez, Lee & Anderson",Santa Ana,Orange,CA,Bankruptcy; Debt Relief,1994,6,(714) 555-1189,https://hernandezleeandanderson.com,California Secretary of State + State Bar Aggregation,8.9,4.9,Small Firm (2-10),ACTIVE
CA-000190,Chen-Jackson Legal,Santa Ana,Orange,CA,Environmental Law; Compliance,1995,180,(213) 555-1190,https://chenjacksonlegal.com,California Secretary of State + State Bar Aggregation,9.0,4.0,Large (50-200),ACTIVE
CA-000191,Thomas & Green LLC,Santa Ana,Orange,CA,Estate Planning; Probate,1996,1,(818) 555-1191,https://thomasandgreenllc.com,California Secretary of State + State Bar Aggregation,9.1,4.1,Solo Practice,ACTIVE
CA-000192,Martin Law Firm,Santa Ana,Orange,CA,Securities Law; Compliance; Enforcement,1997,49,(559) 555-1192,https://martinlawfirm.com,California Secretary of State + State Bar Aggregation,9.2,4.2,Mid-Size (11-50),ACTIVE
CA-000193,The Adams Partners,Santa Ana,Orange,CA,Entertainment Law; Media & Broadcasting,1998,6,(510) 555-1193,https://theadamspartners.com,California Secretary of State + State Bar Aggregation,9.3,4.3,Boutique,ACTIVE
CA-000194,"Phillips, Cooper & Martinez",Santa Ana,Orange,CA,Healthcare Law; Medical Malpractice,1999,4,(650) 555-1194,https://phillipscooperandmartinez.com,California Secretary of State + State Bar Aggregation,9.4,4.4,Small Firm (2-10),ACTIVE
CA-000195,Edwards-Williams Associates,Santa Ana,Orange,CA,Personal Injury; Wrongful Death,2000,146,(909) 555-1195,https://edwardswilliamsassociates.com,California Secretary of State + State Bar Aggregation,9.5,4.5,Large (50-200),ACTIVE
CA-000196,"Young, Morgan & Lopez",Chula Vista,San Diego,CA,Bankruptcy; Debt Relief,2001,4,(714) 555-1196,https://youngmorganandlopez.com,California Secretary of State + State Bar Aggregation,9.6,4.6,Small Firm (2-10),ACTIVE
CA-000197,Carter-Smith Counsel,Chula Vista,San Diego,CA,Environmental Law; Compliance,2002,189,(213) 555-1197,https://cartersmithcounsel.com,California Secretary of State + State Bar Aggregation,9.7,4.7,Large (50-200),ACTIVE
CA-000198,Parker & Miller Law Firm,Chula Vista,San Diego,CA,Estate Planning; Probate,2003,1,(818) 555-1198,https://parkerandmillerlawfirm.com,California Secretary of State + State Bar Aggregation,9.8,4.8,Solo Practice,ACTIVE
CA-000199,Reeves Partners,Chula Vista,San Diego,CA,Securities Law; Compliance; Enforcement,2004,44,(559) 555-1199,https://reevespartners.com,California Secretary of State + State Bar Aggregation,9.9,4.9,Mid-Size (11-50),ACTIVE
CA-000200,The Rogers LLP,Chula Vista,San Diego,CA,Entertainment Law; Media & Broadcasting,2005,3,(510) 555-1200,https://therogersllp.com,California Secretary of State + State Bar Aggregation,7.5,4.0,Boutique,ACTIVE
CA-000201,"Reed, Young & Jones",Chula Vista,San Diego,CA,Healthcare Law; Medical Malpractice,2006,7,(650) 555-1201,https://reedyoungandjones.com,California Secretary of State + State Bar Aggregation,7.6,4.1,Small Firm (2-10),ACTIVE
CA-000202,Johnson-Phillips LLC,Chula Vista,San Diego,CA,Personal Injury; Wrongful Death,2007,176,(909) 555-1202,https://johnsonphillipsllc.com,California Secretary of State + State Bar Aggregation,7.7,4.2,Large (50-200),ACTIVE
CA-000203,Garcia & Reeves PLLC,Chula Vista,San Diego,CA,Corporate Law; Business Formation,2008,1,(619) 555-1203,https://garciaandreevespllc.com,California Secretary of State + State Bar Aggregation,7.8,4.3,Solo Practice,ACTIVE
CA-000204,Martinez Law Group,Chula Vista,San Diego,CA,Intellectual Property; Patent Law,2009,12,(949) 555-1204,https://martinezlawgroup.com,California Secretary of State + State Bar Aggregation,7.9,4.4,Mid-Size (11-50),ACTIVE
CA-000205,The Lee Attorneys,Chula Vista,San Diego,CA,Litigation; Civil Litigation; Trial Law,2010,4,(562) 555-1205,https://theleeattorneys.com,California Secretary of State + State Bar Aggregation,8.0,4.5,Boutique,ACTIVE
CA-000206,"Taylor, Davis & Reed",Chula Vista,San Diego,CA,Employment Law; HR Compliance,2011,7,(323) 555-1206,https://taylordavisandreed.com,California Secretary of State + State Bar Aggregation,8.1,4.6,Small Firm (2-10),ACTIVE
CA-000207,Harris-Lee Counsel,Chula Vista,San Diego,CA,Real Estate; Property Law,2012,129,(661) 555-1207,https://harrisleecounsel.com,California Secretary of State + State Bar Aggregation,8.2,4.7,Large (50-200),ACTIVE
CA-000208,Green & Jackson Law Firm,Chula Vista,San Diego,CA,Family Law; Divorce; Custody,2013,1,(831) 555-1208,https://greenandjacksonlawfirm.com,California Secretary of State + State Bar Aggregation,8.3,4.8,Solo Practice,ACTIVE
CA-000209,Roberts Partners,Chula Vista,San Diego,CA,Criminal Law; White Collar Crime,2014,26,(415) 555-1209,https://robertspartners.com,California Secretary of State + State Bar Aggregation,8.4,4.9,Mid-Size (11-50),ACTIVE
CA-000210,Jackson & Taylor Law Group,Playa Vista,Los Angeles,CA,Corporate Law; Business Formation,2015,1,(619) 555-1210,https://jacksonandtaylorlawgroup.com,California Secretary of State + State Bar Aggregation,8.5,4.0,Solo Practice,ACTIVE
CA-000211,Moore Attorneys,Playa Vista,Los Angeles,CA,Intellectual Property; Patent Law,2016,14,(949) 555-1211,https://mooreattorneys.com,California Secretary of State + State Bar Aggregation,8.6,4.1,Mid-Size (11-50),ACTIVE
CA-000212,The Nelson Associates,Playa Vista,Los Angeles,CA,Litigation; Civil Litigation; Trial Law,2017,6,(562) 555-1212,https://thenelsonassociates.com,California Secretary of State + State Bar Aggregation,8.7,4.2,Boutique,ACTIVE
CA-000213,"Campbell, Collins & Cook",Playa Vista,Los Angeles,CA,Employment Law; HR Compliance,2018,3,(323) 555-1213,https://campbellcollinsandcook.com,California Secretary of State + State Bar Aggregation,8.8,4.3,Small Firm (2-10),ACTIVE
CA-000214,Collins-Morgan PLLC,Playa Vista,Los Angeles,CA,Real Estate; Property Law,2019,72,(661) 555-1214,https://collinsmorganpllc.com,California Secretary of State + State Bar Aggregation,8.9,4.4,Large (50-200),ACTIVE
CA-000215,Cook & Smith Partners,Playa Vista,Los Angeles,CA,Family Law; Divorce; Custody,2020,1,(831) 555-1215,https://cookandsmithpartners.com,California Secretary of State + State Bar Aggregation,9.0,4.5,Solo Practice,ACTIVE
CA-000216,Cooper LLP,Playa Vista,Los Angeles,CA,Criminal Law; White Collar Crime,2021,42,(415) 555-1216,https://cooperllp.com,California Secretary of State + State Bar Aggregation,9.1,4.6,Mid-Size (11-50),ACTIVE
CA-000217,The Smith Legal,Playa Vista,Los Angeles,CA,Immigration Law; Visa Matters,2022,4,(805) 555-1217,https://thesmithlegal.com,California Secretary of State + State Bar Aggregation,9.2,4.7,Boutique,ACTIVE
CA-000218,"Jones, Thomas & Parker",Playa Vista,Los Angeles,CA,Bankruptcy; Debt Relief,2023,10,(760) 555-1218,https://jonesthomasandparker.com,California Secretary of State + State Bar Aggregation,9.3,4.8,Small Firm (2-10),ACTIVE
CA-000219,Rodriguez-Young Law Firm,Playa Vista,Los Angeles,CA,Environmental Law; Compliance,2024,83,(858) 555-1219,https://rodriguezyounglawfirm.com,California Secretary of State + State Bar Aggregation,9.4,4.9,Large (50-200),ACTIVE
CA-000220,Gonzalez & Phillips Law Group,Playa Vista,Los Angeles,CA,Estate Planning; Probate,1970,1,(714) 555-1220,https://gonzalezandphillipslawgroup.com,California Secretary of State + State Bar Aggregation,9.5,4.0,Solo Practice,ACTIVE
CA-000221,Anderson Attorneys,Playa Vista,Los Angeles,CA,Securities Law; Compliance; Enforcement,1971,19,(213) 555-1221,https://andersonattorneys.com,California Secretary of State + State Bar Aggregation,9.6,4.1,Mid-Size (11-50),ACTIVE
CA-000222,The White Associates,Playa Vista,Los Angeles,CA,Entertainment Law; Media & Broadcasting,1972,13,(818) 555-1222,https://thewhiteassociates.com,California Secretary of State + State Bar Aggregation,9.7,4.2,Boutique,ACTIVE
CA-000223,"Young, Johnson & Green",Playa Vista,Los Angeles,CA,Healthcare Law; Medical Malpractice,1973,9,(559) 555-1223,https://youngjohnsonandgreen.com,California Secretary of State + State Bar Aggregation,9.8,4.3,Small Firm (2-10),ACTIVE
CA-000224,The Chen Counsel,Palo Alto,Santa Clara,CA,Immigration Law; Visa Matters,1974,11,(805) 555-1224,https://thechencounsel.com,California Secretary of State + State Bar Aggregation,9.9,4.4,Boutique,ACTIVE
CA-000225,"Thomas, Howard & Nelson",Palo Alto,Santa Clara,CA,Bankruptcy; Debt Relief,1975,4,(760) 555-1225,https://thomashowardandnelson.com,California Secretary of State + State Bar Aggregation,7.5,4.5,Small Firm (2-10),ACTIVE
CA-000226,Martin-Garcia Partners,Palo Alto,Santa Clara,CA,Environmental Law; Compliance,1976,118,(858) 555-1226,https://martingarciapartners.com,California Secretary of State + State Bar Aggregation,7.6,4.6,Large (50-200),ACTIVE
CA-000227,Adams & Lopez Attorneys,Palo Alto,Santa Clara,CA,Estate Planning; Probate,1977,1,(714) 555-1227,https://adamsandlopezattorneys.com,California Secretary of State + State Bar Aggregation,7.7,4.7,Solo Practice,ACTIVE
CA-000228,Phillips Associates,Palo Alto,Santa Clara,CA,Securities Law; Compliance; Enforcement,1978,44,(213) 555-1228,https://phillipsassociates.com,California Secretary of State + State Bar Aggregation,7.8,4.8,Mid-Size (11-50),ACTIVE
CA-000229,The Edwards LLC,Palo Alto,Santa Clara,CA,Entertainment Law; Media & Broadcasting,1979,12,(818) 555-1229,https://theedwardsllc.com,California Secretary of State + State Bar Aggregation,7.9,4.9,Boutique,ACTIVE
CA-000230,"Murphy, Roberts & White",Palo Alto,Santa Clara,CA,Healthcare Law; Medical Malpractice,1980,8,(559) 555-1230,https://murphyrobertsandwhite.com,California Secretary of State + State Bar Aggregation,8.0,4.0,Small Firm (2-10),ACTIVE
CA-000231,Peterson-Collins Law Group,Palo Alto,Santa Clara,CA,Personal Injury; Wrongful Death,1981,105,(510) 555-1231,https://petersoncollinslawgroup.com,California Secretary of State + State Bar Aggregation,8.1,4.1,Large (50-200),ACTIVE
CA-000232,Howard & Morgan LLP,Palo Alto,Santa Clara,CA,Corporate Law; Business Formation,1982,1,(650) 555-1232,https://howardandmorganllp.com,California Secretary of State + State Bar Aggregation,8.2,4.2,Solo Practice,ACTIVE
CA-000233,Brown Legal,Palo Alto,Santa Clara,CA,Intellectual Property; Patent Law,1983,45,(909) 555-1233,https://brownlegal.com,California Secretary of State + State Bar Aggregation,8.3,4.3,Mid-Size (11-50),ACTIVE
CA-000234,The Davis Counsel,Palo Alto,Santa Clara,CA,Litigation; Civil Litigation; Trial Law,1984,15,(619) 555-1234,https://thedaviscounsel.com,California Secretary of State + State Bar Aggregation,8.4,4.4,Boutique,ACTIVE
CA-000235,"Lopez, Gonzalez & Lee",Palo Alto,Santa Clara,CA,Employment Law; HR Compliance,1985,5,(949) 555-1235,https://lopezgonzalezandlee.com,California Secretary of State + State Bar Aggregation,8.5,4.5,Small Firm (2-10),ACTIVE
CA-000236,Kim-Thomas Partners,Palo Alto,Santa Clara,CA,Real Estate; Property Law,1986,130,(562) 555-1236,https://kimthomaspartners.com,California Secretary of State + State Bar Aggregation,8.6,4.6,Large (50-200),ACTIVE
CA-000237,Jackson & Young Attorneys,Palo Alto,Santa Clara,CA,Family Law; Divorce; Custody,1987,1,(323) 555-1237,https://jacksonandyoungattorneys.com,California Secretary of State + State Bar Aggregation,8.7,4.7,Solo Practice,ACTIVE
CA-000238,Martinez-Anderson Attorneys,Mountain View,Santa Clara,CA,Personal Injury; Wrongful Death,1988,153,(510) 555-1238,https://martinezandersonattorneys.com,California Secretary of State + State Bar Aggregation,8.8,4.8,Large (50-200),ACTIVE
CA-000239,Lee & Martin Legal,Mountain View,Santa Clara,CA,Corporate Law; Business Formation,1989,1,(650) 555-1239,https://leeandmartinlegal.com,California Secretary of State + State Bar Aggregation,8.9,4.9,Solo Practice,ACTIVE
CA-000240,Taylor Counsel,Mountain View,Santa Clara,CA,Intellectual Property; Patent Law,1990,34,(909) 555-1240,https://taylorcounsel.com,California Secretary of State + State Bar Aggregation,9.0,4.0,Mid-Size (11-50),ACTIVE
CA-000241,The Harris PLLC,Mountain View,Santa Clara,CA,Litigation; Civil Litigation; Trial Law,1991,10,(619) 555-1241,https://theharrispllc.com,California Secretary of State + State Bar Aggregation,9.1,4.1,Boutique,ACTIVE
CA-000242,"Green, Rogers & Rodriguez",Mountain View,Santa Clara,CA,Employment Law; HR Compliance,1992,10,(949) 555-1242,https://greenrogersandrodriguez.com,California Secretary of State + State Bar Aggregation,9.2,4.2,Small Firm (2-10),ACTIVE
CA-000243,Roberts-Howard LLP,Mountain View,Santa Clara,CA,Real Estate; Property Law,1993,166,(562) 555-1243,https://robertshowardllp.com,California Secretary of State + State Bar Aggregation,9.3,4.3,Large (50-200),ACTIVE
CA-000244,Evans & Garcia Associates,Mountain View,Santa Clara,CA,Family Law; Divorce; Custody,1994,1,(323) 555-1244,https://evansandgarciaassociates.com,California Secretary of State + State Bar Aggregation,9.4,4.4,Solo Practice,ACTIVE
CA-000245,Morris LLC,Mountain View,Santa Clara,CA,Criminal Law; White Collar Crime,1995,18,(661) 555-1245,https://morrisllc.com,California Secretary of State + State Bar Aggregation,9.5,4.5,Mid-Size (11-50),ACTIVE
CA-000246,The Morgan Law Firm,Mountain View,Santa Clara,CA,Immigration Law; Visa Matters,1996,6,(831) 555-1246,https://themorganlawfirm.com,California Secretary of State + State Bar Aggregation,9.6,4.6,Boutique,ACTIVE
CA-000247,"Bell, Moore & Johnson",Mountain View,Santa Clara,CA,Bankruptcy; Debt Relief,1997,5,(415) 555-1247,https://bellmooreandjohnson.com,California Secretary of State + State Bar Aggregation,9.7,4.7,Small Firm (2-10),ACTIVE
CA-000248,Williams-Roberts Attorneys,Mountain View,Santa Clara,CA,Environmental Law; Compliance,1998,67,(805) 555-1248,https://williamsrobertsattorneys.com,California Secretary of State + State Bar Aggregation,9.8,4.8,Large (50-200),ACTIVE
CA-000249,Miller & Collins Legal,Mountain View,Santa Clara,CA,Estate Planning; Probate,1999,1,(760) 555-1249,https://millerandcollinslegal.com,California Secretary of State + State Bar Aggregation,9.9,4.9,Solo Practice,ACTIVE
CA-000250,Hernandez Counsel,Mountain View,Santa Clara,CA,Securities Law; Compliance; Enforcement,2000,32,(858) 555-1250,https://hernandezcounsel.com,California Secretary of State + State Bar Aggregation,7.5,4.0,Mid-Size (11-50),ACTIVE
CA-000251,The Chen PLLC,Mountain View,Santa Clara,CA,Entertainment Law; Media & Broadcasting,2001,3,(714) 555-1251,https://thechenpllc.com,California Secretary of State + State Bar Aggregation,7.6,4.1,Boutique,ACTIVE
CA-000252,Jones Law Firm,Pasadena,Los Angeles,CA,Criminal Law; White Collar Crime,2002,48,(661) 555-1252,https://joneslawfirm.com,California Secretary of State + State Bar Aggregation,7.7,4.2,Mid-Size (11-50),ACTIVE
CA-000253,The Rodriguez Partners,Pasadena,Los Angeles,CA,Immigration Law; Visa Matters,2003,11,(831) 555-1253,https://therodriguezpartners.com,California Secretary of State + State Bar Aggregation,7.8,4.3,Boutique,ACTIVE
CA-000254,"Gonzalez, Jones & Cooper",Pasadena,Los Angeles,CA,Bankruptcy; Debt Relief,2004,5,(415) 555-1254,https://gonzalezjonesandcooper.com,California Secretary of State + State Bar Aggregation,7.9,4.4,Small Firm (2-10),ACTIVE
CA-000255,Anderson-Hernandez Associates,Pasadena,Los Angeles,CA,Environmental Law; Compliance,2005,107,(805) 555-1255,https://andersonhernandezassociates.com,California Secretary of State + State Bar Aggregation,8.0,4.5,Large (50-200),ACTIVE
CA-000256,White & Anderson Counsel,Pasadena,Los Angeles,CA,Estate Planning; Probate,2006,1,(760) 555-1256,https://whiteandandersoncounsel.com,California Secretary of State + State Bar Aggregation,8.1,4.6,Solo Practice,ACTIVE
CA-000257,Young PLLC,Pasadena,Los Angeles,CA,Securities Law; Compliance; Enforcement,2007,11,(858) 555-1257,https://youngpllc.com,California Secretary of State + State Bar Aggregation,8.2,4.7,Mid-Size (11-50),ACTIVE
CA-000258,The Carter Law Group,Pasadena,Los Angeles,CA,Entertainment Law; Media & Broadcasting,2008,4,(714) 555-1258,https://thecarterlawgroup.com,California Secretary of State + State Bar Aggregation,8.3,4.8,Boutique,ACTIVE
CA-000259,"Parker, Edwards & Reeves",Pasadena,Los Angeles,CA,Healthcare Law; Medical Malpractice,2009,2,(213) 555-1259,https://parkeredwardsandreeves.com,California Secretary of State + State Bar Aggregation,8.4,4.9,Small Firm (2-10),ACTIVE
CA-000260,Reeves-Rogers Legal,Pasadena,Los Angeles,CA,Personal Injury; Wrongful Death,2010,109,(818) 555-1260,https://reevesrogerslegal.com,California Secretary of State + State Bar Aggregation,8.5,4.0,Large (50-200),ACTIVE
CA-000261,Rogers & Howard LLC,Pasadena,Los Angeles,CA,Corporate Law; Business Formation,2011,1,(559) 555-1261,https://rogersandhowardllc.com,California Secretary of State + State Bar Aggregation,8.6,4.1,Solo Practice,ACTIVE
CA-000262,Reed Law Firm,Pasadena,Los Angeles,CA,Intellectual Property; Patent Law,2012,15,(510) 555-1262,https://reedlawfirm.com,California Secretary of State + State Bar Aggregation,8.7,4.2,Mid-Size (11-50),ACTIVE
CA-000263,The Johnson Partners,Pasadena,Los Angeles,CA,Litigation; Civil Litigation; Trial Law,2013,3,(650) 555-1263,https://thejohnsonpartners.com,California Secretary of State + State Bar Aggregation,8.8,4.3,Boutique,ACTIVE
CA-000264,"Garcia, Taylor & Roberts",Pasadena,Los Angeles,CA,Employment Law; HR Compliance,2014,7,(909) 555-1264,https://garciataylorandroberts.com,California Secretary of State + State Bar Aggregation,8.9,4.4,Small Firm (2-10),ACTIVE
CA-000265,Martinez-Moore Associates,Pasadena,Los Angeles,CA,Real Estate; Property Law,2015,69,(619) 555-1265,https://martinezmooreassociates.com,California Secretary of State + State Bar Aggregation,9.0,4.5,Large (50-200),ACTIVE
CA-000266,"Howard, Kim & Campbell",Torrance,Los Angeles,CA,Healthcare Law; Medical Malpractice,2016,10,(213) 555-1266,https://howardkimandcampbell.com,California Secretary of State + State Bar Aggregation,9.1,4.6,Small Firm (2-10),ACTIVE
CA-000267,Brown-Harris Counsel,Torrance,Los Angeles,CA,Personal Injury; Wrongful Death,2017,111,(818) 555-1267,https://brownharriscounsel.com,California Secretary of State + State Bar Aggregation,9.2,4.7,Large (50-200),ACTIVE
CA-000268,Davis & Nelson Law Firm,Torrance,Los Angeles,CA,Corporate Law; Business Formation,2018,1,(559) 555-1268,https://davisandnelsonlawfirm.com,California Secretary of State + State Bar Aggregation,9.3,4.8,Solo Practice,ACTIVE
CA-000269,Lopez Partners,Torrance,Los Angeles,CA,Intellectual Property; Patent Law,2019,28,(510) 555-1269,https://lopezpartners.com,California Secretary of State + State Bar Aggregation,9.4,4.9,Mid-Size (11-50),ACTIVE
CA-000270,The Kim LLP,Torrance,Los Angeles,CA,Litigation; Civil Litigation; Trial Law,2020,13,(650) 555-1270,https://thekimllp.com,California Secretary of State + State Bar Aggregation,9.5,4.0,Boutique,ACTIVE
CA-000271,"Jackson, Bell & Young",Torrance,Los Angeles,CA,Employment Law; HR Compliance,2021,9,(909) 555-1271,https://jacksonbellandyoung.com,California Secretary of State + State Bar Aggregation,9.6,4.1,Small Firm (2-10),ACTIVE
CA-000272,Moore-Jones LLC,Torrance,Los Angeles,CA,Real Estate; Property Law,2022,105,(619) 555-1272,https://moorejonesllc.com,California Secretary of State + State Bar Aggregation,9.7,4.2,Large (50-200),ACTIVE
CA-000273,Nelson & Hernandez PLLC,Torrance,Los Angeles,CA,Family Law; Divorce; Custody,2023,1,(949) 555-1273,https://nelsonandhernandezpllc.com,California Secretary of State + State Bar Aggregation,9.8,4.3,Solo Practice,ACTIVE
CA-000274,Campbell Law Group,Torrance,Los Angeles,CA,Criminal Law; White Collar Crime,2024,45,(562) 555-1274,https://campbelllawgroup.com,California Secretary of State + State Bar Aggregation,9.9,4.4,Mid-Size (11-50),ACTIVE
CA-000275,The Collins Attorneys,Torrance,Los Angeles,CA,Immigration Law; Visa Matters,1970,5,(323) 555-1275,https://thecollinsattorneys.com,California Secretary of State + State Bar Aggregation,7.5,4.5,Boutique,ACTIVE
CA-000276,"Cook, Carter & Taylor",Torrance,Los Angeles,CA,Bankruptcy; Debt Relief,1971,9,(661) 555-1276,https://cookcarterandtaylor.com,California Secretary of State + State Bar Aggregation,7.6,4.6,Small Firm (2-10),ACTIVE
CA-000277,Cooper-Edwards Counsel,Torrance,Los Angeles,CA,Environmental Law; Compliance,1972,113,(831) 555-1277,https://cooperedwardscounsel.com,California Secretary of State + State Bar Aggregation,7.7,4.7,Large (50-200),ACTIVE
CA-000278,Smith & Rogers Law Firm,Torrance,Los Angeles,CA,Estate Planning; Probate,1973,1,(415) 555-1278,https://smithandrogerslawfirm.com,California Secretary of State + State Bar Aggregation,7.8,4.8,Solo Practice,ACTIVE
CA-000279,Jones Partners,Torrance,Los Angeles,CA,Securities Law; Compliance; Enforcement,1974,41,(805) 555-1279,https://jonespartners.com,California Secretary of State + State Bar Aggregation,7.9,4.9,Mid-Size (11-50),ACTIVE
CA-000280,Morgan & Murphy Law Group,Ventura,Ventura,CA,Family Law; Divorce; Custody,1975,1,(949) 555-1280,https://morganandmurphylawgroup.com,California Secretary of State + State Bar Aggregation,8.0,4.0,Solo Practice,ACTIVE
CA-000281,Bell Attorneys,Ventura,Ventura,CA,Criminal Law; White Collar Crime,1976,37,(562) 555-1281,https://bellattorneys.com,California Secretary of State + State Bar Aggregation,8.1,4.1,Mid-Size (11-50),ACTIVE
CA-000282,The Williams Associates,Ventura,Ventura,CA,Immigration Law; Visa Matters,1977,6,(323) 555-1282,https://thewilliamsassociates.com,California Secretary of State + State Bar Aggregation,8.2,4.2,Boutique,ACTIVE
CA-000283,"Miller, Martinez & Gonzalez",Ventura,Ventura,CA,Bankruptcy; Debt Relief,1978,3,(661) 555-1283,https://millermartinezandgonzalez.com,California Secretary of State + State Bar Aggregation,8.3,4.3,Small Firm (2-10),ACTIVE
CA-000284,Hernandez-Kim PLLC,Ventura,Ventura,CA,Environmental Law; Compliance,1979,75,(831) 555-1284,https://hernandezkimpllc.com,California Secretary of State + State Bar Aggregation,8.4,4.4,Large (50-200),ACTIVE
CA-000285,Chen & Harris Partners,Ventura,Ventura,CA,Estate Planning; Probate,1980,1,(415) 555-1285,https://chenandharrispartners.com,California Secretary of State + State Bar Aggregation,8.5,4.5,Solo Practice,ACTIVE
CA-000286,Thomas LLP,Ventura,Ventura,CA,Securities Law; Compliance; Enforcement,1981,38,(805) 555-1286,https://thomasllp.com,California Secretary of State + State Bar Aggregation,8.6,4.6,Mid-Size (11-50),ACTIVE
CA-000287,The Martin Legal,Ventura,Ventura,CA,Entertainment Law; Media & Broadcasting,1982,8,(760) 555-1287,https://themartinlegal.com,California Secretary of State + State Bar Aggregation,8.7,4.7,Boutique,ACTIVE
CA-000288,"Adams, Cook & Garcia",Ventura,Ventura,CA,Healthcare Law; Medical Malpractice,1983,8,(858) 555-1288,https://adamscookandgarcia.com,California Secretary of State + State Bar Aggregation,8.8,4.8,Small Firm (2-10),ACTIVE
CA-000289,Phillips-Bell Law Firm,Ventura,Ventura,CA,Personal Injury; Wrongful Death,1984,156,(714) 555-1289,https://phillipsbelllawfirm.com,California Secretary of State + State Bar Aggregation,8.9,4.9,Large (50-200),ACTIVE
CA-000290,Edwards & Jones Law Group,Ventura,Ventura,CA,Corporate Law; Business Formation,1985,1,(213) 555-1290,https://edwardsandjoneslawgroup.com,California Secretary of State + State Bar Aggregation,9.0,4.0,Solo Practice,ACTIVE
CA-000291,Murphy Attorneys,Ventura,Ventura,CA,Intellectual Property; Patent Law,1986,40,(818) 555-1291,https://murphyattorneys.com,California Secretary of State + State Bar Aggregation,9.1,4.1,Mid-Size (11-50),ACTIVE
CA-000292,The Peterson Associates,Ventura,Ventura,CA,Litigation; Civil Litigation; Trial Law,1987,14,(559) 555-1292,https://thepetersonassociates.com,California Secretary of State + State Bar Aggregation,9.2,4.2,Boutique,ACTIVE
CA-000293,"Howard, Martin & Bell",Ventura,Ventura,CA,Employment Law; HR Compliance,1988,2,(510) 555-1293,https://howardmartinandbell.com,California Secretary of State + State Bar Aggregation,9.3,4.3,Small Firm (2-10),ACTIVE
CA-000294,The Reeves Counsel,Sunnyvale,Santa Clara,CA,Entertainment Law; Media & Broadcasting,1989,13,(760) 555-1294,https://thereevescounsel.com,California Secretary of State + State Bar Aggregation,9.4,4.4,Boutique,ACTIVE
CA-000295,"Rogers, White & Smith",Sunnyvale,Santa Clara,CA,Healthcare Law; Medical Malpractice,1990,3,(858) 555-1295,https://rogerswhiteandsmith.com,California Secretary of State + State Bar Aggregation,9.5,4.5,Small Firm (2-10),ACTIVE
CA-000296,Reed-Adams Partners,Sunnyvale,Santa Clara,CA,Personal Injury; Wrongful Death,1991,66,(714) 555-1296,https://reedadamspartners.com,California Secretary of State + State Bar Aggregation,9.6,4.6,Large (50-200),ACTIVE
CA-000297,Johnson & Parker Attorneys,Sunnyvale,Santa Clara,CA,Corporate Law; Business Formation,1992,1,(213) 555-1297,https://johnsonandparkerattorneys.com,California Secretary of State + State Bar Aggregation,9.7,4.7,Solo Practice,ACTIVE
CA-000298,Garcia Associates,Sunnyvale,Santa Clara,CA,Intellectual Property; Patent Law,1993,36,(818) 555-1298,https://garciaassociates.com,California Secretary of State + State Bar Aggregation,9.8,4.8,Mid-Size (11-50),ACTIVE
CA-000299,The Martinez LLC,Sunnyvale,Santa Clara,CA,Litigation; Civil Litigation; Trial Law,1994,14,(559) 555-1299,https://themartinezllc.com,California Secretary of State + State Bar Aggregation,9.9,4.9,Boutique,ACTIVE
CA-000300,"Lee, Brown & Rogers",Sunnyvale,Santa Clara,CA,Employment Law; HR Compliance,1995,7,(510) 555-1300,https://leebrownandrogers.com,California Secretary of State + State Bar Aggregation,7.5,4.0,Small Firm (2-10),ACTIVE
CA-000301,Taylor-Martinez Law Group,Sunnyvale,Santa Clara,CA,Real Estate; Property Law,1996,78,(650) 555-1301,https://taylormartinezlawgroup.com,California Secretary of State + State Bar Aggregation,7.6,4.1,Large (50-200),ACTIVE
CA-000302,Harris & Kim LLP,Sunnyvale,Santa Clara,CA,Family Law; Divorce; Custody,1997,1,(909) 555-1302,https://harrisandkimllp.com,California Secretary of State + State Bar Aggregation,7.7,4.2,Solo Practice,ACTIVE
CA-000303,Green Legal,Sunnyvale,Santa Clara,CA,Criminal Law; White Collar Crime,1998,26,(619) 555-1303,https://greenlegal.com,California Secretary of State + State Bar Aggregation,7.8,4.3,Mid-Size (11-50),ACTIVE
CA-000304,The Roberts Counsel,Sunnyvale,Santa Clara,CA,Immigration Law; Visa Matters,1999,6,(949) 555-1304,https://therobertscounsel.com,California Secretary of State + State Bar Aggregation,7.9,4.4,Boutique,ACTIVE
CA-000305,"Evans, Evans & Evans",Sunnyvale,Santa Clara,CA,Bankruptcy; Debt Relief,2000,5,(562) 555-1305,https://evansevansandevans.com,California Secretary of State + State Bar Aggregation,8.0,4.5,Small Firm (2-10),ACTIVE
CA-000306,Morris-Cook Partners,Sunnyvale,Santa Clara,CA,Environmental Law; Compliance,2001,188,(323) 555-1306,https://morriscookpartners.com,California Secretary of State + State Bar Aggregation,8.1,4.6,Large (50-200),ACTIVE
CA-000307,Morgan & Bell Attorneys,Sunnyvale,Santa Clara,CA,Estate Planning; Probate,2002,1,(661) 555-1307,https://morganandbellattorneys.com,California Secretary of State + State Bar Aggregation,8.2,4.7,Solo Practice,ACTIVE
CA-000308,Campbell-Morris Attorneys,Visalia,Tulare,CA,Real Estate; Property Law,2003,165,(650) 555-1308,https://campbellmorrisattorneys.com,California Secretary of State + State Bar Aggregation,8.3,4.8,Large (50-200),ACTIVE
CA-000309,Collins & Cooper Legal,Visalia,Tulare,CA,Family Law; Divorce; Custody,2004,1,(909) 555-1309,https://collinsandcooperlegal.com,California Secretary of State + State Bar Aggregation,8.4,4.9,Solo Practice,ACTIVE
CA-000310,Cook Counsel,Visalia,Tulare,CA,Criminal Law; White Collar Crime,2005,19,(619) 555-1310,https://cookcounsel.com,California Secretary of State + State Bar Aggregation,8.5,4.0,Mid-Size (11-50),ACTIVE
CA-000311,The Cooper PLLC,Visalia,Tulare,CA,Immigration Law; Visa Matters,2006,9,(949) 555-1311,https://thecooperpllc.com,California Secretary of State + State Bar Aggregation,8.6,4.1,Boutique,ACTIVE
CA-000312,"Smith, Chen & Carter",Visalia,Tulare,CA,Bankruptcy; Debt Relief,2007,4,(562) 555-1312,https://smithchenandcarter.com,California Secretary of State + State Bar Aggregation,8.7,4.2,Small Firm (2-10),ACTIVE
CA-000313,Jones-White LLP,Visalia,Tulare,CA,Environmental Law; Compliance,2008,122,(323) 555-1313,https://joneswhitellp.com,California Secretary of State + State Bar Aggregation,8.8,4.3,Large (50-200),ACTIVE
CA-000314,Rodriguez & Adams Associates,Visalia,Tulare,CA,Estate Planning; Probate,2009,1,(661) 555-1314,https://rodriguezandadamsassociates.com,California Secretary of State + State Bar Aggregation,8.9,4.4,Solo Practice,ACTIVE
CA-000315,Gonzalez LLC,Visalia,Tulare,CA,Securities Law; Compliance; Enforcement,2010,40,(831) 555-1315,https://gonzalezllc.com,California Secretary of State + State Bar Aggregation,9.0,4.5,Mid-Size (11-50),ACTIVE
CA-000316,The Anderson Law Firm,Visalia,Tulare,CA,Entertainment Law; Media & Broadcasting,2011,6,(415) 555-1316,https://theandersonlawfirm.com,California Secretary of State + State Bar Aggregation,9.1,4.6,Boutique,ACTIVE
CA-000317,"White, Reed & Harris",Visalia,Tulare,CA,Healthcare Law; Medical Malpractice,2012,3,(805) 555-1317,https://whitereedandharris.com,California Secretary of State + State Bar Aggregation,9.2,4.7,Small Firm (2-10),ACTIVE
CA-000318,Young-Brown Attorneys,Visalia,Tulare,CA,Personal Injury; Wrongful Death,2013,164,(760) 555-1318,https://youngbrownattorneys.com,California Secretary of State + State Bar Aggregation,9.3,4.8,Large (50-200),ACTIVE
CA-000319,Carter & Martinez Legal,Visalia,Tulare,CA,Corporate Law; Business Formation,2014,1,(858) 555-1319,https://carterandmartinezlegal.com,California Secretary of State + State Bar Aggregation,9.4,4.9,Solo Practice,ACTIVE
CA-000320,Parker Counsel,Visalia,Tulare,CA,Intellectual Property; Patent Law,2015,46,(714) 555-1320,https://parkercounsel.com,California Secretary of State + State Bar Aggregation,9.5,4.0,Mid-Size (11-50),ACTIVE
CA-000321,The Reeves PLLC,Visalia,Tulare,CA,Litigation; Civil Litigation; Trial Law,2016,4,(213) 555-1321,https://thereevespllc.com,California Secretary of State + State Bar Aggregation,9.6,4.1,Boutique,ACTIVE
CA-000322,Adams Law Firm,Santa Clarita,Los Angeles,CA,Securities Law; Compliance; Enforcement,2017,14,(831) 555-1322,https://adamslawfirm.com,California Secretary of State + State Bar Aggregation,9.7,4.2,Mid-Size (11-50),ACTIVE
CA-000323,The Phillips Partners,Santa Clarita,Los Angeles,CA,Entertainment Law; Media & Broadcasting,2018,13,(415) 555-1323,https://thephillipspartners.com,California Secretary of State + State Bar Aggregation,9.8,4.3,Boutique,ACTIVE
CA-000324,"Edwards, Green & Anderson",Santa Clarita,Los Angeles,CA,Healthcare Law; Medical Malpractice,2019,10,(805) 555-1324,https://edwardsgreenandanderson.com,California Secretary of State + State Bar Aggregation,9.9,4.4,Small Firm (2-10),ACTIVE
CA-000325,Murphy-Campbell Associates,Santa Clarita,Los Angeles,CA,Personal Injury; Wrongful Death,2020,54,(760) 555-1325,https://murphycampbellassociates.com,California Secretary of State + State Bar Aggregation,7.5,4.5,Large (50-200),ACTIVE
CA-000326,Peterson & Morris Counsel,Santa Clarita,Los Angeles,CA,Corporate Law; Business Formation,2021,1,(858) 555-1326,https://petersonandmorriscounsel.com,California Secretary of State + State Bar Aggregation,7.6,4.6,Solo Practice,ACTIVE
CA-000327,Howard PLLC,Santa Clarita,Los Angeles,CA,Intellectual Property; Patent Law,2022,16,(714) 555-1327,https://howardpllc.com,California Secretary of State + State Bar Aggregation,7.7,4.7,Mid-Size (11-50),ACTIVE
CA-000328,The Brown Law Group,Santa Clarita,Los Angeles,CA,Litigation; Civil Litigation; Trial Law,2023,15,(213) 555-1328,https://thebrownlawgroup.com,California Secretary of State + State Bar Aggregation,7.8,4.8,Boutique,ACTIVE
CA-000329,"Davis, Rodriguez & Martinez",Santa Clarita,Los Angeles,CA,Employment Law; HR Compliance,2024,5,(818) 555-1329,https://davisrodriguezandmartinez.com,California Secretary of State + State Bar Aggregation,7.9,4.9,Small Firm (2-10),ACTIVE
CA-000330,Lopez-Chen Legal,Santa Clarita,Los Angeles,CA,Real Estate; Property Law,1970,93,(559) 555-1330,https://lopezchenlegal.com,California Secretary of State + State Bar Aggregation,8.0,4.0,Large (50-200),ACTIVE
CA-000331,Kim & White LLC,Santa Clarita,Los Angeles,CA,Family Law; Divorce; Custody,1971,1,(510) 555-1331,https://kimandwhitellc.com,California Secretary of State + State Bar Aggregation,8.1,4.1,Solo Practice,ACTIVE
CA-000332,Jackson Law Firm,Santa Clarita,Los Angeles,CA,Criminal Law; White Collar Crime,1972,37,(650) 555-1332,https://jacksonlawfirm.com,California Secretary of State + State Bar Aggregation,8.2,4.2,Mid-Size (11-50),ACTIVE
CA-000333,The Moore Partners,Santa Clarita,Los Angeles,CA,Immigration Law; Visa Matters,1973,10,(909) 555-1333,https://themoorepartners.com,California Secretary of State + State Bar Aggregation,8.3,4.3,Boutique,ACTIVE
CA-000334,"Nelson, Murphy & Williams",Santa Clarita,Los Angeles,CA,Bankruptcy; Debt Relief,1974,9,(619) 555-1334,https://nelsonmurphyandwilliams.com,California Secretary of State + State Bar Aggregation,8.4,4.4,Small Firm (2-10),ACTIVE
CA-000335,Campbell-Reed Associates,Santa Clarita,Los Angeles,CA,Environmental Law; Compliance,1975,105,(949) 555-1335,https://campbellreedassociates.com,California Secretary of State + State Bar Aggregation,8.5,4.5,Large (50-200),ACTIVE
CA-000336,"Harris, Reeves & Jones",Corona,Riverside,CA,Employment Law; HR Compliance,1976,8,(818) 555-1336,https://harrisreevesandjones.com,California Secretary of State + State Bar Aggregation,8.6,4.6,Small Firm (2-10),ACTIVE
CA-000337,Green-Peterson Counsel,Corona,Riverside,CA,Real Estate; Property Law,1977,66,(559) 555-1337,https://greenpetersoncounsel.com,California Secretary of State + State Bar Aggregation,8.7,4.7,Large (50-200),ACTIVE
CA-000338,Roberts & Johnson Law Firm,Corona,Riverside,CA,Family Law; Divorce; Custody,1978,1,(510) 555-1338,https://robertsandjohnsonlawfirm.com,California Secretary of State + State Bar Aggregation,8.8,4.8,Solo Practice,ACTIVE
CA-000339,Evans Partners,Corona,Riverside,CA,Criminal Law; White Collar Crime,1979,21,(650) 555-1339,https://evanspartners.com,California Secretary of State + State Bar Aggregation,8.9,4.9,Mid-Size (11-50),ACTIVE
CA-000340,The Morris LLP,Corona,Riverside,CA,Immigration Law; Visa Matters,1980,9,(909) 555-1340,https://themorrisllp.com,California Secretary of State + State Bar Aggregation,9.0,4.0,Boutique,ACTIVE
CA-000341,"Morgan, Jackson & Reed",Corona,Riverside,CA,Bankruptcy; Debt Relief,1981,2,(619) 555-1341,https://morganjacksonandreed.com,California Secretary of State + State Bar Aggregation,9.1,4.1,Small Firm (2-10),ACTIVE
CA-000342,Bell-Green LLC,Corona,Riverside,CA,Environmental Law; Compliance,1982,150,(949) 555-1342,https://bellgreenllc.com,California Secretary of State + State Bar Aggregation,9.2,4.2,Large (50-200),ACTIVE
CA-000343,Williams & Campbell PLLC,Corona,Riverside,CA,Estate Planning; Probate,1983,1,(562) 555-1343,https://williamsandcampbellpllc.com,California Secretary of State + State Bar Aggregation,9.3,4.3,Solo Practice,ACTIVE
CA-000344,Miller Law Group,Corona,Riverside,CA,Securities Law; Compliance; Enforcement,1984,27,(323) 555-1344,https://millerlawgroup.com,California Secretary of State + State Bar Aggregation,9.4,4.4,Mid-Size (11-50),ACTIVE
CA-000345,The Hernandez Attorneys,Corona,Riverside,CA,Entertainment Law; Media & Broadcasting,1985,15,(661) 555-1345,https://thehernandezattorneys.com,California Secretary of State + State Bar Aggregation,9.5,4.5,Boutique,ACTIVE
CA-000346,"Chen, Williams & Morris",Corona,Riverside,CA,Healthcare Law; Medical Malpractice,1986,9,(831) 555-1346,https://chenwilliamsandmorris.com,California Secretary of State + State Bar Aggregation,9.6,4.6,Small Firm (2-10),ACTIVE
CA-000347,Thomas-Rodriguez Counsel,Corona,Riverside,CA,Personal Injury; Wrongful Death,1987,124,(415) 555-1347,https://thomasrodriguezcounsel.com,California Secretary of State + State Bar Aggregation,9.7,4.7,Large (50-200),ACTIVE
CA-000348,Martin & Chen Law Firm,Corona,Riverside,CA,Corporate Law; Business Formation,1988,1,(805) 555-1348,https://martinandchenlawfirm.com,California Secretary of State + State Bar Aggregation,9.8,4.8,Solo Practice,ACTIVE
CA-000349,Adams Partners,Corona,Riverside,CA,Intellectual Property; Patent Law,1989,38,(760) 555-1349,https://adamspartners.com,California Secretary of State + State Bar Aggregation,9.9,4.9,Mid-Size (11-50),ACTIVE
CA-000350,Anderson & Gonzalez Law Group,Fontana,San Bernardino,CA,Estate Planning; Probate,1990,1,(562) 555-1350,https://andersonandgonzalezlawgroup.com,California Secretary of State + State Bar Aggregation,7.5,4.0,Solo Practice,ACTIVE
CA-000351,White Attorneys,Fontana,San Bernardino,CA,Securities Law; Compliance; Enforcement,1991,46,(323) 555-1351,https://whiteattorneys.com,California Secretary of State + State Bar Aggregation,7.6,4.1,Mid-Size (11-50),ACTIVE
CA-000352,The Young Associates,Fontana,San Bernardino,CA,Entertainment Law; Media & Broadcasting,1992,13,(661) 555-1352,https://theyoungassociates.com,California Secretary of State + State Bar Aggregation,7.7,4.2,Boutique,ACTIVE
CA-000353,"Carter, Phillips & Parker",Fontana,San Bernardino,CA,Healthcare Law; Medical Malpractice,1993,9,(831) 555-1353,https://carterphillipsandparker.com,California Secretary of State + State Bar Aggregation,7.8,4.3,Small Firm (2-10),ACTIVE
CA-000354,Parker-Reeves PLLC,Fontana,San Bernardino,CA,Personal Injury; Wrongful Death,1994,90,(415) 555-1354,https://parkerreevespllc.com,California Secretary of State + State Bar Aggregation,7.9,4.4,Large (50-200),ACTIVE
CA-000355,Reeves & Peterson Partners,Fontana,San Bernardino,CA,Corporate Law; Business Formation,1995,1,(805) 555-1355,https://reevesandpetersonpartners.com,California Secretary of State + State Bar Aggregation,8.0,4.5,Solo Practice,ACTIVE
CA-000356,Rogers LLP,Fontana,San Bernardino,CA,Intellectual Property; Patent Law,1996,23,(760) 555-1356,https://rogersllp.com,California Secretary of State + State Bar Aggregation,8.1,4.6,Mid-Size (11-50),ACTIVE
CA-000357,The Reed Legal,Fontana,San Bernardino,CA,Litigation; Civil Litigation; Trial Law,1997,7,(858) 555-1357,https://thereedlegal.com,California Secretary of State + State Bar Aggregation,8.2,4.7,Boutique,ACTIVE
CA-000358,"Johnson, Lee & Green",Fontana,San Bernardino,CA,Employment Law; HR Compliance,1998,5,(714) 555-1358,https://johnsonleeandgreen.com,California Secretary of State + State Bar Aggregation,8.3,4.8,Small Firm (2-10),ACTIVE
CA-000359,Garcia-Jackson Law Firm,Fontana,San Bernardino,CA,Real Estate; Property Law,1999,65,(213) 555-1359,https://garciajacksonlawfirm.com,California Secretary of State + State Bar Aggregation,8.4,4.9,Large (50-200),ACTIVE
CA-000360,Martinez & Green Law Group,Fontana,San Bernardino,CA,Family Law; Divorce; Custody,2000,1,(818) 555-1360,https://martinezandgreenlawgroup.com,California Secretary of State + State Bar Aggregation,8.5,4.0,Solo Practice,ACTIVE
CA-000361,Lee Attorneys,Fontana,San Bernardino,CA,Criminal Law; White Collar Crime,2001,48,(559) 555-1361,https://leeattorneys.com,California Secretary of State + State Bar Aggregation,8.6,4.1,Mid-Size (11-50),ACTIVE
CA-000362,The Taylor Associates,Fontana,San Bernardino,CA,Immigration Law; Visa Matters,2002,14,(510) 555-1362,https://thetaylorassociates.com,California Secretary of State + State Bar Aggregation,8.7,4.2,Boutique,ACTIVE
CA-000363,"Harris, Cooper & Thomas",Fontana,San Bernardino,CA,Bankruptcy; Debt Relief,2003,10,(650) 555-1363,https://harriscooperandthomas.com,California Secretary of State + State Bar Aggregation,8.8,4.3,Small Firm (2-10),ACTIVE
CA-000364,The Lopez Counsel,Modesto,Stanislaus,CA,Litigation; Civil Litigation; Trial Law,2004,3,(858) 555-1364,https://thelopezcounsel.com,California Secretary of State + State Bar Aggregation,8.9,4.4,Boutique,ACTIVE
CA-000365,"Kim, Morgan & White",Modesto,Stanislaus,CA,Employment Law; HR Compliance,2005,7,(714) 555-1365,https://kimmorganandwhite.com,California Secretary of State + State Bar Aggregation,9.0,4.5,Small Firm (2-10),ACTIVE
CA-000366,Jackson-Smith Partners,Modesto,Stanislaus,CA,Real Estate; Property Law,2006,65,(213) 555-1366,https://jacksonsmithpartners.com,California Secretary of State + State Bar Aggregation,9.1,4.6,Large (50-200),ACTIVE
CA-000367,Moore & Miller Attorneys,Modesto,Stanislaus,CA,Family Law; Divorce; Custody,2007,1,(818) 555-1367,https://mooreandmillerattorneys.com,California Secretary of State + State Bar Aggregation,9.2,4.7,Solo Practice,ACTIVE
CA-000368,Nelson Associates,Modesto,Stanislaus,CA,Criminal Law; White Collar Crime,2008,14,(559) 555-1368,https://nelsonassociates.com,California Secretary of State + State Bar Aggregation,9.3,4.8,Mid-Size (11-50),ACTIVE
CA-000369,The Campbell LLC,Modesto,Stanislaus,CA,Immigration Law; Visa Matters,2009,12,(510) 555-1369,https://thecampbellllc.com,California Secretary of State + State Bar Aggregation,9.4,4.9,Boutique,ACTIVE
CA-000370,"Collins, Young & Lee",Modesto,Stanislaus,CA,Bankruptcy; Debt Relief,2010,9,(650) 555-1370,https://collinsyoungandlee.com,California Secretary of State + State Bar Aggregation,9.5,4.0,Small Firm (2-10),ACTIVE
CA-000371,Cook-Phillips Law Group,Modesto,Stanislaus,CA,Environmental Law; Compliance,2011,179,(909) 555-1371,https://cookphillipslawgroup.com,California Secretary of State + State Bar Aggregation,9.6,4.1,Large (50-200),ACTIVE
CA-000372,Cooper & Reeves LLP,Modesto,Stanislaus,CA,Estate Planning; Probate,2012,1,(619) 555-1372,https://cooperandreevesllp.com,California Secretary of State + State Bar Aggregation,9.7,4.2,Solo Practice,ACTIVE
CA-000373,Smith Legal,Modesto,Stanislaus,CA,Securities Law; Compliance; Enforcement,2013,44,(949) 555-1373,https://smithlegal.com,California Secretary of State + State Bar Aggregation,9.8,4.3,Mid-Size (11-50),ACTIVE
CA-000374,The Jones Counsel,Modesto,Stanislaus,CA,Entertainment Law; Media & Broadcasting,2014,5,(562) 555-1374,https://thejonescounsel.com,California Secretary of State + State Bar Aggregation,9.9,4.4,Boutique,ACTIVE
CA-000375,"Rodriguez, Davis & Miller",Modesto,Stanislaus,CA,Healthcare Law; Medical Malpractice,2015,2,(323) 555-1375,https://rodriguezdavisandmiller.com,California Secretary of State + State Bar Aggregation,7.5,4.5,Small Firm (2-10),ACTIVE
CA-000376,Gonzalez-Lee Partners,Modesto,Stanislaus,CA,Personal Injury; Wrongful Death,2016,181,(661) 555-1376,https://gonzalezleepartners.com,California Secretary of State + State Bar Aggregation,7.6,4.6,Large (50-200),ACTIVE
CA-000377,Anderson & Jackson Attorneys,Modesto,Stanislaus,CA,Corporate Law; Business Formation,2017,1,(831) 555-1377,https://andersonandjacksonattorneys.com,California Secretary of State + State Bar Aggregation,7.7,4.7,Solo Practice,ACTIVE
CA-000378,Miller-Lopez Attorneys,Moreno Valley,Riverside,CA,Environmental Law; Compliance,2018,71,(909) 555-1378,https://millerlopezattorneys.com,California Secretary of State + State Bar Aggregation,7.8,4.8,Large (50-200),ACTIVE
CA-000379,Hernandez & Taylor Legal,Moreno Valley,Riverside,CA,Estate Planning; Probate,2019,1,(619) 555-1379,https://hernandezandtaylorlegal.com,California Secretary of State + State Bar Aggregation,7.9,4.9,Solo Practice,ACTIVE
CA-000380,Chen Counsel,Moreno Valley,Riverside,CA,Securities Law; Compliance; Enforcement,2020,22,(949) 555-1380,https://chencounsel.com,California Secretary of State + State Bar Aggregation,8.0,4.0,Mid-Size (11-50),ACTIVE
CA-000381,The Thomas PLLC,Moreno Valley,Riverside,CA,Entertainment Law; Media & Broadcasting,2021,4,(562) 555-1381,https://thethomaspllc.com,California Secretary of State + State Bar Aggregation,8.1,4.1,Boutique,ACTIVE
CA-000382,"Martin, Collins & Johnson",Moreno Valley,Riverside,CA,Healthcare Law; Medical Malpractice,2022,3,(323) 555-1382,https://martincollinsandjohnson.com,California Secretary of State + State Bar Aggregation,8.2,4.2,Small Firm (2-10),ACTIVE
CA-000383,Adams-Morgan LLP,Moreno Valley,Riverside,CA,Personal Injury; Wrongful Death,2023,111,(661) 555-1383,https://adamsmorganllp.com,California Secretary of State + State Bar Aggregation,8.3,4.3,Large (50-200),ACTIVE
CA-000384,Phillips & Smith Associates,Moreno Valley,Riverside,CA,Corporate Law; Business Formation,2024,1,(831) 555-1384,https://phillipsandsmithassociates.com,California Secretary of State + State Bar Aggregation,8.4,4.4,Solo Practice,ACTIVE
CA-000385,Edwards LLC,Moreno Valley,Riverside,CA,Intellectual Property; Patent Law,1970,36,(415) 555-1385,https://edwardsllc.com,California Secretary of State + State Bar Aggregation,8.5,4.5,Mid-Size (11-50),ACTIVE
CA-000386,The Murphy Law Firm,Moreno Valley,Riverside,CA,Litigation; Civil Litigation; Trial Law,1971,4,(805) 555-1386,https://themurphylawfirm.com,California Secretary of State + State Bar Aggregation,8.6,4.6,Boutique,ACTIVE
CA-000387,"Peterson, Thomas & Morgan",Moreno Valley,Riverside,CA,Employment Law; HR Compliance,1972,5,(760) 555-1387,https://petersonthomasandmorgan.com,California Secretary of State + State Bar Aggregation,8.7,4.7,Small Firm (2-10),ACTIVE
CA-000388,Howard-Young Attorneys,Moreno Valley,Riverside,CA,Real Estate; Property Law,1973,199,(858) 555-1388,https://howardyoungattorneys.com,California Secretary of State + State Bar Aggregation,8.8,4.8,Large (50-200),ACTIVE
CA-000389,Brown & Phillips Legal,Moreno Valley,Riverside,CA,Family Law; Divorce; Custody,1974,1,(714) 555-1389,https://brownandphillipslegal.com,California Secretary of State + State Bar Aggregation,8.9,4.9,Solo Practice,ACTIVE
CA-000390,Davis Counsel,Moreno Valley,Riverside,CA,Criminal Law; White Collar Crime,1975,49,(213) 555-1390,https://daviscounsel.com,California Secretary of State + State Bar Aggregation,9.0,4.0,Mid-Size (11-50),ACTIVE
CA-000391,The Lopez PLLC,Moreno Valley,Riverside,CA,Immigration Law; Visa Matters,1976,3,(818) 555-1391,https://thelopezpllc.com,California Secretary of State + State Bar Aggregation,9.1,4.1,Boutique,ACTIVE
CA-000392,Johnson Law Firm,Daly City,San Mateo,CA,Intellectual Property; Patent Law,1977,50,(415) 555-1392,https://johnsonlawfirm.com,California Secretary of State + State Bar Aggregation,9.2,4.2,Mid-Size (11-50),ACTIVE
CA-000393,The Garcia Partners,Daly City,San Mateo,CA,Litigation; Civil Litigation; Trial Law,1978,4,(805) 555-1393,https://thegarciapartners.com,California Secretary of State + State Bar Aggregation,9.3,4.3,Boutique,ACTIVE
CA-000394,"Martinez, Howard & Reeves",Daly City,San Mateo,CA,Employment Law; HR Compliance,1979,8,(760) 555-1394,https://martinezhowardandreeves.com,California Secretary of State + State Bar Aggregation,9.4,4.4,Small Firm (2-10),ACTIVE
CA-000395,Lee-Garcia Associates,Daly City,San Mateo,CA,Real Estate; Property Law,1980,200,(858) 555-1395,https://leegarciaassociates.com,California Secretary of State + State Bar Aggregation,9.5,4.5,Large (50-200),ACTIVE
CA-000396,Taylor & Lopez Counsel,Daly City,San Mateo,CA,Family Law; Divorce; Custody,1981,1,(714) 555-1396,https://taylorandlopezcounsel.com,California Secretary of State + State Bar Aggregation,9.6,4.6,Solo Practice,ACTIVE
CA-000397,Harris PLLC,Daly City,San Mateo,CA,Criminal Law; White Collar Crime,1982,47,(213) 555-1397,https://harrispllc.com,California Secretary of State + State Bar Aggregation,9.7,4.7,Mid-Size (11-50),ACTIVE
CA-000398,The Green Law Group,Daly City,San Mateo,CA,Immigration Law; Visa Matters,1983,11,(818) 555-1398,https://thegreenlawgroup.com,California Secretary of State + State Bar Aggregation,9.8,4.8,Boutique,ACTIVE
CA-000399,"Roberts, Roberts & Roberts",Daly City,San Mateo,CA,Bankruptcy; Debt Relief,1984,7,(559) 555-1399,https://robertsrobertsandroberts.com,California Secretary of State + State Bar Aggregation,9.9,4.9,Small Firm (2-10),ACTIVE
CA-000400,Evans-Collins Legal,Daly City,San Mateo,CA,Environmental Law; Compliance,1985,117,(510) 555-1400,https://evanscollinslegal.com,California Secretary of State + State Bar Aggregation,7.5,4.0,Large (50-200),ACTIVE
CA-000401,Morris & Morgan LLC,Daly City,San Mateo,CA,Estate Planning; Probate,1986,1,(650) 555-1401,https://morrisandmorganllc.com,California Secretary of State + State Bar Aggregation,7.6,4.1,Solo Practice,ACTIVE
CA-000402,Morgan Law Firm,Daly City,San Mateo,CA,Securities Law; Compliance; Enforcement,1987,24,(909) 555-1402,https://morganlawfirm.com,California Secretary of State + State Bar Aggregation,7.7,4.2,Mid-Size (11-50),ACTIVE
CA-000403,The Bell Partners,Daly City,San Mateo,CA,Entertainment Law; Media & Broadcasting,1988,13,(619) 555-1403,https://thebellpartners.com,California Secretary of State + State Bar Aggregation,7.8,4.3,Boutique,ACTIVE
CA-000404,"Williams, Gonzalez & Martin",Daly City,San Mateo,CA,Healthcare Law; Medical Malpractice,1989,7,(949) 555-1404,https://williamsgonzalezandmartin.com,California Secretary of State + State Bar Aggregation,7.9,4.4,Small Firm (2-10),ACTIVE
CA-000405,Miller-Thomas Associates,Daly City,San Mateo,CA,Personal Injury; Wrongful Death,1990,112,(562) 555-1405,https://millerthomasassociates.com,California Secretary of State + State Bar Aggregation,8.0,4.5,Large (50-200),ACTIVE
CA-000406,"Cooper, Hernandez & Young",San Bernardino,San Bernardino,CA,Bankruptcy; Debt Relief,1991,6,(559) 555-1406,https://cooperhernandezandyoung.com,California Secretary of State + State Bar Aggregation,8.1,4.6,Small Firm (2-10),ACTIVE
CA-000407,Smith-Anderson Counsel,San Bernardino,San Bernardino,CA,Environmental Law; Compliance,1992,152,(510) 555-1407,https://smithandersoncounsel.com,California Secretary of State + State Bar Aggregation,8.2,4.7,Large (50-200),ACTIVE
CA-000408,Jones & Martin Law Firm,San Bernardino,San Bernardino,CA,Estate Planning; Probate,1993,1,(650) 555-1408,https://jonesandmartinlawfirm.com,California Secretary of State + State Bar Aggregation,8.3,4.8,Solo Practice,ACTIVE
CA-000409,Rodriguez Partners,San Bernardino,San Bernardino,CA,Securities Law; Compliance; Enforcement,1994,19,(909) 555-1409,https://rodriguezpartners.com,California Secretary of State + State Bar Aggregation,8.4,4.9,Mid-Size (11-50),ACTIVE
CA-000410,The Gonzalez LLP,San Bernardino,San Bernardino,CA,Entertainment Law; Media & Broadcasting,1995,13,(619) 555-1410,https://thegonzalezllp.com,California Secretary of State + State Bar Aggregation,8.5,4.0,Boutique,ACTIVE
CA-000411,"Anderson, Rogers & Taylor",San Bernardino,San Bernardino,CA,Healthcare Law; Medical Malpractice,1996,6,(949) 555-1411,https://andersonrogersandtaylor.com,California Secretary of State + State Bar Aggregation,8.6,4.1,Small Firm (2-10),ACTIVE
CA-000412,White-Howard LLC,San Bernardino,San Bernardino,CA,Personal Injury; Wrongful Death,1997,168,(562) 555-1412,https://whitehowardllc.com,California Secretary of State + State Bar Aggregation,8.7,4.2,Large (50-200),ACTIVE
CA-000413,Young & Garcia PLLC,San Bernardino,San Bernardino,CA,Corporate Law; Business Formation,1998,1,(323) 555-1413,https://youngandgarciapllc.com,California Secretary of State + State Bar Aggregation,8.8,4.3,Solo Practice,ACTIVE
CA-000414,Carter Law Group,San Bernardino,San Bernardino,CA,Intellectual Property; Patent Law,1999,31,(661) 555-1414,https://carterlawgroup.com,California Secretary of State + State Bar Aggregation,8.9,4.4,Mid-Size (11-50),ACTIVE
CA-000415,The Parker Attorneys,San Bernardino,San Bernardino,CA,Litigation; Civil Litigation; Trial Law,2000,15,(831) 555-1415,https://theparkerattorneys.com,California Secretary of State + State Bar Aggregation,9.0,4.5,Boutique,ACTIVE
CA-000416,"Reeves, Moore & Hernandez",San Bernardino,San Bernardino,CA,Employment Law; HR Compliance,2001,3,(415) 555-1416,https://reevesmooreandhernandez.com,California Secretary of State + State Bar Aggregation,9.1,4.6,Small Firm (2-10),ACTIVE
CA-000417,Rogers-Roberts Counsel,San Bernardino,San Bernardino,CA,Real Estate; Property Law,2002,53,(805) 555-1417,https://rogersrobertscounsel.com,California Secretary of State + State Bar Aggregation,9.2,4.7,Large (50-200),ACTIVE
CA-000418,Reed & Collins Law Firm,San Bernardino,San Bernardino,CA,Family Law; Divorce; Custody,2003,1,(760) 555-1418,https://reedandcollinslawfirm.com,California Secretary of State + State Bar Aggregation,9.3,4.8,Solo Practice,ACTIVE
CA-000419,Johnson Partners,San Bernardino,San Bernardino,CA,Criminal Law; White Collar Crime,2004,40,(858) 555-1419,https://johnsonpartners.com,California Secretary of State + State Bar Aggregation,9.4,4.9,Mid-Size (11-50),ACTIVE
CA-000420,Murphy & Evans Law Group,Hayward,Alameda,CA,Corporate Law; Business Formation,2005,1,(323) 555-1420,https://murphyandevanslawgroup.com,California Secretary of State + State Bar Aggregation,9.5,4.0,Solo Practice,ACTIVE
CA-000421,Peterson Attorneys,Hayward,Alameda,CA,Intellectual Property; Patent Law,2006,50,(661) 555-1421,https://petersonattorneys.com,California Secretary of State + State Bar Aggregation,9.6,4.1,Mid-Size (11-50),ACTIVE
CA-000422,The Howard Associates,Hayward,Alameda,CA,Litigation; Civil Litigation; Trial Law,2007,12,(831) 555-1422,https://thehowardassociates.com,California Secretary of State + State Bar Aggregation,9.7,4.2,Boutique,ACTIVE
CA-000423,"Brown, Jones & Garcia",Hayward,Alameda,CA,Employment Law; HR Compliance,2008,3,(415) 555-1423,https://brownjonesandgarcia.com,California Secretary of State + State Bar Aggregation,9.8,4.3,Small Firm (2-10),ACTIVE
CA-000424,Davis-Hernandez PLLC,Hayward,Alameda,CA,Real Estate; Property Law,2009,69,(805) 555-1424,https://davishernandezpllc.com,California Secretary of State + State Bar Aggregation,9.9,4.4,Large (50-200),ACTIVE
CA-000425,Lopez & Anderson Partners,Hayward,Alameda,CA,Family Law; Divorce; Custody,2010,1,(760) 555-1425,https://lopezandandersonpartners.com,California Secretary of State + State Bar Aggregation,7.5,4.5,Solo Practice,ACTIVE
CA-000426,Kim LLP,Hayward,Alameda,CA,Criminal Law; White Collar Crime,2011,45,(858) 555-1426,https://kimllp.com,California Secretary of State + State Bar Aggregation,7.6,4.6,Mid-Size (11-50),ACTIVE
CA-000427,The Jackson Legal,Hayward,Alameda,CA,Immigration Law; Visa Matters,2012,6,(714) 555-1427,https://thejacksonlegal.com,California Secretary of State + State Bar Aggregation,7.7,4.7,Boutique,ACTIVE
CA-000428,"Moore, Edwards & Bell",Hayward,Alameda,CA,Bankruptcy; Debt Relief,2013,10,(213) 555-1428,https://mooreedwardsandbell.com,California Secretary of State + State Bar Aggregation,7.8,4.8,Small Firm (2-10),ACTIVE
CA-000429,Nelson-Rogers Law Firm,Hayward,Alameda,CA,Environmental Law; Compliance,2014,118,(818) 555-1429,https://nelsonrogerslawfirm.com,California Secretary of State + State Bar Aggregation,7.9,4.9,Large (50-200),ACTIVE
CA-000430,Campbell & Howard Law Group,Hayward,Alameda,CA,Estate Planning; Probate,2015,1,(559) 555-1430,https://campbellandhowardlawgroup.com,California Secretary of State + State Bar Aggregation,8.0,4.0,Solo Practice,ACTIVE
CA-000431,Collins Attorneys,Hayward,Alameda,CA,Securities Law; Compliance; Enforcement,2016,19,(510) 555-1431,https://collinsattorneys.com,California Secretary of State + State Bar Aggregation,8.1,4.1,Mid-Size (11-50),ACTIVE
CA-000432,The Cook Associates,Hayward,Alameda,CA,Entertainment Law; Media & Broadcasting,2017,8,(650) 555-1432,https://thecookassociates.com,California Secretary of State + State Bar Aggregation,8.2,4.2,Boutique,ACTIVE
CA-000433,"Cooper, Taylor & Murphy",Hayward,Alameda,CA,Healthcare Law; Medical Malpractice,2018,3,(909) 555-1433,https://coopertaylorandmurphy.com,California Secretary of State + State Bar Aggregation,8.3,4.3,Small Firm (2-10),ACTIVE
CA-000434,The Evans Counsel,Fremont,Alameda,CA,Immigration Law; Visa Matters,2019,6,(714) 555-1434,https://theevanscounsel.com,California Secretary of State + State Bar Aggregation,8.4,4.4,Boutique,ACTIVE
CA-000435,"Morris, Kim & Rogers",Fremont,Alameda,CA,Bankruptcy; Debt Relief,2020,7,(213) 555-1435,https://morriskimandrogers.com,California Secretary of State + State Bar Aggregation,8.5,4.5,Small Firm (2-10),ACTIVE
CA-000436,Morgan-Harris Partners,Fremont,Alameda,CA,Environmental Law; Compliance,2021,123,(818) 555-1436,https://morganharrispartners.com,California Secretary of State + State Bar Aggregation,8.6,4.6,Large (50-200),ACTIVE
CA-000437,Bell & Nelson Attorneys,Fremont,Alameda,CA,Estate Planning; Probate,2022,1,(559) 555-1437,https://bellandnelsonattorneys.com,California Secretary of State + State Bar Aggregation,8.7,4.7,Solo Practice,ACTIVE
CA-000438,Williams Associates,Fremont,Alameda,CA,Securities Law; Compliance; Enforcement,2023,21,(510) 555-1438,https://williamsassociates.com,California Secretary of State + State Bar Aggregation,8.8,4.8,Mid-Size (11-50),ACTIVE
CA-000439,The Miller LLC,Fremont,Alameda,CA,Entertainment Law; Media & Broadcasting,2024,10,(650) 555-1439,https://themillerllc.com,California Secretary of State + State Bar Aggregation,8.9,4.9,Boutique,ACTIVE
CA-000440,"Hernandez, Bell & Evans",Fremont,Alameda,CA,Healthcare Law; Medical Malpractice,1970,10,(909) 555-1440,https://hernandezbellandevans.com,California Secretary of State + State Bar Aggregation,9.0,4.0,Small Firm (2-10),ACTIVE
CA-000441,Chen-Jones Law Group,Fremont,Alameda,CA,Personal Injury; Wrongful Death,1971,128,(619) 555-1441,https://chenjoneslawgroup.com,California Secretary of State + State Bar Aggregation,9.1,4.1,Large (50-200),ACTIVE
CA-000442,Thomas & Hernandez LLP,Fremont,Alameda,CA,Corporate Law; Business Formation,1972,1,(949) 555-1442,https://thomasandhernandezllp.com,California Secretary of State + State Bar Aggregation,9.2,4.2,Solo Practice,ACTIVE
CA-000443,Martin Legal,Fremont,Alameda,CA,Intellectual Property; Patent Law,1973,50,(562) 555-1443,https://martinlegal.com,California Secretary of State + State Bar Aggregation,9.3,4.3,Mid-Size (11-50),ACTIVE
CA-000444,The Adams Counsel,Fremont,Alameda,CA,Litigation; Civil Litigation; Trial Law,1974,15,(323) 555-1444,https://theadamscounsel.com,California Secretary of State + State Bar Aggregation,9.4,4.4,Boutique,ACTIVE
CA-000445,"Phillips, Carter & Adams",Fremont,Alameda,CA,Employment Law; HR Compliance,1975,10,(661) 555-1445,https://phillipscarterandadams.com,California Secretary of State + State Bar Aggregation,9.5,4.5,Small Firm (2-10),ACTIVE
CA-000446,Edwards-Edwards Partners,Fremont,Alameda,CA,Real Estate; Property Law,1976,53,(831) 555-1446,https://edwardsedwardspartners.com,California Secretary of State + State Bar Aggregation,9.6,4.6,Large (50-200),ACTIVE
CA-000447,Murphy & Rogers Attorneys,Fremont,Alameda,CA,Family Law; Divorce; Custody,1977,1,(415) 555-1447,https://murphyandrogersattorneys.com,California Secretary of State + State Bar Aggregation,9.7,4.7,Solo Practice,ACTIVE
CA-000448,Carter-Parker Attorneys,Santa Rosa,Sonoma,CA,Personal Injury; Wrongful Death,1978,192,(619) 555-1448,https://carterparkerattorneys.com,California Secretary of State + State Bar Aggregation,9.8,4.8,Large (50-200),ACTIVE
CA-000449,Parker & Murphy Legal,Santa Rosa,Sonoma,CA,Corporate Law; Business Formation,1979,1,(949) 555-1449,https://parkerandmurphylegal.com,California Secretary of State + State Bar Aggregation,9.9,4.9,Solo Practice,ACTIVE
CA-000450,Reeves Counsel,Santa Rosa,Sonoma,CA,Intellectual Property; Patent Law,1980,30,(562) 555-1450,https://reevescounsel.com,California Secretary of State + State Bar Aggregation,7.5,4.0,Mid-Size (11-50),ACTIVE
CA-000451,The Rogers PLLC,Santa Rosa,Sonoma,CA,Litigation; Civil Litigation; Trial Law,1981,13,(323) 555-1451,https://therogerspllc.com,California Secretary of State + State Bar Aggregation,7.6,4.1,Boutique,ACTIVE
CA-000452,"Reed, Martinez & Harris",Santa Rosa,Sonoma,CA,Employment Law; HR Compliance,1982,3,(661) 555-1452,https://reedmartinezandharris.com,California Secretary of State + State Bar Aggregation,7.7,4.2,Small Firm (2-10),ACTIVE
CA-000453,Johnson-Kim LLP,Santa Rosa,Sonoma,CA,Real Estate; Property Law,1983,85,(831) 555-1453,https://johnsonkimllp.com,California Secretary of State + State Bar Aggregation,7.8,4.3,Large (50-200),ACTIVE
CA-000454,Garcia & Harris Associates,Santa Rosa,Sonoma,CA,Family Law; Divorce; Custody,1984,1,(415) 555-1454,https://garciaandharrisassociates.com,California Secretary of State + State Bar Aggregation,7.9,4.4,Solo Practice,ACTIVE
CA-000455,Martinez LLC,Santa Rosa,Sonoma,CA,Criminal Law; White Collar Crime,1985,27,(805) 555-1455,https://martinezllc.com,California Secretary of State + State Bar Aggregation,8.0,4.5,Mid-Size (11-50),ACTIVE
CA-000456,The Lee Law Firm,Santa Rosa,Sonoma,CA,Immigration Law; Visa Matters,1986,4,(760) 555-1456,https://theleelawfirm.com,California Secretary of State + State Bar Aggregation,8.1,4.6,Boutique,ACTIVE
CA-000457,"Taylor, Cook & Chen",Santa Rosa,Sonoma,CA,Bankruptcy; Debt Relief,1987,3,(858) 555-1457,https://taylorcookandchen.com,California Secretary of State + State Bar Aggregation,8.2,4.7,Small Firm (2-10),ACTIVE
CA-000458,Harris-Bell Attorneys,Santa Rosa,Sonoma,CA,Environmental Law; Compliance,1988,192,(714) 555-1458,https://harrisbellattorneys.com,California Secretary of State + State Bar Aggregation,8.3,4.8,Large (50-200),ACTIVE
CA-000459,Green & Jones Legal,Santa Rosa,Sonoma,CA,Estate Planning; Probate,1989,1,(213) 555-1459,https://greenandjoneslegal.com,California Secretary of State + State Bar Aggregation,8.4,4.9,Solo Practice,ACTIVE
CA-000460,Roberts Counsel,Santa Rosa,Sonoma,CA,Securities Law; Compliance; Enforcement,1990,20,(818) 555-1460,https://robertscounsel.com,California Secretary of State + State Bar Aggregation,8.5,4.0,Mid-Size (11-50),ACTIVE
CA-000461,The Evans PLLC,Santa Rosa,Sonoma,CA,Entertainment Law; Media & Broadcasting,1991,7,(559) 555-1461,https://theevanspllc.com,California Secretary of State + State Bar Aggregation,8.6,4.1,Boutique,ACTIVE
CA-000462,Moore Law Firm,Berkeley,Alameda,CA,Criminal Law; White Collar Crime,1992,29,(805) 555-1462,https://moorelawfirm.com,California Secretary of State + State Bar Aggregation,8.7,4.2,Mid-Size (11-50),ACTIVE
CA-000463,The Nelson Partners,Berkeley,Alameda,CA,Immigration Law; Visa Matters,1993,12,(760) 555-1463,https://thenelsonpartners.com,California Secretary of State + State Bar Aggregation,8.8,4.3,Boutique,ACTIVE
CA-000464,"Campbell, White & Martinez",Berkeley,Alameda,CA,Bankruptcy; Debt Relief,1994,5,(858) 555-1464,https://campbellwhiteandmartinez.com,California Secretary of State + State Bar Aggregation,8.9,4.4,Small Firm (2-10),ACTIVE
CA-000465,Collins-Adams Associates,Berkeley,Alameda,CA,Environmental Law; Compliance,1995,138,(714) 555-1465,https://collinsadamsassociates.com,California Secretary of State + State Bar Aggregation,9.0,4.5,Large (50-200),ACTIVE
CA-000466,Cook & Parker Counsel,Berkeley,Alameda,CA,Estate Planning; Probate,1996,1,(213) 555-1466,https://cookandparkercounsel.com,California Secretary of State + State Bar Aggregation,9.1,4.6,Solo Practice,ACTIVE
CA-000467,Cooper PLLC,Berkeley,Alameda,CA,Securities Law; Compliance; Enforcement,1997,24,(818) 555-1467,https://cooperpllc.com,California Secretary of State + State Bar Aggregation,9.2,4.7,Mid-Size (11-50),ACTIVE
CA-000468,The Smith Law Group,Berkeley,Alameda,CA,Entertainment Law; Media & Broadcasting,1998,13,(559) 555-1468,https://thesmithlawgroup.com,California Secretary of State + State Bar Aggregation,9.3,4.8,Boutique,ACTIVE
CA-000469,"Jones, Brown & Williams",Berkeley,Alameda,CA,Healthcare Law; Medical Malpractice,1999,6,(510) 555-1469,https://jonesbrownandwilliams.com,California Secretary of State + State Bar Aggregation,9.4,4.9,Small Firm (2-10),ACTIVE
CA-000470,Rodriguez-Martinez Legal,Berkeley,Alameda,CA,Personal Injury; Wrongful Death,2000,180,(650) 555-1470,https://rodriguezmartinezlegal.com,California Secretary of State + State Bar Aggregation,9.5,4.0,Large (50-200),ACTIVE
CA-000471,Gonzalez & Kim LLC,Berkeley,Alameda,CA,Corporate Law; Business Formation,2001,1,(909) 555-1471,https://gonzalezandkimllc.com,California Secretary of State + State Bar Aggregation,9.6,4.1,Solo Practice,ACTIVE
CA-000472,Anderson Law Firm,Berkeley,Alameda,CA,Intellectual Property; Patent Law,2002,42,(619) 555-1472,https://andersonlawfirm.com,California Secretary of State + State Bar Aggregation,9.7,4.2,Mid-Size (11-50),ACTIVE
CA-000473,The White Partners,Berkeley,Alameda,CA,Litigation; Civil Litigation; Trial Law,2003,7,(949) 555-1473,https://thewhitepartners.com,California Secretary of State + State Bar Aggregation,9.8,4.3,Boutique,ACTIVE
CA-000474,"Young, Evans & Peterson",Berkeley,Alameda,CA,Employment Law; HR Compliance,2004,2,(562) 555-1474,https://youngevansandpeterson.com,California Secretary of State + State Bar Aggregation,9.9,4.4,Small Firm (2-10),ACTIVE
CA-000475,Carter-Cook Associates,Berkeley,Alameda,CA,Real Estate; Property Law,2005,74,(323) 555-1475,https://cartercookassociates.com,California Secretary of State + State Bar Aggregation,7.5,4.5,Large (50-200),ACTIVE
CA-000476,"Thomas, Campbell & Reed",Davis,Yolo,CA,Healthcare Law; Medical Malpractice,2006,8,(510) 555-1476,https://thomascampbellandreed.com,California Secretary of State + State Bar Aggregation,7.6,4.6,Small Firm (2-10),ACTIVE
CA-000477,Martin-Morris Counsel,Davis,Yolo,CA,Personal Injury; Wrongful Death,2007,121,(650) 555-1477,https://martinmorriscounsel.com,California Secretary of State + State Bar Aggregation,7.7,4.7,Large (50-200),ACTIVE
CA-000478,Adams & Cooper Law Firm,Davis,Yolo,CA,Corporate Law; Business Formation,2008,1,(909) 555-1478,https://adamsandcooperlawfirm.com,California Secretary of State + State Bar Aggregation,7.8,4.8,Solo Practice,ACTIVE
CA-000479,Phillips Partners,Davis,Yolo,CA,Intellectual Property; Patent Law,2009,13,(619) 555-1479,https://phillipspartners.com,California Secretary of State + State Bar Aggregation,7.9,4.9,Mid-Size (11-50),ACTIVE
CA-000480,The Edwards LLP,Davis,Yolo,CA,Litigation; Civil Litigation; Trial Law,2010,3,(949) 555-1480,https://theedwardsllp.com,California Secretary of State + State Bar Aggregation,8.0,4.0,Boutique,ACTIVE
CA-000481,"Murphy, Chen & Morris",Davis,Yolo,CA,Employment Law; HR Compliance,2011,7,(562) 555-1481,https://murphychenandmorris.com,California Secretary of State + State Bar Aggregation,8.1,4.1,Small Firm (2-10),ACTIVE
CA-000482,Peterson-White LLC,Davis,Yolo,CA,Real Estate; Property Law,2012,84,(323) 555-1482,https://petersonwhitellc.com,California Secretary of State + State Bar Aggregation,8.2,4.2,Large (50-200),ACTIVE
CA-000483,Howard & Adams PLLC,Davis,Yolo,CA,Family Law; Divorce; Custody,2013,1,(661) 555-1483,https://howardandadamspllc.com,California Secretary of State + State Bar Aggregation,8.3,4.3,Solo Practice,ACTIVE
CA-000484,Brown Law Group,Davis,Yolo,CA,Criminal Law; White Collar Crime,2014,27,(831) 555-1484,https://brownlawgroup.com,California Secretary of State + State Bar Aggregation,8.4,4.4,Mid-Size (11-50),ACTIVE
CA-000485,The Davis Attorneys,Davis,Yolo,CA,Immigration Law; Visa Matters,2015,5,(415) 555-1485,https://thedavisattorneys.com,California Secretary of State + State Bar Aggregation,8.5,4.5,Boutique,ACTIVE
CA-000486,"Lopez, Reed & Phillips",Davis,Yolo,CA,Bankruptcy; Debt Relief,2016,9,(805) 555-1486,https://lopezreedandphillips.com,California Secretary of State + State Bar Aggregation,8.6,4.6,Small Firm (2-10),ACTIVE
CA-000487,Kim-Brown Counsel,Davis,Yolo,CA,Environmental Law; Compliance,2017,192,(760) 555-1487,https://kimbrowncounsel.com,California Secretary of State + State Bar Aggregation,8.7,4.7,Large (50-200),ACTIVE
CA-000488,Jackson & Martinez Law Firm,Davis,Yolo,CA,Estate Planning; Probate,2018,1,(858) 555-1488,https://jacksonandmartinezlawfirm.com,California Secretary of State + State Bar Aggregation,8.8,4.8,Solo Practice,ACTIVE
CA-000489,Moore Partners,Davis,Yolo,CA,Securities Law; Compliance; Enforcement,2019,38,(714) 555-1489,https://moorepartners.com,California Secretary of State + State Bar Aggregation,8.9,4.9,Mid-Size (11-50),ACTIVE
CA-000490,Lee & Davis Law Group,Walnut Creek,Contra Costa,CA,Family Law; Divorce; Custody,2020,1,(661) 555-1490,https://leeanddavislawgroup.com,California Secretary of State + State Bar Aggregation,9.0,4.0,Solo Practice,ACTIVE
CA-000491,Taylor Attorneys,Walnut Creek,Contra Costa,CA,Criminal Law; White Collar Crime,2021,46,(831) 555-1491,https://taylorattorneys.com,California Secretary of State + State Bar Aggregation,9.1,4.1,Mid-Size (11-50),ACTIVE
CA-000492,The Harris Associates,Walnut Creek,Contra Costa,CA,Immigration Law; Visa Matters,2022,3,(415) 555-1492,https://theharrisassociates.com,California Secretary of State + State Bar Aggregation,9.2,4.2,Boutique,ACTIVE
CA-000493,"Green, Green & Green",Walnut Creek,Contra Costa,CA,Bankruptcy; Debt Relief,2023,3,(805) 555-1493,https://greengreenandgreen.com,California Secretary of State + State Bar Aggregation,9.3,4.3,Small Firm (2-10),ACTIVE
CA-000494,Roberts-Campbell PLLC,Walnut Creek,Contra Costa,CA,Environmental Law; Compliance,2024,70,(760) 555-1494,https://robertscampbellpllc.com,California Secretary of State + State Bar Aggregation,9.4,4.4,Large (50-200),ACTIVE
CA-000495,Evans & Morris Partners,Walnut Creek,Contra Costa,CA,Estate Planning; Probate,1970,1,(858) 555-1495,https://evansandmorrispartners.com,California Secretary of State + State Bar Aggregation,9.5,4.5,Solo Practice,ACTIVE
CA-000496,Morris LLP,Walnut Creek,Contra Costa,CA,Securities Law; Compliance; Enforcement,1971,20,(714) 555-1496,https://morrisllp.com,California Secretary of State + State Bar Aggregation,9.6,4.6,Mid-Size (11-50),ACTIVE
CA-000497,The Morgan Legal,Walnut Creek,Contra Costa,CA,Entertainment Law; Media & Broadcasting,1972,11,(213) 555-1497,https://themorganlegal.com,California Secretary of State + State Bar Aggregation,9.7,4.7,Boutique,ACTIVE
CA-000498,"Bell, Rodriguez & Thomas",Walnut Creek,Contra Costa,CA,Healthcare Law; Medical Malpractice,1973,2,(818) 555-1498,https://bellrodriguezandthomas.com,California Secretary of State + State Bar Aggregation,9.8,4.8,Small Firm (2-10),ACTIVE
CA-000499,Williams-Chen Law Firm,Walnut Creek,Contra Costa,CA,Personal Injury; Wrongful Death,1974,145,(559) 555-1499,https://williamschenlawfirm.com,California Secretary of State + State Bar Aggregation,9.9,4.9,Large (50-200),ACTIVE
CA-000500,Miller & White Law Group,Walnut Creek,Contra Costa,CA,Corporate Law; Business Formation,1975,1,(510) 555-1500,https://millerandwhitelawgroup.com,California Secretary of State + State Bar Aggregation,7.5,4.0,Solo Practice,ACTIVE
CA-000501,Hernandez Attorneys,Walnut Creek,Contra Costa,CA,Intellectual Property; Patent Law,1976,48,(650) 555-1501,https://hernandezattorneys.com,California Secretary of State + State Bar Aggregation,7.6,4.1,Mid-Size (11-50),ACTIVE
CA-000502,The Chen Associates,Walnut Creek,Contra Costa,CA,Litigation; Civil Litigation; Trial Law,1977,11,(909) 555-1502,https://thechenassociates.com,California Secretary of State + State Bar Aggregation,7.7,4.2,Boutique,ACTIVE
CA-000503,"Thomas, Murphy & Lopez",Walnut Creek,Contra Costa,CA,Employment Law; HR Compliance,1978,4,(619) 555-1503,https://thomasmurphyandlopez.com,California Secretary of State + State Bar Aggregation,7.8,4.3,Small Firm (2-10),ACTIVE
CA-000504,The Rodriguez Counsel,Concord,Contra Costa,CA,Entertainment Law; Media & Broadcasting,1979,9,(213) 555-1504,https://therodriguezcounsel.com,California Secretary of State + State Bar Aggregation,7.9,4.4,Boutique,ACTIVE
CA-000505,"Gonzalez, Reeves & Lee",Concord,Contra Costa,CA,Healthcare Law; Medical Malpractice,1980,4,(818) 555-1505,https://gonzalezreevesandlee.com,California Secretary of State + State Bar Aggregation,8.0,4.5,Small Firm (2-10),ACTIVE
CA-000506,Anderson-Peterson Partners,Concord,Contra Costa,CA,Personal Injury; Wrongful Death,1981,61,(559) 555-1506,https://andersonpetersonpartners.com,California Secretary of State + State Bar Aggregation,8.1,4.6,Large (50-200),ACTIVE
CA-000507,White & Johnson Attorneys,Concord,Contra Costa,CA,Corporate Law; Business Formation,1982,1,(510) 555-1507,https://whiteandjohnsonattorneys.com,California Secretary of State + State Bar Aggregation,8.2,4.7,Solo Practice,ACTIVE
CA-000508,Young Associates,Concord,Contra Costa,CA,Intellectual Property; Patent Law,1983,30,(650) 555-1508,https://youngassociates.com,California Secretary of State + State Bar Aggregation,8.3,4.8,Mid-Size (11-50),ACTIVE
CA-000509,The Carter LLC,Concord,Contra Costa,CA,Litigation; Civil Litigation; Trial Law,1984,8,(909) 555-1509,https://thecarterllc.com,California Secretary of State + State Bar Aggregation,8.4,4.9,Boutique,ACTIVE
CA-000510,"Parker, Jackson & Miller",Concord,Contra Costa,CA,Employment Law; HR Compliance,1985,2,(619) 555-1510,https://parkerjacksonandmiller.com,California Secretary of State + State Bar Aggregation,8.5,4.0,Small Firm (2-10),ACTIVE
CA-000511,Reeves-Green Law Group,Concord,Contra Costa,CA,Real Estate; Property Law,1986,142,(949) 555-1511,https://reevesgreenlawgroup.com,California Secretary of State + State Bar Aggregation,8.6,4.1,Large (50-200),ACTIVE
CA-000512,Rogers & Campbell LLP,Concord,Contra Costa,CA,Family Law; Divorce; Custody,1987,1,(562) 555-1512,https://rogersandcampbellllp.com,California Secretary of State + State Bar Aggregation,8.7,4.2,Solo Practice,ACTIVE
CA-000513,Reed Legal,Concord,Contra Costa,CA,Criminal Law; White Collar Crime,1988,24,(323) 555-1513,https://reedlegal.com,California Secretary of State + State Bar Aggregation,8.8,4.3,Mid-Size (11-50),ACTIVE
CA-000514,The Johnson Counsel,Concord,Contra Costa,CA,Immigration Law; Visa Matters,1989,13,(661) 555-1514,https://thejohnsoncounsel.com,California Secretary of State + State Bar Aggregation,8.9,4.4,Boutique,ACTIVE
CA-000515,"Garcia, Williams & Howard",Concord,Contra Costa,CA,Bankruptcy; Debt Relief,1990,5,(831) 555-1515,https://garciawilliamsandhoward.com,California Secretary of State + State Bar Aggregation,9.0,4.5,Small Firm (2-10),ACTIVE
CA-000516,Martinez-Rodriguez Partners,Concord,Contra Costa,CA,Environmental Law; Compliance,1991,77,(415) 555-1516,https://martinezrodriguezpartners.com,California Secretary of State + State Bar Aggregation,9.1,4.6,Large (50-200),ACTIVE
CA-000517,Lee & Chen Attorneys,Concord,Contra Costa,CA,Estate Planning; Probate,1992,1,(805) 555-1517,https://leeandchenattorneys.com,California Secretary of State + State Bar Aggregation,9.2,4.7,Solo Practice,ACTIVE
CA-000518,Brown-Miller Attorneys,San Mateo,San Mateo,CA,Real Estate; Property Law,1993,141,(949) 555-1518,https://brownmillerattorneys.com,California Secretary of State + State Bar Aggregation,9.3,4.8,Large (50-200),ACTIVE
CA-000519,Davis & Gonzalez Legal,San Mateo,San Mateo,CA,Family Law; Divorce; Custody,1994,1,(562) 555-1519,https://davisandgonzalezlegal.com,California Secretary of State + State Bar Aggregation,9.4,4.9,Solo Practice,ACTIVE
CA-000520,Lopez Counsel,San Mateo,San Mateo,CA,Criminal Law; White Collar Crime,1995,46,(323) 555-1520,https://lopezcounsel.com,California Secretary of State + State Bar Aggregation,9.5,4.0,Mid-Size (11-50),ACTIVE
CA-000521,The Kim PLLC,San Mateo,San Mateo,CA,Immigration Law; Visa Matters,1996,9,(661) 555-1521,https://thekimpllc.com,California Secretary of State + State Bar Aggregation,9.6,4.1,Boutique,ACTIVE
CA-000522,"Jackson, Phillips & Morgan",San Mateo,San Mateo,CA,Bankruptcy; Debt Relief,1997,4,(831) 555-1522,https://jacksonphillipsandmorgan.com,California Secretary of State + State Bar Aggregation,9.7,4.2,Small Firm (2-10),ACTIVE
CA-000523,Moore-Reeves LLP,San Mateo,San Mateo,CA,Environmental Law; Compliance,1998,111,(415) 555-1523,https://moorereevesllp.com,California Secretary of State + State Bar Aggregation,9.8,4.3,Large (50-200),ACTIVE
CA-000524,Nelson & Peterson Associates,San Mateo,San Mateo,CA,Estate Planning; Probate,1999,1,(805) 555-1524,https://nelsonandpetersonassociates.com,California Secretary of State + State Bar Aggregation,9.9,4.4,Solo Practice,ACTIVE
CA-000525,Campbell LLC,San Mateo,San Mateo,CA,Securities Law; Compliance; Enforcement,2000,21,(760) 555-1525,https://campbellllc.com,California Secretary of State + State Bar Aggregation,7.5,4.5,Mid-Size (11-50),ACTIVE
CA-000526,The Collins Law Firm,San Mateo,San Mateo,CA,Entertainment Law; Media & Broadcasting,2001,15,(858) 555-1526,https://thecollinslawfirm.com,California Secretary of State + State Bar Aggregation,7.6,4.6,Boutique,ACTIVE
CA-000527,"Cook, Lee & Edwards",San Mateo,San Mateo,CA,Healthcare Law; Medical Malpractice,2002,4,(714) 555-1527,https://cookleeandedwards.com,California Secretary of State + State Bar Aggregation,7.7,4.7,Small Firm (2-10),ACTIVE
CA-000528,Cooper-Jackson Attorneys,San Mateo,San Mateo,CA,Personal Injury; Wrongful Death,2003,156,(213) 555-1528,https://cooperjacksonattorneys.com,California Secretary of State + State Bar Aggregation,7.8,4.8,Large (50-200),ACTIVE
CA-000529,Smith & Green Legal,San Mateo,San Mateo,CA,Corporate Law; Business Formation,2004,1,(818) 555-1529,https://smithandgreenlegal.com,California Secretary of State + State Bar Aggregation,7.9,4.9,Solo Practice,ACTIVE
CA-000530,Jones Counsel,San Mateo,San Mateo,CA,Intellectual Property; Patent Law,2005,12,(559) 555-1530,https://jonescounsel.com,California Secretary of State + State Bar Aggregation,8.0,4.0,Mid-Size (11-50),ACTIVE
CA-000531,The Rodriguez PLLC,San Mateo,San Mateo,CA,Litigation; Civil Litigation; Trial Law,2006,5,(510) 555-1531,https://therodriguezpllc.com,California Secretary of State + State Bar Aggregation,8.1,4.1,Boutique,ACTIVE
CA-000532,Bell Law Firm,Menlo Park,San Mateo,CA,Securities Law; Compliance; Enforcement,2007,32,(760) 555-1532,https://belllawfirm.com,California Secretary of State + State Bar Aggregation,8.2,4.2,Mid-Size (11-50),ACTIVE
CA-000533,The Williams Partners,Menlo Park,San Mateo,CA,Entertainment Law; Media & Broadcasting,2008,15,(858) 555-1533,https://thewilliamspartners.com,California Secretary of State + State Bar Aggregation,8.3,4.3,Boutique,ACTIVE
CA-000534,"Miller, Morgan & Roberts",Menlo Park,San Mateo,CA,Healthcare Law; Medical Malpractice,2009,8,(714) 555-1534,https://millermorganandroberts.com,California Secretary of State + State Bar Aggregation,8.4,4.4,Small Firm (2-10),ACTIVE
CA-000535,Hernandez-Smith Associates,Menlo Park,San Mateo,CA,Personal Injury; Wrongful Death,2010,114,(213) 555-1535,https://hernandezsmithassociates.com,California Secretary of State + State Bar Aggregation,8.5,4.5,Large (50-200),ACTIVE
CA-000536,Chen & Miller Counsel,Menlo Park,San Mateo,CA,Corporate Law; Business Formation,2011,1,(818) 555-1536,https://chenandmillercounsel.com,California Secretary of State + State Bar Aggregation,8.6,4.6,Solo Practice,ACTIVE
CA-000537,Thomas PLLC,Menlo Park,San Mateo,CA,Intellectual Property; Patent Law,2012,28,(559) 555-1537,https://thomaspllc.com,California Secretary of State + State Bar Aggregation,8.7,4.7,Mid-Size (11-50),ACTIVE
CA-000538,The Martin Law Group,Menlo Park,San Mateo,CA,Litigation; Civil Litigation; Trial Law,2013,5,(510) 555-1538,https://themartinlawgroup.com,California Secretary of State + State Bar Aggregation,8.8,4.8,Boutique,ACTIVE
CA-000539,"Adams, Young & Martin",Menlo Park,San Mateo,CA,Employment Law; HR Compliance,2014,3,(650) 555-1539,https://adamsyoungandmartin.com,California Secretary of State + State Bar Aggregation,8.9,4.9,Small Firm (2-10),ACTIVE
CA-000540,Phillips-Phillips Legal,Menlo Park,San Mateo,CA,Real Estate; Property Law,2015,148,(909) 555-1540,https://phillipsphillipslegal.com,California Secretary of State + State Bar Aggregation,9.0,4.0,Large (50-200),ACTIVE
CA-000541,Edwards & Reeves LLC,Menlo Park,San Mateo,CA,Family Law; Divorce; Custody,2016,1,(619) 555-1541,https://edwardsandreevesllc.com,California Secretary of State + State Bar Aggregation,9.1,4.1,Solo Practice,ACTIVE
CA-000542,Murphy Law Firm,Menlo Park,San Mateo,CA,Criminal Law; White Collar Crime,2017,13,(949) 555-1542,https://murphylawfirm.com,California Secretary of State + State Bar Aggregation,9.2,4.2,Mid-Size (11-50),ACTIVE
CA-000543,The Peterson Partners,Menlo Park,San Mateo,CA,Immigration Law; Visa Matters,2018,10,(562) 555-1543,https://thepetersonpartners.com,California Secretary of State + State Bar Aggregation,9.3,4.3,Boutique,ACTIVE
CA-000544,"Howard, Davis & Kim",Menlo Park,San Mateo,CA,Bankruptcy; Debt Relief,2019,5,(323) 555-1544,https://howarddavisandkim.com,California Secretary of State + State Bar Aggregation,9.4,4.4,Small Firm (2-10),ACTIVE
CA-000545,Brown-Lee Associates,Menlo Park,San Mateo,CA,Environmental Law; Compliance,2020,102,(661) 555-1545,https://brownleeassociates.com,California Secretary of State + State Bar Aggregation,9.5,4.5,Large (50-200),ACTIVE
CA-000546,"Rogers, Garcia & Taylor",Malibu,Los Angeles,CA,Employment Law; HR Compliance,2021,9,(650) 555-1546,https://rogersgarciaandtaylor.com,California Secretary of State + State Bar Aggregation,9.6,4.6,Small Firm (2-10),ACTIVE
CA-000547,Reed-Lopez Counsel,Malibu,Los Angeles,CA,Real Estate; Property Law,2022,140,(909) 555-1547,https://reedlopezcounsel.com,California Secretary of State + State Bar Aggregation,9.7,4.7,Large (50-200),ACTIVE
CA-000548,Johnson & Taylor Law Firm,Malibu,Los Angeles,CA,Family Law; Divorce; Custody,2023,1,(619) 555-1548,https://johnsonandtaylorlawfirm.com,California Secretary of State + State Bar Aggregation,9.8,4.8,Solo Practice,ACTIVE
CA-000549,Garcia Partners,Malibu,Los Angeles,CA,Criminal Law; White Collar Crime,2024,30,(949) 555-1549,https://garciapartners.com,California Secretary of State + State Bar Aggregation,9.9,4.9,Mid-Size (11-50),ACTIVE
CA-000550,The Martinez LLP,Malibu,Los Angeles,CA,Immigration Law; Visa Matters,1970,15,(562) 555-1550,https://themartinezllp.com,California Secretary of State + State Bar Aggregation,7.5,4.0,Boutique,ACTIVE
CA-000551,"Lee, Collins & Hernandez",Malibu,Los Angeles,CA,Bankruptcy; Debt Relief,1971,5,(323) 555-1551,https://leecollinsandhernandez.com,California Secretary of State + State Bar Aggregation,7.6,4.1,Small Firm (2-10),ACTIVE
CA-000552,Taylor-Morgan LLC,Malibu,Los Angeles,CA,Environmental Law; Compliance,1972,108,(661) 555-1552,https://taylormorganllc.com,California Secretary of State + State Bar Aggregation,7.7,4.2,Large (50-200),ACTIVE
CA-000553,Harris & Smith PLLC,Malibu,Los Angeles,CA,Estate Planning; Probate,1973,1,(831) 555-1553,https://harrisandsmithpllc.com,California Secretary of State + State Bar Aggregation,7.8,4.3,Solo Practice,ACTIVE
CA-000554,Green Law Group,Malibu,Los Angeles,CA,Securities Law; Compliance; Enforcement,1974,12,(415) 555-1554,https://greenlawgroup.com,California Secretary of State + State Bar Aggregation,7.9,4.4,Mid-Size (11-50),ACTIVE
CA-000555,The Roberts Attorneys,Malibu,Los Angeles,CA,Entertainment Law; Media & Broadcasting,1975,13,(805) 555-1555,https://therobertsattorneys.com,California Secretary of State + State Bar Aggregation,8.0,4.5,Boutique,ACTIVE
CA-000556,"Evans, Thomas & Brown",Malibu,Los Angeles,CA,Healthcare Law; Medical Malpractice,1976,5,(760) 555-1556,https://evansthomasandbrown.com,California Secretary of State + State Bar Aggregation,8.1,4.6,Small Firm (2-10),ACTIVE
CA-000557,Morris-Young Counsel,Malibu,Los Angeles,CA,Personal Injury; Wrongful Death,1977,153,(858) 555-1557,https://morrisyoungcounsel.com,California Secretary of State + State Bar Aggregation,8.2,4.7,Large (50-200),ACTIVE
CA-000558,Morgan & Phillips Law Firm,Malibu,Los Angeles,CA,Corporate Law; Business Formation,1978,1,(714) 555-1558,https://morganandphillipslawfirm.com,California Secretary of State + State Bar Aggregation,8.3,4.8,Solo Practice,ACTIVE
CA-000559,Bell Partners,Malibu,Los Angeles,CA,Intellectual Property; Patent Law,1979,32,(213) 555-1559,https://bellpartners.com,California Secretary of State + State Bar Aggregation,8.4,4.9,Mid-Size (11-50),ACTIVE
CA-000560,Collins & Carter Law Group,Santa Monica,Los Angeles,CA,Estate Planning; Probate,1980,1,(831) 555-1560,https://collinsandcarterlawgroup.com,California Secretary of State + State Bar Aggregation,8.5,4.0,Solo Practice,ACTIVE
CA-000561,Cook Attorneys,Santa Monica,Los Angeles,CA,Securities Law; Compliance; Enforcement,1981,28,(415) 555-1561,https://cookattorneys.com,California Secretary of State + State Bar Aggregation,8.6,4.1,Mid-Size (11-50),ACTIVE
CA-000562,The Cooper Associates,Santa Monica,Los Angeles,CA,Entertainment Law; Media & Broadcasting,1982,4,(805) 555-1562,https://thecooperassociates.com,California Secretary of State + State Bar Aggregation,8.7,4.2,Boutique,ACTIVE
CA-000563,"Smith, Howard & Bell",Santa Monica,Los Angeles,CA,Healthcare Law; Medical Malpractice,1983,6,(760) 555-1563,https://smithhowardandbell.com,California Secretary of State + State Bar Aggregation,8.8,4.3,Small Firm (2-10),ACTIVE
CA-000564,Jones-Garcia PLLC,Santa Monica,Los Angeles,CA,Personal Injury; Wrongful Death,1984,140,(858) 555-1564,https://jonesgarciapllc.com,California Secretary of State + State Bar Aggregation,8.9,4.4,Large (50-200),ACTIVE
CA-000565,Rodriguez & Lopez Partners,Santa Monica,Los Angeles,CA,Corporate Law; Business Formation,1985,1,(714) 555-1565,https://rodriguezandlopezpartners.com,California Secretary of State + State Bar Aggregation,9.0,4.5,Solo Practice,ACTIVE
CA-000566,Gonzalez LLP,Santa Monica,Los Angeles,CA,Intellectual Property; Patent Law,1986,43,(213) 555-1566,https://gonzalezllp.com,California Secretary of State + State Bar Aggregation,9.1,4.6,Mid-Size (11-50),ACTIVE
CA-000567,The Anderson Legal,Santa Monica,Los Angeles,CA,Litigation; Civil Litigation; Trial Law,1987,9,(818) 555-1567,https://theandersonlegal.com,California Secretary of State + State Bar Aggregation,9.2,4.7,Boutique,ACTIVE
CA-000568,"White, Roberts & Murphy",Santa Monica,Los Angeles,CA,Employment Law; HR Compliance,1988,10,(559) 555-1568,https://whiterobertsandmurphy.com,California Secretary of State + State Bar Aggregation,9.3,4.8,Small Firm (2-10),ACTIVE
CA-000569,Young-Collins Law Firm,Santa Monica,Los Angeles,CA,Real Estate; Property Law,1989,135,(510) 555-1569,https://youngcollinslawfirm.com,California Secretary of State + State Bar Aggregation,9.4,4.9,Large (50-200),ACTIVE
CA-000570,Carter & Morgan Law Group,Santa Monica,Los Angeles,CA,Family Law; Divorce; Custody,1990,1,(650) 555-1570,https://carterandmorganlawgroup.com,California Secretary of State + State Bar Aggregation,9.5,4.0,Solo Practice,ACTIVE
CA-000571,Parker Attorneys,Santa Monica,Los Angeles,CA,Criminal Law; White Collar Crime,1991,12,(909) 555-1571,https://parkerattorneys.com,California Secretary of State + State Bar Aggregation,9.6,4.1,Mid-Size (11-50),ACTIVE
CA-000572,The Reeves Associates,Santa Monica,Los Angeles,CA,Immigration Law; Visa Matters,1992,4,(619) 555-1572,https://thereevesassociates.com,California Secretary of State + State Bar Aggregation,9.7,4.2,Boutique,ACTIVE
CA-000573,"Rogers, Gonzalez & Campbell",Santa Monica,Los Angeles,CA,Bankruptcy; Debt Relief,1993,6,(949) 555-1573,https://rogersgonzalezandcampbell.com,California Secretary of State + State Bar Aggregation,9.8,4.3,Small Firm (2-10),ACTIVE
CA-000574,The Phillips Counsel,Beverly Hills,Los Angeles,CA,Litigation; Civil Litigation; Trial Law,1994,5,(818) 555-1574,https://thephillipscounsel.com,California Secretary of State + State Bar Aggregation,9.9,4.4,Boutique,ACTIVE
CA-000575,"Edwards, Hernandez & Evans",Beverly Hills,Los Angeles,CA,Employment Law; HR Compliance,1995,6,(559) 555-1575,https://edwardshernandezandevans.com,California Secretary of State + State Bar Aggregation,7.5,4.5,Small Firm (2-10),ACTIVE
CA-000576,Murphy-Anderson Partners,Beverly Hills,Los Angeles,CA,Real Estate; Property Law,1996,60,(510) 555-1576,https://murphyandersonpartners.com,California Secretary of State + State Bar Aggregation,7.6,4.6,Large (50-200),ACTIVE
CA-000577,Peterson & Martin Attorneys,Beverly Hills,Los Angeles,CA,Family Law; Divorce; Custody,1997,1,(650) 555-1577,https://petersonandmartinattorneys.com,California Secretary of State + State Bar Aggregation,7.7,4.7,Solo Practice,ACTIVE
CA-000578,Howard Associates,Beverly Hills,Los Angeles,CA,Criminal Law; White Collar Crime,1998,17,(909) 555-1578,https://howardassociates.com,California Secretary of State + State Bar Aggregation,7.8,4.8,Mid-Size (11-50),ACTIVE
CA-000579,The Brown LLC,Beverly Hills,Los Angeles,CA,Immigration Law; Visa Matters,1999,12,(619) 555-1579,https://thebrownllc.com,California Secretary of State + State Bar Aggregation,7.9,4.9,Boutique,ACTIVE
CA-000580,"Davis, Rogers & Adams",Beverly Hills,Los Angeles,CA,Bankruptcy; Debt Relief,2000,8,(949) 555-1580,https://davisrogersandadams.com,California Secretary of State + State Bar Aggregation,8.0,4.0,Small Firm (2-10),ACTIVE
CA-000581,Lopez-Howard Law Group,Beverly Hills,Los Angeles,CA,Environmental Law; Compliance,2001,139,(562) 555-1581,https://lopezhowardlawgroup.com,California Secretary of State + State Bar Aggregation,8.1,4.1,Large (50-200),ACTIVE
CA-000582,Kim & Garcia LLP,Beverly Hills,Los Angeles,CA,Estate Planning; Probate,2002,1,(323) 555-1582,https://kimandgarciallp.com,California Secretary of State + State Bar Aggregation,8.2,4.2,Solo Practice,ACTIVE
CA-000583,Jackson Legal,Beverly Hills,Los Angeles,CA,Securities Law; Compliance; Enforcement,2003,31,(661) 555-1583,https://jacksonlegal.com,California Secretary of State + State Bar Aggregation,8.3,4.3,Mid-Size (11-50),ACTIVE
CA-000584,The Moore Counsel,Beverly Hills,Los Angeles,CA,Entertainment Law; Media & Broadcasting,2004,9,(831) 555-1584,https://themoorecounsel.com,California Secretary of State + State Bar Aggregation,8.4,4.4,Boutique,ACTIVE
CA-000585,"Nelson, Moore & Jackson",Beverly Hills,Los Angeles,CA,Healthcare Law; Medical Malpractice,2005,10,(415) 555-1585,https://nelsonmooreandjackson.com,California Secretary of State + State Bar Aggregation,8.5,4.5,Small Firm (2-10),ACTIVE
CA-000586,Campbell-Roberts Partners,Beverly Hills,Los Angeles,CA,Personal Injury; Wrongful Death,2006,80,(805) 555-1586,https://campbellrobertspartners.com,California Secretary of State + State Bar Aggregation,8.6,4.6,Large (50-200),ACTIVE
CA-000587,Collins & Collins Attorneys,Beverly Hills,Los Angeles,CA,Corporate Law; Business Formation,2007,1,(760) 555-1587,https://collinsandcollinsattorneys.com,California Secretary of State + State Bar Aggregation,8.7,4.7,Solo Practice,ACTIVE
CA-000588,Green-Nelson Attorneys,West Hollywood,Los Angeles,CA,Environmental Law; Compliance,2008,149,(562) 555-1588,https://greennelsonattorneys.com,California Secretary of State + State Bar Aggregation,8.8,4.8,Large (50-200),ACTIVE
CA-000589,Roberts & Evans Legal,West Hollywood,Los Angeles,CA,Estate Planning; Probate,2009,1,(323) 555-1589,https://robertsandevanslegal.com,California Secretary of State + State Bar Aggregation,8.9,4.9,Solo Practice,ACTIVE
CA-000590,Evans Counsel,West Hollywood,Los Angeles,CA,Securities Law; Compliance; Enforcement,2010,47,(661) 555-1590,https://evanscounsel.com,California Secretary of State + State Bar Aggregation,9.0,4.0,Mid-Size (11-50),ACTIVE
CA-000591,The Morris PLLC,West Hollywood,Los Angeles,CA,Entertainment Law; Media & Broadcasting,2011,6,(831) 555-1591,https://themorrispllc.com,California Secretary of State + State Bar Aggregation,9.1,4.1,Boutique,ACTIVE
CA-000592,"Morgan, Jones & Chen",West Hollywood,Los Angeles,CA,Healthcare Law; Medical Malpractice,2012,6,(415) 555-1592,https://morganjonesandchen.com,California Secretary of State + State Bar Aggregation,9.2,4.2,Small Firm (2-10),ACTIVE
CA-000593,Bell-Hernandez LLP,West Hollywood,Los Angeles,CA,Personal Injury; Wrongful Death,2013,62,(805) 555-1593,https://bellhernandezllp.com,California Secretary of State + State Bar Aggregation,9.3,4.3,Large (50-200),ACTIVE
CA-000594,Williams & Anderson Associates,West Hollywood,Los Angeles,CA,Corporate Law; Business Formation,2014,1,(760) 555-1594,https://williamsandandersonassociates.com,California Secretary of State + State Bar Aggregation,9.4,4.4,Solo Practice,ACTIVE
CA-000595,Miller LLC,West Hollywood,Los Angeles,CA,Intellectual Property; Patent Law,2015,38,(858) 555-1595,https://millerllc.com,California Secretary of State + State Bar Aggregation,9.5,4.5,Mid-Size (11-50),ACTIVE
CA-000596,The Hernandez Law Firm,West Hollywood,Los Angeles,CA,Litigation; Civil Litigation; Trial Law,2016,3,(714) 555-1596,https://thehernandezlawfirm.com,California Secretary of State + State Bar Aggregation,9.6,4.6,Boutique,ACTIVE
CA-000597,"Chen, Edwards & Davis",West Hollywood,Los Angeles,CA,Employment Law; HR Compliance,2017,10,(213) 555-1597,https://chenedwardsanddavis.com,California Secretary of State + State Bar Aggregation,9.7,4.7,Small Firm (2-10),ACTIVE
CA-000598,Thomas-Rogers Attorneys,West Hollywood,Los Angeles,CA,Real Estate; Property Law,2018,188,(818) 555-1598,https://thomasrogersattorneys.com,California Secretary of State + State Bar Aggregation,9.8,4.8,Large (50-200),ACTIVE
CA-000599,Martin & Howard Legal,West Hollywood,Los Angeles,CA,Family Law; Divorce; Custody,2019,1,(559) 555-1599,https://martinandhowardlegal.com,California Secretary of State + State Bar Aggregation,9.9,4.9,Solo Practice,ACTIVE
CA-000600,Adams Counsel,West Hollywood,Los Angeles,CA,Criminal Law; White Collar Crime,2020,23,(510) 555-1600,https://adamscounsel.com,California Secretary of State + State Bar Aggregation,7.5,4.0,Mid-Size (11-50),ACTIVE
CA-000601,The Phillips PLLC,West Hollywood,Los Angeles,CA,Immigration Law; Visa Matters,2021,8,(650) 555-1601,https://thephillipspllc.com,California Secretary of State + State Bar Aggregation,7.6,4.1,Boutique,ACTIVE
CA-000602,White Law Firm,Culver City,Los Angeles,CA,Intellectual Property; Patent Law,2022,38,(858) 555-1602,https://whitelawfirm.com,California Secretary of State + State Bar Aggregation,7.7,4.2,Mid-Size (11-50),ACTIVE
CA-000603,The Young Partners,Culver City,Los Angeles,CA,Litigation; Civil Litigation; Trial Law,2023,4,(714) 555-1603,https://theyoungpartners.com,California Secretary of State + State Bar Aggregation,7.8,4.3,Boutique,ACTIVE
CA-000604,"Carter, Kim & Williams",Culver City,Los Angeles,CA,Employment Law; HR Compliance,2024,7,(213) 555-1604,https://carterkimandwilliams.com,California Secretary of State + State Bar Aggregation,7.9,4.4,Small Firm (2-10),ACTIVE
CA-000605,Parker-Harris Associates,Culver City,Los Angeles,CA,Real Estate; Property Law,1970,131,(818) 555-1605,https://parkerharrisassociates.com,California Secretary of State + State Bar Aggregation,8.0,4.5,Large (50-200),ACTIVE
CA-000606,Reeves & Nelson Counsel,Culver City,Los Angeles,CA,Family Law; Divorce; Custody,1971,1,(559) 555-1606,https://reevesandnelsoncounsel.com,California Secretary of State + State Bar Aggregation,8.1,4.6,Solo Practice,ACTIVE
CA-000607,Rogers PLLC,Culver City,Los Angeles,CA,Criminal Law; White Collar Crime,1972,18,(510) 555-1607,https://rogerspllc.com,California Secretary of State + State Bar Aggregation,8.2,4.7,Mid-Size (11-50),ACTIVE
CA-000608,The Reed Law Group,Culver City,Los Angeles,CA,Immigration Law; Visa Matters,1973,14,(650) 555-1608,https://thereedlawgroup.com,California Secretary of State + State Bar Aggregation,8.3,4.8,Boutique,ACTIVE
CA-000609,"Johnson, Bell & Peterson",Culver City,Los Angeles,CA,Bankruptcy; Debt Relief,1974,6,(909) 555-1609,https://johnsonbellandpeterson.com,California Secretary of State + State Bar Aggregation,8.4,4.9,Small Firm (2-10),ACTIVE
CA-000610,Garcia-Jones Legal,Culver City,Los Angeles,CA,Environmental Law; Compliance,1975,180,(619) 555-1610,https://garciajoneslegal.com,California Secretary of State + State Bar Aggregation,8.5,4.0,Large (50-200),ACTIVE
CA-000611,Martinez & Hernandez LLC,Culver City,Los Angeles,CA,Estate Planning; Probate,1976,1,(949) 555-1611,https://martinezandhernandezllc.com,California Secretary of State + State Bar Aggregation,8.6,4.1,Solo Practice,ACTIVE
CA-000612,Lee Law Firm,Culver City,Los Angeles,CA,Securities Law; Compliance; Enforcement,1977,30,(562) 555-1612,https://leelawfirm.com,California Secretary of State + State Bar Aggregation,8.7,4.2,Mid-Size (11-50),ACTIVE
CA-000613,The Taylor Partners,Culver City,Los Angeles,CA,Entertainment Law; Media & Broadcasting,1978,13,(323) 555-1613,https://thetaylorpartners.com,California Secretary of State + State Bar Aggregation,8.8,4.3,Boutique,ACTIVE
CA-000614,"Harris, Carter & Collins",Culver City,Los Angeles,CA,Healthcare Law; Medical Malpractice,1979,8,(661) 555-1614,https://harriscarterandcollins.com,California Secretary of State + State Bar Aggregation,8.9,4.4,Small Firm (2-10),ACTIVE
CA-000615,Green-Edwards Associates,Culver City,Los Angeles,CA,Personal Injury; Wrongful Death,1980,134,(831) 555-1615,https://greenedwardsassociates.com,California Secretary of State + State Bar Aggregation,9.0,4.5,Large (50-200),ACTIVE
CA-000616,"Kim, Adams & Morris",Burbank,Los Angeles,CA,Bankruptcy; Debt Relief,1981,8,(909) 555-1616,https://kimadamsandmorris.com,California Secretary of State + State Bar Aggregation,9.1,4.6,Small Firm (2-10),ACTIVE
CA-000617,Jackson-Parker Counsel,Burbank,Los Angeles,CA,Environmental Law; Compliance,1982,126,(619) 555-1617,https://jacksonparkercounsel.com,California Secretary of State + State Bar Aggregation,9.2,4.7,Large (50-200),ACTIVE
CA-000618,Moore & Murphy Law Firm,Burbank,Los Angeles,CA,Estate Planning; Probate,1983,1,(949) 555-1618,https://mooreandmurphylawfirm.com,California Secretary of State + State Bar Aggregation,9.3,4.8,Solo Practice,ACTIVE
CA-000619,Nelson Partners,Burbank,Los Angeles,CA,Securities Law; Compliance; Enforcement,1984,46,(562) 555-1619,https://nelsonpartners.com,California Secretary of State + State Bar Aggregation,9.4,4.9,Mid-Size (11-50),ACTIVE
CA-000620,The Campbell LLP,Burbank,Los Angeles,CA,Entertainment Law; Media & Broadcasting,1985,5,(323) 555-1620,https://thecampbellllp.com,California Secretary of State + State Bar Aggregation,9.5,4.0,Boutique,ACTIVE
CA-000621,"Collins, Martinez & Phillips",Burbank,Los Angeles,CA,Healthcare Law; Medical Malpractice,1986,5,(661) 555-1621,https://collinsmartinezandphillips.com,California Secretary of State + State Bar Aggregation,9.6,4.1,Small Firm (2-10),ACTIVE
CA-000622,Cook-Kim LLC,Burbank,Los Angeles,CA,Personal Injury; Wrongful Death,1987,158,(831) 555-1622,https://cookkimllc.com,California Secretary of State + State Bar Aggregation,9.7,4.2,Large (50-200),ACTIVE
CA-000623,Cooper & Harris PLLC,Burbank,Los Angeles,CA,Corporate Law; Business Formation,1988,1,(415) 555-1623,https://cooperandharrispllc.com,California Secretary of State + State Bar Aggregation,9.8,4.3,Solo Practice,ACTIVE
CA-000624,Smith Law Group,Burbank,Los Angeles,CA,Intellectual Property; Patent Law,1989,35,(805) 555-1624,https://smithlawgroup.com,California Secretary of State + State Bar Aggregation,9.9,4.4,Mid-Size (11-50),ACTIVE
CA-000625,The Jones Attorneys,Burbank,Los Angeles,CA,Litigation; Civil Litigation; Trial Law,1990,13,(760) 555-1625,https://thejonesattorneys.com,California Secretary of State + State Bar Aggregation,7.5,4.5,Boutique,ACTIVE
CA-000626,"Rodriguez, Cook & Moore",Burbank,Los Angeles,CA,Employment Law; HR Compliance,1991,4,(858) 555-1626,https://rodriguezcookandmoore.com,California Secretary of State + State Bar Aggregation,7.6,4.6,Small Firm (2-10),ACTIVE
CA-000627,Gonzalez-Bell Counsel,Burbank,Los Angeles,CA,Real Estate; Property Law,1992,196,(714) 555-1627,https://gonzalezbellcounsel.com,California Secretary of State + State Bar Aggregation,7.7,4.7,Large (50-200),ACTIVE
CA-000628,Anderson & Jones Law Firm,Burbank,Los Angeles,CA,Family Law; Divorce; Custody,1993,1,(213) 555-1628,https://andersonandjoneslawfirm.com,California Secretary of State + State Bar Aggregation,7.8,4.8,Solo Practice,ACTIVE
CA-000629,White Partners,Burbank,Los Angeles,CA,Criminal Law; White Collar Crime,1994,30,(818) 555-1629,https://whitepartners.com,California Secretary of State + State Bar Aggregation,7.9,4.9,Mid-Size (11-50),ACTIVE
CA-000630,Hernandez & Williams Law Group,Glendale,Los Angeles,CA,Corporate Law; Business Formation,1995,1,(415) 555-1630,https://hernandezandwilliamslawgroup.com,California Secretary of State + State Bar Aggregation,8.0,4.0,Solo Practice,ACTIVE
CA-000631,Chen Attorneys,Glendale,Los Angeles,CA,Intellectual Property; Patent Law,1996,36,(805) 555-1631,https://chenattorneys.com,California Secretary of State + State Bar Aggregation,8.1,4.1,Mid-Size (11-50),ACTIVE
CA-000632,The Thomas Associates,Glendale,Los Angeles,CA,Litigation; Civil Litigation; Trial Law,1997,11,(760) 555-1632,https://thethomasassociates.com,California Secretary of State + State Bar Aggregation,8.2,4.2,Boutique,ACTIVE
CA-000633,"Martin, White & Thomas",Glendale,Los Angeles,CA,Employment Law; HR Compliance,1998,2,(858) 555-1633,https://martinwhiteandthomas.com,California Secretary of State + State Bar Aggregation,8.3,4.3,Small Firm (2-10),ACTIVE
CA-000634,Adams-Adams PLLC,Glendale,Los Angeles,CA,Real Estate; Property Law,1999,128,(714) 555-1634,https://adamsadamspllc.com,California Secretary of State + State Bar Aggregation,8.4,4.4,Large (50-200),ACTIVE
CA-000635,Phillips & Parker Partners,Glendale,Los Angeles,CA,Family Law; Divorce; Custody,2000,1,(213) 555-1635,https://phillipsandparkerpartners.com,California Secretary of State + State Bar Aggregation,8.5,4.5,Solo Practice,ACTIVE
CA-000636,Edwards LLP,Glendale,Los Angeles,CA,Criminal Law; White Collar Crime,2001,29,(818) 555-1636,https://edwardsllp.com,California Secretary of State + State Bar Aggregation,8.6,4.6,Mid-Size (11-50),ACTIVE
CA-000637,The Murphy Legal,Glendale,Los Angeles,CA,Immigration Law; Visa Matters,2002,6,(559) 555-1637,https://themurphylegal.com,California Secretary of State + State Bar Aggregation,8.7,4.7,Boutique,ACTIVE
CA-000638,"Peterson, Brown & Lopez",Glendale,Los Angeles,CA,Bankruptcy; Debt Relief,2003,8,(510) 555-1638,https://petersonbrownandlopez.com,California Secretary of State + State Bar Aggregation,8.8,4.8,Small Firm (2-10),ACTIVE
CA-000639,Howard-Martinez Law Firm,Glendale,Los Angeles,CA,Environmental Law; Compliance,2004,199,(650) 555-1639,https://howardmartinezlawfirm.com,California Secretary of State + State Bar Aggregation,8.9,4.9,Large (50-200),ACTIVE
CA-000640,Brown & Kim Law Group,Glendale,Los Angeles,CA,Estate Planning; Probate,2005,1,(909) 555-1640,https://brownandkimlawgroup.com,California Secretary of State + State Bar Aggregation,9.0,4.0,Solo Practice,ACTIVE
CA-000641,Davis Attorneys,Glendale,Los Angeles,CA,Securities Law; Compliance; Enforcement,2006,49,(619) 555-1641,https://davisattorneys.com,California Secretary of State + State Bar Aggregation,9.1,4.1,Mid-Size (11-50),ACTIVE
CA-000642,The Lopez Associates,Glendale,Los Angeles,CA,Entertainment Law; Media & Broadcasting,2007,13,(949) 555-1642,https://thelopezassociates.com,California Secretary of State + State Bar Aggregation,9.2,4.2,Boutique,ACTIVE
CA-000643,"Kim, Evans & Jones",Glendale,Los Angeles,CA,Healthcare Law; Medical Malpractice,2008,7,(562) 555-1643,https://kimevansandjones.com,California Secretary of State + State Bar Aggregation,9.3,4.3,Small Firm (2-10),ACTIVE
CA-000644,The Garcia Counsel,Pasadena,Los Angeles,CA,Immigration Law; Visa Matters,2009,10,(559) 555-1644,https://thegarciacounsel.com,California Secretary of State + State Bar Aggregation,9.4,4.4,Boutique,ACTIVE
CA-000645,"Martinez, Campbell & Miller",Pasadena,Los Angeles,CA,Bankruptcy; Debt Relief,2010,9,(510) 555-1645,https://martinezcampbellandmiller.com,California Secretary of State + State Bar Aggregation,9.5,4.5,Small Firm (2-10),ACTIVE
CA-000646,Lee-Morris Partners,Pasadena,Los Angeles,CA,Environmental Law; Compliance,2011,164,(650) 555-1646,https://leemorrispartners.com,California Secretary of State + State Bar Aggregation,9.6,4.6,Large (50-200),ACTIVE
CA-000647,Taylor & Cooper Attorneys,Pasadena,Los Angeles,CA,Estate Planning; Probate,2012,1,(909) 555-1647,https://taylorandcooperattorneys.com,California Secretary of State + State Bar Aggregation,9.7,4.7,Solo Practice,ACTIVE
CA-000648,Harris Associates,Pasadena,Los Angeles,CA,Securities Law; Compliance; Enforcement,2013,24,(619) 555-1648,https://harrisassociates.com,California Secretary of State + State Bar Aggregation,9.8,4.8,Mid-Size (11-50),ACTIVE
CA-000649,The Green LLC,Pasadena,Los Angeles,CA,Entertainment Law; Media & Broadcasting,2014,11,(949) 555-1649,https://thegreenllc.com,California Secretary of State + State Bar Aggregation,9.9,4.9,Boutique,ACTIVE
CA-000650,"Roberts, Chen & Howard",Pasadena,Los Angeles,CA,Healthcare Law; Medical Malpractice,2015,9,(562) 555-1650,https://robertschenandhoward.com,California Secretary of State + State Bar Aggregation,7.5,4.0,Small Firm (2-10),ACTIVE
CA-000651,Evans-White Law Group,Pasadena,Los Angeles,CA,Personal Injury; Wrongful Death,2016,94,(323) 555-1651,https://evanswhitelawgroup.com,California Secretary of State + State Bar Aggregation,7.6,4.1,Large (50-200),ACTIVE
CA-000652,Morris & Adams LLP,Pasadena,Los Angeles,CA,Corporate Law; Business Formation,2017,1,(661) 555-1652,https://morrisandadamsllp.com,California Secretary of State + State Bar Aggregation,7.7,4.2,Solo Practice,ACTIVE
CA-000653,Morgan Legal,Pasadena,Los Angeles,CA,Intellectual Property; Patent Law,2018,16,(831) 555-1653,https://morganlegal.com,California Secretary of State + State Bar Aggregation,7.8,4.3,Mid-Size (11-50),ACTIVE
CA-000654,The Bell Counsel,Pasadena,Los Angeles,CA,Litigation; Civil Litigation; Trial Law,2019,7,(415) 555-1654,https://thebellcounsel.com,California Secretary of State + State Bar Aggregation,7.9,4.4,Boutique,ACTIVE
CA-000655,"Williams, Reed & Cook",Pasadena,Los Angeles,CA,Employment Law; HR Compliance,2020,10,(805) 555-1655,https://williamsreedandcook.com,California Secretary of State + State Bar Aggregation,8.0,4.5,Small Firm (2-10),ACTIVE
CA-000656,Miller-Brown Partners,Pasadena,Los Angeles,CA,Real Estate; Property Law,2021,136,(760) 555-1656,https://millerbrownpartners.com,California Secretary of State + State Bar Aggregation,8.1,4.6,Large (50-200),ACTIVE
CA-000657,Hernandez & Martinez Attorneys,Pasadena,Los Angeles,CA,Family Law; Divorce; Custody,2022,1,(858) 555-1657,https://hernandezandmartinezattorneys.com,California Secretary of State + State Bar Aggregation,8.2,4.7,Solo Practice,ACTIVE
CA-000658,Smith-Johnson Attorneys,Santa Barbara,Santa Barbara,CA,Personal Injury; Wrongful Death,2023,74,(323) 555-1658,https://smithjohnsonattorneys.com,California Secretary of State + State Bar Aggregation,8.3,4.8,Large (50-200),ACTIVE
CA-000659,Jones & Davis Legal,Santa Barbara,Santa Barbara,CA,Corporate Law; Business Formation,2024,1,(661) 555-1659,https://jonesanddavislegal.com,California Secretary of State + State Bar Aggregation,8.4,4.9,Solo Practice,ACTIVE
CA-000660,Rodriguez Counsel,Santa Barbara,Santa Barbara,CA,Intellectual Property; Patent Law,1970,26,(831) 555-1660,https://rodriguezcounsel.com,California Secretary of State + State Bar Aggregation,8.5,4.0,Mid-Size (11-50),ACTIVE
CA-000661,The Gonzalez PLLC,Santa Barbara,Santa Barbara,CA,Litigation; Civil Litigation; Trial Law,1971,13,(415) 555-1661,https://thegonzalezpllc.com,California Secretary of State + State Bar Aggregation,8.6,4.1,Boutique,ACTIVE
CA-000662,"Anderson, Green & Edwards",Santa Barbara,Santa Barbara,CA,Employment Law; HR Compliance,1972,6,(805) 555-1662,https://andersongreenandedwards.com,California Secretary of State + State Bar Aggregation,8.7,4.2,Small Firm (2-10),ACTIVE
CA-000663,White-Campbell LLP,Santa Barbara,Santa Barbara,CA,Real Estate; Property Law,1973,108,(760) 555-1663,https://whitecampbellllp.com,California Secretary of State + State Bar Aggregation,8.8,4.3,Large (50-200),ACTIVE
CA-000664,Young & Morris Associates,Santa Barbara,Santa Barbara,CA,Family Law; Divorce; Custody,1974,1,(858) 555-1664,https://youngandmorrisassociates.com,California Secretary of State + State Bar Aggregation,8.9,4.4,Solo Practice,ACTIVE
CA-000665,Carter LLC,Santa Barbara,Santa Barbara,CA,Criminal Law; White Collar Crime,1975,23,(714) 555-1665,https://carterllc.com,California Secretary of State + State Bar Aggregation,9.0,4.5,Mid-Size (11-50),ACTIVE
CA-000666,The Parker Law Firm,Santa Barbara,Santa Barbara,CA,Immigration Law; Visa Matters,1976,5,(213) 555-1666,https://theparkerlawfirm.com,California Secretary of State + State Bar Aggregation,9.1,4.6,Boutique,ACTIVE
CA-000667,"Reeves, Rodriguez & Nelson",Santa Barbara,Santa Barbara,CA,Bankruptcy; Debt Relief,1977,2,(818) 555-1667,https://reevesrodriguezandnelson.com,California Secretary of State + State Bar Aggregation,9.2,4.7,Small Firm (2-10),ACTIVE
CA-000668,Rogers-Chen Attorneys,Santa Barbara,Santa Barbara,CA,Environmental Law; Compliance,1978,62,(559) 555-1668,https://rogerschenattorneys.com,California Secretary of State + State Bar Aggregation,9.3,4.8,Large (50-200),ACTIVE
CA-000669,Reed & White Legal,Santa Barbara,Santa Barbara,CA,Estate Planning; Probate,1979,1,(510) 555-1669,https://reedandwhitelegal.com,California Secretary of State + State Bar Aggregation,9.4,4.9,Solo Practice,ACTIVE
CA-000670,Johnson Counsel,Santa Barbara,Santa Barbara,CA,Securities Law; Compliance; Enforcement,1980,26,(650) 555-1670,https://johnsoncounsel.com,California Secretary of State + State Bar Aggregation,9.5,4.0,Mid-Size (11-50),ACTIVE
CA-000671,The Garcia PLLC,Santa Barbara,Santa Barbara,CA,Entertainment Law; Media & Broadcasting,1981,10,(909) 555-1671,https://thegarciapllc.com,California Secretary of State + State Bar Aggregation,9.6,4.1,Boutique,ACTIVE
CA-000672,Peterson Law Firm,San Luis Obispo,San Luis Obispo,CA,Criminal Law; White Collar Crime,1982,50,(714) 555-1672,https://petersonlawfirm.com,California Secretary of State + State Bar Aggregation,9.7,4.2,Mid-Size (11-50),ACTIVE
CA-000673,The Howard Partners,San Luis Obispo,San Luis Obispo,CA,Immigration Law; Visa Matters,1983,15,(213) 555-1673,https://thehowardpartners.com,California Secretary of State + State Bar Aggregation,9.8,4.3,Boutique,ACTIVE
CA-000674,"Brown, Reeves & Martin",San Luis Obispo,San Luis Obispo,CA,Bankruptcy; Debt Relief,1984,3,(818) 555-1674,https://brownreevesandmartin.com,California Secretary of State + State Bar Aggregation,9.9,4.4,Small Firm (2-10),ACTIVE
CA-000675,Davis-Peterson Associates,San Luis Obispo,San Luis Obispo,CA,Environmental Law; Compliance,1985,167,(559) 555-1675,https://davispetersonassociates.com,California Secretary of State + State Bar Aggregation,7.5,4.5,Large (50-200),ACTIVE
CA-000676,Lopez & Johnson Counsel,San Luis Obispo,San Luis Obispo,CA,Estate Planning; Probate,1986,1,(510) 555-1676,https://lopezandjohnsoncounsel.com,California Secretary of State + State Bar Aggregation,7.6,4.6,Solo Practice,ACTIVE
CA-000677,Kim PLLC,San Luis Obispo,San Luis Obispo,CA,Securities Law; Compliance; Enforcement,1987,37,(650) 555-1677,https://kimpllc.com,California Secretary of State + State Bar Aggregation,7.7,4.7,Mid-Size (11-50),ACTIVE
CA-000678,The Jackson Law Group,San Luis Obispo,San Luis Obispo,CA,Entertainment Law; Media & Broadcasting,1988,13,(909) 555-1678,https://thejacksonlawgroup.com,California Secretary of State + State Bar Aggregation,7.8,4.8,Boutique,ACTIVE
CA-000679,"Moore, Jackson & Kim",San Luis Obispo,San Luis Obispo,CA,Healthcare Law; Medical Malpractice,1989,5,(619) 555-1679,https://moorejacksonandkim.com,California Secretary of State + State Bar Aggregation,7.9,4.9,Small Firm (2-10),ACTIVE
CA-000680,Nelson-Green Legal,San Luis Obispo,San Luis Obispo,CA,Personal Injury; Wrongful Death,1990,149,(949) 555-1680,https://nelsongreenlegal.com,California Secretary of State + State Bar Aggregation,8.0,4.0,Large (50-200),ACTIVE
CA-000681,Campbell & Campbell LLC,San Luis Obispo,San Luis Obispo,CA,Corporate Law; Business Formation,1991,1,(562) 555-1681,https://campbellandcampbellllc.com,California Secretary of State + State Bar Aggregation,8.1,4.1,Solo Practice,ACTIVE
CA-000682,Collins Law Firm,San Luis Obispo,San Luis Obispo,CA,Intellectual Property; Patent Law,1992,42,(323) 555-1682,https://collinslawfirm.com,California Secretary of State + State Bar Aggregation,8.2,4.2,Mid-Size (11-50),ACTIVE
CA-000683,The Cook Partners,San Luis Obispo,San Luis Obispo,CA,Litigation; Civil Litigation; Trial Law,1993,9,(661) 555-1683,https://thecookpartners.com,California Secretary of State + State Bar Aggregation,8.3,4.3,Boutique,ACTIVE
CA-000684,"Cooper, Williams & Rodriguez",San Luis Obispo,San Luis Obispo,CA,Employment Law; HR Compliance,1994,5,(831) 555-1684,https://cooperwilliamsandrodriguez.com,California Secretary of State + State Bar Aggregation,8.4,4.4,Small Firm (2-10),ACTIVE
CA-000685,Smith-Rodriguez Associates,San Luis Obispo,San Luis Obispo,CA,Real Estate; Property Law,1995,88,(415) 555-1685,https://smithrodriguezassociates.com,California Secretary of State + State Bar Aggregation,8.5,4.5,Large (50-200),ACTIVE
CA-000686,"Morris, Smith & Hernandez",Monterey,Monterey,CA,Healthcare Law; Medical Malpractice,1996,2,(619) 555-1686,https://morrissmithandhernandez.com,California Secretary of State + State Bar Aggregation,8.6,4.6,Small Firm (2-10),ACTIVE
CA-000687,Morgan-Miller Counsel,Monterey,Monterey,CA,Personal Injury; Wrongful Death,1997,78,(949) 555-1687,https://morganmillercounsel.com,California Secretary of State + State Bar Aggregation,8.7,4.7,Large (50-200),ACTIVE
CA-000688,Bell & Gonzalez Law Firm,Monterey,Monterey,CA,Corporate Law; Business Formation,1998,1,(562) 555-1688,https://bellandgonzalezlawfirm.com,California Secretary of State + State Bar Aggregation,8.8,4.8,Solo Practice,ACTIVE
CA-000689,Williams Partners,Monterey,Monterey,CA,Intellectual Property; Patent Law,1999,38,(323) 555-1689,https://williamspartners.com,California Secretary of State + State Bar Aggregation,8.9,4.9,Mid-Size (11-50),ACTIVE
CA-000690,The Miller LLP,Monterey,Monterey,CA,Litigation; Civil Litigation; Trial Law,2000,6,(661) 555-1690,https://themillerllp.com,California Secretary of State + State Bar Aggregation,9.0,4.0,Boutique,ACTIVE
CA-000691,"Hernandez, Phillips & Brown",Monterey,Monterey,CA,Employment Law; HR Compliance,2001,4,(831) 555-1691,https://hernandezphillipsandbrown.com,California Secretary of State + State Bar Aggregation,9.1,4.1,Small Firm (2-10),ACTIVE
CA-000692,Chen-Reeves LLC,Monterey,Monterey,CA,Real Estate; Property Law,2002,183,(415) 555-1692,https://chenreevesllc.com,California Secretary of State + State Bar Aggregation,9.2,4.2,Large (50-200),ACTIVE
CA-000693,Thomas & Peterson PLLC,Monterey,Monterey,CA,Family Law; Divorce; Custody,2003,1,(805) 555-1693,https://thomasandpetersonpllc.com,California Secretary of State + State Bar Aggregation,9.3,4.3,Solo Practice,ACTIVE
CA-000694,Martin Law Group,Monterey,Monterey,CA,Criminal Law; White Collar Crime,2004,40,(760) 555-1694,https://martinlawgroup.com,California Secretary of State + State Bar Aggregation,9.4,4.4,Mid-Size (11-50),ACTIVE
CA-000695,The Adams Attorneys,Monterey,Monterey,CA,Immigration Law; Visa Matters,2005,3,(858) 555-1695,https://theadamsattorneys.com,California Secretary of State + State Bar Aggregation,9.5,4.5,Boutique,ACTIVE
CA-000696,"Phillips, Lee & Cooper",Monterey,Monterey,CA,Bankruptcy; Debt Relief,2006,10,(714) 555-1696,https://phillipsleeandcooper.com,California Secretary of State + State Bar Aggregation,9.6,4.6,Small Firm (2-10),ACTIVE
CA-000697,Edwards-Jackson Counsel,Monterey,Monterey,CA,Environmental Law; Compliance,2007,114,(213) 555-1697,https://edwardsjacksoncounsel.com,California Secretary of State + State Bar Aggregation,9.7,4.7,Large (50-200),ACTIVE
CA-000698,Murphy & Green Law Firm,Monterey,Monterey,CA,Estate Planning; Probate,2008,1,(818) 555-1698,https://murphyandgreenlawfirm.com,California Secretary of State + State Bar Aggregation,9.8,4.8,Solo Practice,ACTIVE
CA-000699,Peterson Partners,Monterey,Monterey,CA,Securities Law; Compliance; Enforcement,2009,18,(559) 555-1699,https://petersonpartners.com,California Secretary of State + State Bar Aggregation,9.9,4.9,Mid-Size (11-50),ACTIVE
CA-000700,Parker & Moore Law Group,Carmel,Monterey,CA,Family Law; Divorce; Custody,2010,1,(805) 555-1700,https://parkerandmoorelawgroup.com,California Secretary of State + State Bar Aggregation,7.5,4.0,Solo Practice,ACTIVE
CA-000701,Reeves Attorneys,Carmel,Monterey,CA,Criminal Law; White Collar Crime,2011,40,(760) 555-1701,https://reevesattorneys.com,California Secretary of State + State Bar Aggregation,7.6,4.1,Mid-Size (11-50),ACTIVE
CA-000702,The Rogers Associates,Carmel,Monterey,CA,Immigration Law; Visa Matters,2012,5,(858) 555-1702,https://therogersassociates.com,California Secretary of State + State Bar Aggregation,7.7,4.2,Boutique,ACTIVE
CA-000703,"Reed, Morgan & Murphy",Carmel,Monterey,CA,Bankruptcy; Debt Relief,2013,9,(714) 555-1703,https://reedmorganandmurphy.com,California Secretary of State + State Bar Aggregation,7.8,4.3,Small Firm (2-10),ACTIVE
CA-000704,Johnson-Smith PLLC,Carmel,Monterey,CA,Environmental Law; Compliance,2014,186,(213) 555-1704,https://johnsonsmithpllc.com,California Secretary of State + State Bar Aggregation,7.9,4.4,Large (50-200),ACTIVE
CA-000705,Garcia & Miller Partners,Carmel,Monterey,CA,Estate Planning; Probate,2015,1,(818) 555-1705,https://garciaandmillerpartners.com,California Secretary of State + State Bar Aggregation,8.0,4.5,Solo Practice,ACTIVE
CA-000706,Martinez LLP,Carmel,Monterey,CA,Securities Law; Compliance; Enforcement,2016,46,(559) 555-1706,https://martinezllp.com,California Secretary of State + State Bar Aggregation,8.1,4.6,Mid-Size (11-50),ACTIVE
CA-000707,The Lee Legal,Carmel,Monterey,CA,Entertainment Law; Media & Broadcasting,2017,12,(510) 555-1707,https://theleelegal.com,California Secretary of State + State Bar Aggregation,8.2,4.7,Boutique,ACTIVE
CA-000708,"Taylor, Young & Campbell",Carmel,Monterey,CA,Healthcare Law; Medical Malpractice,2018,7,(650) 555-1708,https://tayloryoungandcampbell.com,California Secretary of State + State Bar Aggregation,8.3,4.8,Small Firm (2-10),ACTIVE
CA-000709,Harris-Phillips Law Firm,Carmel,Monterey,CA,Personal Injury; Wrongful Death,2019,164,(909) 555-1709,https://harrisphillipslawfirm.com,California Secretary of State + State Bar Aggregation,8.4,4.9,Large (50-200),ACTIVE
CA-000710,Green & Reeves Law Group,Carmel,Monterey,CA,Corporate Law; Business Formation,2020,1,(619) 555-1710,https://greenandreeveslawgroup.com,California Secretary of State + State Bar Aggregation,8.5,4.0,Solo Practice,ACTIVE
CA-000711,Roberts Attorneys,Carmel,Monterey,CA,Intellectual Property; Patent Law,2021,50,(949) 555-1711,https://robertsattorneys.com,California Secretary of State + State Bar Aggregation,8.6,4.1,Mid-Size (11-50),ACTIVE
CA-000712,The Evans Associates,Carmel,Monterey,CA,Litigation; Civil Litigation; Trial Law,2022,14,(562) 555-1712,https://theevansassociates.com,California Secretary of State + State Bar Aggregation,8.7,4.2,Boutique,ACTIVE
CA-000713,"Morris, Davis & Young",Carmel,Monterey,CA,Employment Law; HR Compliance,2023,10,(323) 555-1713,https://morrisdavisandyoung.com,California Secretary of State + State Bar Aggregation,8.8,4.3,Small Firm (2-10),ACTIVE
CA-000714,The Nelson Counsel,Santa Cruz,Santa Cruz,CA,Entertainment Law; Media & Broadcasting,2024,9,(510) 555-1714,https://thenelsoncounsel.com,California Secretary of State + State Bar Aggregation,8.9,4.4,Boutique,ACTIVE
CA-000715,"Campbell, Garcia & Adams",Santa Cruz,Santa Cruz,CA,Healthcare Law; Medical Malpractice,1970,10,(650) 555-1715,https://campbellgarciaandadams.com,California Secretary of State + State Bar Aggregation,9.0,4.5,Small Firm (2-10),ACTIVE
CA-000716,Collins-Lopez Partners,Santa Cruz,Santa Cruz,CA,Personal Injury; Wrongful Death,1971,165,(909) 555-1716,https://collinslopezpartners.com,California Secretary of State + State Bar Aggregation,9.1,4.6,Large (50-200),ACTIVE
CA-000717,Cook & Taylor Attorneys,Santa Cruz,Santa Cruz,CA,Corporate Law; Business Formation,1972,1,(619) 555-1717,https://cookandtaylorattorneys.com,California Secretary of State + State Bar Aggregation,9.2,4.7,Solo Practice,ACTIVE
CA-000718,Cooper Associates,Santa Cruz,Santa Cruz,CA,Intellectual Property; Patent Law,1973,21,(949) 555-1718,https://cooperassociates.com,California Secretary of State + State Bar Aggregation,9.3,4.8,Mid-Size (11-50),ACTIVE
CA-000719,The Smith LLC,Santa Cruz,Santa Cruz,CA,Litigation; Civil Litigation; Trial Law,1974,14,(562) 555-1719,https://thesmithllc.com,California Secretary of State + State Bar Aggregation,9.4,4.9,Boutique,ACTIVE
CA-000720,"Jones, Collins & Jackson",Santa Cruz,Santa Cruz,CA,Employment Law; HR Compliance,1975,9,(323) 555-1720,https://jonescollinsandjackson.com,California Secretary of State + State Bar Aggregation,9.5,4.0,Small Firm (2-10),ACTIVE
CA-000721,Rodriguez-Morgan Law Group,Santa Cruz,Santa Cruz,CA,Real Estate; Property Law,1976,166,(661) 555-1721,https://rodriguezmorganlawgroup.com,California Secretary of State + State Bar Aggregation,9.6,4.1,Large (50-200),ACTIVE
CA-000722,Gonzalez & Smith LLP,Santa Cruz,Santa Cruz,CA,Family Law; Divorce; Custody,1977,1,(831) 555-1722,https://gonzalezandsmithllp.com,California Secretary of State + State Bar Aggregation,9.7,4.2,Solo Practice,ACTIVE
CA-000723,Anderson Legal,Santa Cruz,Santa Cruz,CA,Criminal Law; White Collar Crime,1978,27,(415) 555-1723,https://andersonlegal.com,California Secretary of State + State Bar Aggregation,9.8,4.3,Mid-Size (11-50),ACTIVE
CA-000724,The White Counsel,Santa Cruz,Santa Cruz,CA,Immigration Law; Visa Matters,1979,15,(805) 555-1724,https://thewhitecounsel.com,California Secretary of State + State Bar Aggregation,9.9,4.4,Boutique,ACTIVE
CA-000725,"Young, Thomas & Gonzalez",Santa Cruz,Santa Cruz,CA,Bankruptcy; Debt Relief,1980,5,(760) 555-1725,https://youngthomasandgonzalez.com,California Secretary of State + State Bar Aggregation,7.5,4.5,Small Firm (2-10),ACTIVE
CA-000726,Carter-Young Partners,Santa Cruz,Santa Cruz,CA,Environmental Law; Compliance,1981,121,(858) 555-1726,https://carteryoungpartners.com,California Secretary of State + State Bar Aggregation,7.6,4.6,Large (50-200),ACTIVE
CA-000727,Parker & Phillips Attorneys,Santa Cruz,Santa Cruz,CA,Estate Planning; Probate,1982,1,(714) 555-1727,https://parkerandphillipsattorneys.com,California Secretary of State + State Bar Aggregation,7.7,4.7,Solo Practice,ACTIVE
CA-000728,Martin-Martin Attorneys,Napa,Napa,CA,Real Estate; Property Law,1983,184,(661) 555-1728,https://martinmartinattorneys.com,California Secretary of State + State Bar Aggregation,7.8,4.8,Large (50-200),ACTIVE
CA-000729,Adams & Carter Legal,Napa,Napa,CA,Family Law; Divorce; Custody,1984,1,(831) 555-1729,https://adamsandcarterlegal.com,California Secretary of State + State Bar Aggregation,7.9,4.9,Solo Practice,ACTIVE
CA-000730,Phillips Counsel,Napa,Napa,CA,Criminal Law; White Collar Crime,1985,42,(415) 555-1730,https://phillipscounsel.com,California Secretary of State + State Bar Aggregation,8.0,4.0,Mid-Size (11-50),ACTIVE
CA-000731,The Edwards PLLC,Napa,Napa,CA,Immigration Law; Visa Matters,1986,13,(805) 555-1731,https://theedwardspllc.com,California Secretary of State + State Bar Aggregation,8.1,4.1,Boutique,ACTIVE
CA-000732,"Murphy, Howard & Davis",Napa,Napa,CA,Bankruptcy; Debt Relief,1987,5,(760) 555-1732,https://murphyhowardanddavis.com,California Secretary of State + State Bar Aggregation,8.2,4.2,Small Firm (2-10),ACTIVE
CA-000733,Peterson-Garcia LLP,Napa,Napa,CA,Environmental Law; Compliance,1988,121,(858) 555-1733,https://petersongarciallp.com,California Secretary of State + State Bar Aggregation,8.3,4.3,Large (50-200),ACTIVE
CA-000734,Howard & Lopez Associates,Napa,Napa,CA,Estate Planning; Probate,1989,1,(714) 555-1734,https://howardandlopezassociates.com,California Secretary of State + State Bar Aggregation,8.4,4.4,Solo Practice,ACTIVE
CA-000735,Brown LLC,Napa,Napa,CA,Securities Law; Compliance; Enforcement,1990,39,(213) 555-1735,https://brownllc.com,California Secretary of State + State Bar Aggregation,8.5,4.5,Mid-Size (11-50),ACTIVE
CA-000736,The Davis Law Firm,Napa,Napa,CA,Entertainment Law; Media & Broadcasting,1991,4,(818) 555-1736,https://thedavislawfirm.com,California Secretary of State + State Bar Aggregation,8.6,4.6,Boutique,ACTIVE
CA-000737,"Lopez, Roberts & Smith",Napa,Napa,CA,Healthcare Law; Medical Malpractice,1992,6,(559) 555-1737,https://lopezrobertsandsmith.com,California Secretary of State + State Bar Aggregation,8.7,4.7,Small Firm (2-10),ACTIVE
CA-000738,Kim-Collins Attorneys,Napa,Napa,CA,Personal Injury; Wrongful Death,1993,111,(510) 555-1738,https://kimcollinsattorneys.com,California Secretary of State + State Bar Aggregation,8.8,4.8,Large (50-200),ACTIVE
CA-000739,Jackson & Morgan Legal,Napa,Napa,CA,Corporate Law; Business Formation,1994,1,(650) 555-1739,https://jacksonandmorganlegal.com,California Secretary of State + State Bar Aggregation,8.9,4.9,Solo Practice,ACTIVE
CA-000740,Moore Counsel,Napa,Napa,CA,Intellectual Property; Patent Law,1995,28,(909) 555-1740,https://moorecounsel.com,California Secretary of State + State Bar Aggregation,9.0,4.0,Mid-Size (11-50),ACTIVE
CA-000741,The Nelson PLLC,Napa,Napa,CA,Litigation; Civil Litigation; Trial Law,1996,8,(619) 555-1741,https://thenelsonpllc.com,California Secretary of State + State Bar Aggregation,9.1,4.1,Boutique,ACTIVE
CA-000742,Taylor Law Firm,Sonoma,Sonoma,CA,Securities Law; Compliance; Enforcement,1997,31,(213) 555-1742,https://taylorlawfirm.com,California Secretary of State + State Bar Aggregation,9.2,4.2,Mid-Size (11-50),ACTIVE
CA-000743,The Harris Partners,Sonoma,Sonoma,CA,Entertainment Law; Media & Broadcasting,1998,11,(818) 555-1743,https://theharrispartners.com,California Secretary of State + State Bar Aggregation,9.3,4.3,Boutique,ACTIVE
CA-000744,"Green, Hernandez & Peterson",Sonoma,Sonoma,CA,Healthcare Law; Medical Malpractice,1999,3,(559) 555-1744,https://greenhernandezandpeterson.com,California Secretary of State + State Bar Aggregation,9.4,4.4,Small Firm (2-10),ACTIVE
CA-000745,Roberts-Anderson Associates,Sonoma,Sonoma,CA,Personal Injury; Wrongful Death,2000,86,(510) 555-1745,https://robertsandersonassociates.com,California Secretary of State + State Bar Aggregation,9.5,4.5,Large (50-200),ACTIVE
CA-000746,Evans & Martin Counsel,Sonoma,Sonoma,CA,Corporate Law; Business Formation,2001,1,(650) 555-1746,https://evansandmartincounsel.com,California Secretary of State + State Bar Aggregation,9.6,4.6,Solo Practice,ACTIVE
CA-000747,Morris PLLC,Sonoma,Sonoma,CA,Intellectual Property; Patent Law,2002,20,(909) 555-1747,https://morrispllc.com,California Secretary of State + State Bar Aggregation,9.7,4.7,Mid-Size (11-50),ACTIVE
CA-000748,The Morgan Law Group,Sonoma,Sonoma,CA,Litigation; Civil Litigation; Trial Law,2003,6,(619) 555-1748,https://themorganlawgroup.com,California Secretary of State + State Bar Aggregation,9.8,4.8,Boutique,ACTIVE
CA-000749,"Bell, Rogers & Collins",Sonoma,Sonoma,CA,Employment Law; HR Compliance,2004,8,(949) 555-1749,https://bellrogersandcollins.com,California Secretary of State + State Bar Aggregation,9.9,4.9,Small Firm (2-10),ACTIVE
