firm_id,firm_name,city,county,state,practice_areas,year_founded,estimated_attorney_count,phone,website,verified_source,avvo_rating,google_rating,firm_type,status
NC-000000,Cook Legal,Alamance (County),Alamance,NC,Appeals; Real Estate; Criminal Defense; Landlord/Tenant; Divorce,2003,272,(910) 503-1665,https://cooklegallaw.com,North Carolina State Bar + Public Registry + Avvo,9.3,4.1,Very Large (200+),ACTIVE
NC-000001,Harris Law Firm,Alamance (County),Alamance,NC,Custody; Administrative Law; Property Law; Contract Law,1963,9,(910) 857-7305,https://harrislawfirmlaw.com,North Carolina State Bar + Public Registry + Avvo,7.8,4.4,Small Firm (2-10),ACTIVE
NC-000002,Ramirez & Smith,Alamance (County),Alamance,NC,Probate; Construction Law; Estate Planning; Landlord/Tenant; Criminal Law,1999,13,(910) 479-2264,https://ramirezandsmithlaw.com,North Carolina State Bar + Public Registry + Avvo,8.7,4.9,Mid-Size (11-50),ACTIVE
NC-000003,Taylor Solutions,Alamance (County),Alamance,NC,Corporate Law; Custody,1987,24,(336) 991-5423,https://taylorsolutionslaw.com,North Carolina State Bar + Public Registry + Avvo,8.6,4.5,Mid-Size (11-50),ACTIVE
NC-000004,Scott Law Firm,Alamance (County),Alamance,NC,Civil Litigation; Criminal Law; Contract Law; Tax Law; Medical Malpractice,1973,35,(919) 595-1670,https://scottlawfirmlaw.com,North Carolina State Bar + Public Registry + Avvo,7.9,4.9,Mid-Size (11-50),ACTIVE
NC-000005,Ramirez Counsel,Alamance (County),Alamance,NC,Property Law; Estate Planning; Estate Taxes; Family Law,2005,14,(252) 574-2456,https://ramirezcounsellaw.com,North Carolina State Bar + Public Registry + Avvo,9.9,4.3,Mid-Size (11-50),ACTIVE
NC-000006,"Cook, Lee & Associates",Alamance (County),Alamance,NC,Workers Compensation; Immigration Law; Property Law,1983,113,(910) 902-7270,https://cookleeandassociateslaw.com,North Carolina State Bar + Public Registry + Avvo,9.2,4.1,Large (50-200),ACTIVE
NC-000007,"Stewart, Evans, Thompson & Associates",Alamance (County),Alamance,NC,Debt Collection; Civil Litigation; Mediation; Alternative Dispute Resolution,1978,22,(252) 681-6873,https://stewartevansthompsonandassociateslaw.com,North Carolina State Bar + Public Registry + Avvo,8.1,4.2,Mid-Size (11-50),ACTIVE
NC-000008,Moore Law Firm,Alexander (County),Alexander,NC,Patent Law; Employment Law; Criminal Defense; Divorce; Bankruptcy,2013,43,(984) 480-3010,https://moorelawfirmlaw.com,North Carolina State Bar + Public Registry + Avvo,9.1,4.7,Mid-Size (11-50),ACTIVE
NC-000009,Smith LLC,Alexander (County),Alexander,NC,Corporate Law; DUI/DWI,1960,223,(704) 834-8985,https://smithllclaw.com,North Carolina State Bar + Public Registry + Avvo,7.5,4.9,Very Large (200+),ACTIVE
NC-000010,Parker Services,Alexander (County),Alexander,NC,Criminal Law; Administrative Law; Consumer Protection,1978,205,(980) 304-4286,https://parkerserviceslaw.com,North Carolina State Bar + Public Registry + Avvo,9.0,4.4,Very Large (200+),ACTIVE
NC-000011,"Taylor, Harris, Evans & Associates",Alexander (County),Alexander,NC,Debt Collection; Employment Law; Bankruptcy; Estate Taxes; Construction Law,2010,10,(910) 967-3146,https://taylorharrisevansandassociateslaw.com,North Carolina State Bar + Public Registry + Avvo,8.8,4.4,Small Firm (2-10),ACTIVE
NC-000012,Rogers Legal Services,Alexander (County),Alexander,NC,Criminal Law; Construction Law; Estate Planning; Real Estate; Divorce,1983,1,(252) 524-9759,https://rogerslegalserviceslaw.com,North Carolina State Bar + Public Registry + Avvo,8.8,3.8,Solo Practice,ACTIVE
NC-000013,Perez Law Firm,Alexander (County),Alexander,NC,Criminal Defense; Workers Compensation; HR Compliance; Appeals; Estate Planning,1969,4,(919) 899-8400,https://perezlawfirmlaw.com,North Carolina State Bar + Public Registry + Avvo,8.0,3.9,Small Firm (2-10),ACTIVE
NC-000014,Scott & Davis,Alexander (County),Alexander,NC,Alternative Dispute Resolution; Landlord/Tenant; Divorce; Patent Law; Property Law,1994,7,(828) 493-4382,https://scottanddavislaw.com,North Carolina State Bar + Public Registry + Avvo,9.0,3.6,Small Firm (2-10),ACTIVE
NC-000015,Parker Partners,Alexander (County),Alexander,NC,Divorce; Contract Law; Wills & Trusts; Alternative Dispute Resolution,2002,1,(336) 293-3165,https://parkerpartnerslaw.com,North Carolina State Bar + Public Registry + Avvo,7.3,4.0,Solo Practice,ACTIVE
NC-000016,Phillips Office,Alleghany (County),Alleghany,NC,Wills & Trusts; HR Compliance; Medical Malpractice; Construction Law; Divorce,1962,7,(910) 816-9765,https://phillipsofficelaw.com,North Carolina State Bar + Public Registry + Avvo,8.9,4.9,Small Firm (2-10),ACTIVE
NC-000017,"Rodriguez, Sanchez, Clark & Associates",Alleghany (County),Alleghany,NC,Probate; Divorce; Debt Collection; Property Law,2015,33,(919) 574-1805,https://rodriguezsanchezclarkandassociateslaw.com,North Carolina State Bar + Public Registry + Avvo,9.0,4.5,Mid-Size (11-50),ACTIVE
NC-000018,"Morgan, Garcia & Associates",Alleghany (County),Alleghany,NC,Estate Taxes; DUI/DWI; Family Law; Intellectual Property,1976,2,(910) 865-5722,https://morgangarciaandassociateslaw.com,North Carolina State Bar + Public Registry + Avvo,9.5,4.3,Small Firm (2-10),ACTIVE
NC-000019,Miller Attorneys,Alleghany (County),Alleghany,NC,Patent Law; Intellectual Property; Alternative Dispute Resolution; Family Law; Bankruptcy,1983,46,(980) 272-7437,https://millerattorneyslaw.com,North Carolina State Bar + Public Registry + Avvo,9.4,3.6,Mid-Size (11-50),ACTIVE
NC-000020,Reeves Attorneys at Law,Alleghany (County),Alleghany,NC,HR Compliance; Environmental Law,1992,1,(919) 291-7166,https://reevesattorneysatlawlaw.com,North Carolina State Bar + Public Registry + Avvo,7.0,4.8,Solo Practice,ACTIVE
NC-000021,Bell Law Firm,Alleghany (County),Alleghany,NC,Construction Law; Environmental Law; Employment Law,1965,1,(910) 539-4831,https://belllawfirmlaw.com,North Carolina State Bar + Public Registry + Avvo,7.6,4.9,Solo Practice,ACTIVE
NC-000022,Stewart LLC,Alleghany (County),Alleghany,NC,Civil Litigation; Personal Injury,1998,1,(828) 425-6896,https://stewartllclaw.com,North Carolina State Bar + Public Registry + Avvo,8.2,4.9,Solo Practice,ACTIVE
NC-000023,Perez Law Firm,Alleghany (County),Alleghany,NC,Contract Law; Personal Injury; Corporate Law; Mediation,2012,8,(252) 642-5006,https://perezlawfirmlaw.com,North Carolina State Bar + Public Registry + Avvo,9.5,4.0,Small Firm (2-10),ACTIVE
NC-000024,Hernandez Attorneys at Law,Anson (County),Anson,NC,Family Law; Immigration Law; Workers Compensation; Wills & Trusts; Civil Litigation,2015,35,(336) 777-7448,https://hernandezattorneysatlawlaw.com,North Carolina State Bar + Public Registry + Avvo,7.6,4.5,Mid-Size (11-50),ACTIVE
NC-000025,Clark & Associates,Anson (County),Anson,NC,DUI/DWI; Administrative Law; Estate Planning; Construction Law,2013,278,(336) 589-5280,https://clarkandassociateslaw.com,North Carolina State Bar + Public Registry + Avvo,8.2,4.1,Very Large (200+),ACTIVE
NC-000026,Rodriguez Partners,Anson (County),Anson,NC,Custody; Workers Compensation,2002,3,(984) 902-9136,https://rodriguezpartnerslaw.com,North Carolina State Bar + Public Registry + Avvo,9.3,4.9,Small Firm (2-10),ACTIVE
NC-000027,Thompson and King,Anson (County),Anson,NC,Environmental Law; Employment Law; Immigration Law,1978,147,(980) 470-8544,https://thompsonandkinglaw.com,North Carolina State Bar + Public Registry + Avvo,9.0,4.7,Large (50-200),ACTIVE
NC-000028,Perez Services,Anson (County),Anson,NC,Probate; Landlord/Tenant; DUI/DWI; Immigration Law,1984,1,(910) 362-4906,https://perezserviceslaw.com,North Carolina State Bar + Public Registry + Avvo,10.0,4.5,Solo Practice,ACTIVE
NC-000029,"Miller, Lee & Associates",Anson (County),Anson,NC,Criminal Law; Real Estate; Custody,1995,1,(919) 943-4332,https://millerleeandassociateslaw.com,North Carolina State Bar + Public Registry + Avvo,7.4,4.6,Solo Practice,ACTIVE
NC-000030,Evans Law Firm,Anson (County),Anson,NC,Criminal Law; Intellectual Property; DUI/DWI; Family Law,2007,9,(910) 706-3758,https://evanslawfirmlaw.com,North Carolina State Bar + Public Registry + Avvo,8.4,4.7,Small Firm (2-10),ACTIVE
NC-000031,"Young, Davis & Associates",Anson (County),Anson,NC,Environmental Law; Corporate Law; Estate Taxes; Alternative Dispute Resolution; Contract Law,1995,8,(919) 564-6133,https://youngdavisandassociateslaw.com,North Carolina State Bar + Public Registry + Avvo,7.3,4.3,Small Firm (2-10),ACTIVE
NC-000032,Taylor PLLC,Ashe (County),Ashe,NC,Alternative Dispute Resolution; Patent Law; Landlord/Tenant,2015,2,(252) 457-2673,https://taylorpllclaw.com,North Carolina State Bar + Public Registry + Avvo,10.0,3.9,Small Firm (2-10),ACTIVE
NC-000033,Peterson Attorneys at Law,Ashe (County),Ashe,NC,Contract Law; Arbitration; Corporate Law; Estate Taxes; Employment Law,2012,4,(828) 329-6751,https://petersonattorneysatlawlaw.com,North Carolina State Bar + Public Registry + Avvo,7.7,4.7,Small Firm (2-10),ACTIVE
NC-000034,Williams PLLC,Ashe (County),Ashe,NC,Medical Malpractice; Consumer Protection,1990,4,(336) 400-4858,https://williamspllclaw.com,North Carolina State Bar + Public Registry + Avvo,10.0,4.8,Small Firm (2-10),ACTIVE
NC-000035,"Edwards, Brown, Wright & Associates",Ashe (County),Ashe,NC,Immigration Law; Appeals; Probate,1967,36,(919) 272-4029,https://edwardsbrownwrightandassociateslaw.com,North Carolina State Bar + Public Registry + Avvo,9.9,4.8,Mid-Size (11-50),ACTIVE
NC-000036,Garcia Services,Ashe (County),Ashe,NC,Appeals; Real Estate,1997,12,(980) 410-4886,https://garciaserviceslaw.com,North Carolina State Bar + Public Registry + Avvo,8.2,3.9,Mid-Size (11-50),ACTIVE
NC-000037,Bell Attorneys at Law,Ashe (County),Ashe,NC,Intellectual Property; Medical Malpractice; Tax Law,1962,171,(910) 837-6037,https://bellattorneysatlawlaw.com,North Carolina State Bar + Public Registry + Avvo,9.7,4.9,Large (50-200),ACTIVE
NC-000038,Morgan Law Firm,Ashe (County),Ashe,NC,Employment Law; Custody; Patent Law; Criminal Defense; Environmental Law,2011,4,(984) 441-6861,https://morganlawfirmlaw.com,North Carolina State Bar + Public Registry + Avvo,9.7,4.6,Small Firm (2-10),ACTIVE
NC-000039,"Young, Scott & Associates",Ashe (County),Ashe,NC,Contract Law; Property Law; Consumer Protection,1968,137,(704) 532-4895,https://youngscottandassociateslaw.com,North Carolina State Bar + Public Registry + Avvo,8.4,4.4,Large (50-200),ACTIVE
NC-000040,"Ramirez, Morgan & Associates",Avery (County),Avery,NC,Appeals; Intellectual Property; Debt Collection; Employment Law,1986,1,(252) 772-5953,https://ramirezmorganandassociateslaw.com,North Carolina State Bar + Public Registry + Avvo,7.5,4.2,Solo Practice,ACTIVE
NC-000041,Scott Law Group,Avery (County),Avery,NC,HR Compliance; Arbitration; Debt Collection; Employment Law,1984,136,(919) 429-6815,https://scottlawgrouplaw.com,North Carolina State Bar + Public Registry + Avvo,7.7,3.8,Large (50-200),ACTIVE
NC-000042,Garcia & Thompson,Avery (County),Avery,NC,Alternative Dispute Resolution; Consumer Protection; Appeals,1966,1,(984) 268-3287,https://garciaandthompsonlaw.com,North Carolina State Bar + Public Registry + Avvo,9.8,4.8,Solo Practice,ACTIVE
NC-000043,Campbell Law,Avery (County),Avery,NC,Corporate Law; Criminal Defense; Debt Collection,2005,1,(980) 411-6240,https://campbelllawlaw.com,North Carolina State Bar + Public Registry + Avvo,7.6,5.0,Solo Practice,ACTIVE
NC-000044,Young Law,Avery (County),Avery,NC,Custody; Contract Law; Debt Collection; Probate,1971,217,(336) 650-9159,https://younglawlaw.com,North Carolina State Bar + Public Registry + Avvo,7.5,3.8,Very Large (200+),ACTIVE
NC-000045,Lee Law Firm,Avery (County),Avery,NC,Debt Collection; Arbitration,1993,20,(252) 995-5721,https://leelawfirmlaw.com,North Carolina State Bar + Public Registry + Avvo,8.9,4.4,Mid-Size (11-50),ACTIVE
NC-000046,Cooper Attorneys at Law,Avery (County),Avery,NC,Administrative Law; Employment Law; Bankruptcy,2005,6,(336) 457-6208,https://cooperattorneysatlawlaw.com,North Carolina State Bar + Public Registry + Avvo,8.5,4.4,Small Firm (2-10),ACTIVE
NC-000047,Peterson LLC,Avery (County),Avery,NC,Immigration Law; Construction Law; Estate Taxes,1966,21,(828) 623-5556,https://petersonllclaw.com,North Carolina State Bar + Public Registry + Avvo,7.5,4.6,Mid-Size (11-50),ACTIVE
NC-000048,Robinson LLC,Beaufort (County),Beaufort,NC,Real Estate; Family Law,2006,1,(910) 774-8390,https://robinsonllclaw.com,North Carolina State Bar + Public Registry + Avvo,7.8,3.7,Solo Practice,ACTIVE
NC-000049,Johnson Law,Beaufort (County),Beaufort,NC,Consumer Protection; Divorce; Personal Injury; Real Estate,2011,4,(252) 570-4964,https://johnsonlawlaw.com,North Carolina State Bar + Public Registry + Avvo,7.6,3.6,Small Firm (2-10),ACTIVE
NC-000050,Smith Services,Beaufort (County),Beaufort,NC,Tax Law; DUI/DWI; Immigration Law; Business Law,2010,138,(910) 810-6151,https://smithserviceslaw.com,North Carolina State Bar + Public Registry + Avvo,7.5,3.8,Large (50-200),ACTIVE
NC-000051,Parker Law Firm,Beaufort (County),Beaufort,NC,DUI/DWI; Real Estate,2015,1,(704) 840-5208,https://parkerlawfirmlaw.com,North Carolina State Bar + Public Registry + Avvo,7.8,4.4,Solo Practice,ACTIVE
NC-000052,Torres PLLC,Beaufort (County),Beaufort,NC,Consumer Protection; Landlord/Tenant; Probate,1967,10,(252) 333-2792,https://torrespllclaw.com,North Carolina State Bar + Public Registry + Avvo,9.5,3.6,Small Firm (2-10),ACTIVE
NC-000053,"Brown, Moore, Sanchez & Associates",Beaufort (County),Beaufort,NC,Mediation; Arbitration; DUI/DWI,1968,193,(336) 691-1250,https://brownmooresanchezandassociateslaw.com,North Carolina State Bar + Public Registry + Avvo,7.0,5.0,Large (50-200),ACTIVE
NC-000054,Smith & Associates,Beaufort (County),Beaufort,NC,Consumer Protection; Criminal Law; Mediation; DUI/DWI; Construction Law,2002,139,(910) 646-6687,https://smithandassociateslaw.com,North Carolina State Bar + Public Registry + Avvo,9.2,4.7,Large (50-200),ACTIVE
NC-000055,"Stewart, Ramirez & Associates",Beaufort (County),Beaufort,NC,Family Law; DUI/DWI; Immigration Law; Contract Law; Estate Taxes,1990,33,(919) 675-1362,https://stewartramirezandassociateslaw.com,North Carolina State Bar + Public Registry + Avvo,7.3,4.4,Mid-Size (11-50),ACTIVE
NC-000056,Martinez Law Firm,Bertie (County),Bertie,NC,Employment Law; HR Compliance,1965,1,(984) 933-2085,https://martinezlawfirmlaw.com,North Carolina State Bar + Public Registry + Avvo,8.0,4.5,Solo Practice,ACTIVE
NC-000057,Miller Group,Bertie (County),Bertie,NC,DUI/DWI; Patent Law,1962,1,(828) 328-1731,https://millergrouplaw.com,North Carolina State Bar + Public Registry + Avvo,9.8,4.6,Solo Practice,ACTIVE
NC-000058,Wilson & Associates,Bertie (County),Bertie,NC,Corporate Law; Property Law; Environmental Law,1982,1,(704) 561-7897,https://wilsonandassociateslaw.com,North Carolina State Bar + Public Registry + Avvo,9.9,4.2,Solo Practice,ACTIVE
NC-000059,Hernandez Partners,Bertie (County),Bertie,NC,Wills & Trusts; Criminal Defense,2011,1,(984) 407-1626,https://hernandezpartnerslaw.com,North Carolina State Bar + Public Registry + Avvo,7.3,4.5,Solo Practice,ACTIVE
NC-000060,Gonzalez Legal Services,Bertie (County),Bertie,NC,Landlord/Tenant; Workers Compensation; Criminal Law; Debt Collection; Intellectual Property,1973,5,(336) 808-2064,https://gonzalezlegalserviceslaw.com,North Carolina State Bar + Public Registry + Avvo,9.1,3.5,Small Firm (2-10),ACTIVE
NC-000061,Morgan Law,Bertie (County),Bertie,NC,Employment Law; Tax Law; Workers Compensation; Estate Planning,2015,6,(252) 562-4316,https://morganlawlaw.com,North Carolina State Bar + Public Registry + Avvo,8.9,4.3,Small Firm (2-10),ACTIVE
NC-000062,Johnson Law Firm,Bertie (County),Bertie,NC,Intellectual Property; Bankruptcy,2001,47,(919) 578-6690,https://johnsonlawfirmlaw.com,North Carolina State Bar + Public Registry + Avvo,8.5,3.9,Mid-Size (11-50),ACTIVE
NC-000063,Davis Partners,Bertie (County),Bertie,NC,Tax Law; Landlord/Tenant; Debt Collection,2014,1,(910) 263-2413,https://davispartnerslaw.com,North Carolina State Bar + Public Registry + Avvo,7.4,4.8,Solo Practice,ACTIVE
NC-000064,Rodriguez Legal Services,Bladen (County),Bladen,NC,Probate; Appeals; Landlord/Tenant; Divorce,1971,46,(910) 616-7525,https://rodriguezlegalserviceslaw.com,North Carolina State Bar + Public Registry + Avvo,8.3,4.4,Mid-Size (11-50),ACTIVE
NC-000065,"Edwards, Moore & Associates",Bladen (County),Bladen,NC,Real Estate; Divorce; Construction Law; Patent Law; Workers Compensation,1962,4,(252) 266-8071,https://edwardsmooreandassociateslaw.com,North Carolina State Bar + Public Registry + Avvo,8.1,3.9,Small Firm (2-10),ACTIVE
NC-000066,Reeves Law Firm,Bladen (County),Bladen,NC,Criminal Law; Employment Law; Bankruptcy; Workers Compensation,1989,24,(984) 594-2740,https://reeveslawfirmlaw.com,North Carolina State Bar + Public Registry + Avvo,8.7,4.2,Mid-Size (11-50),ACTIVE
NC-000067,Reeves and Anderson,Bladen (County),Bladen,NC,DUI/DWI; Patent Law; Wills & Trusts,1995,1,(980) 593-1776,https://reevesandandersonlaw.com,North Carolina State Bar + Public Registry + Avvo,9.7,4.5,Solo Practice,ACTIVE
NC-000068,"Scott, Torres, Martinez & Associates",Bladen (County),Bladen,NC,Consumer Protection; Bankruptcy; Appeals; Contract Law,1979,1,(252) 688-7868,https://scotttorresmartinezandassociateslaw.com,North Carolina State Bar + Public Registry + Avvo,8.1,4.9,Solo Practice,ACTIVE
NC-000069,Reeves and Allen,Bladen (County),Bladen,NC,Criminal Law; Administrative Law; Estate Taxes; Estate Planning,1993,1,(704) 503-9658,https://reevesandallenlaw.com,North Carolina State Bar + Public Registry + Avvo,9.7,3.6,Solo Practice,ACTIVE
NC-000070,"Torres, Martinez & Associates",Bladen (County),Bladen,NC,Bankruptcy; Construction Law; Probate; Estate Taxes; Mediation,1984,58,(704) 768-3529,https://torresmartinezandassociateslaw.com,North Carolina State Bar + Public Registry + Avvo,9.3,4.2,Large (50-200),ACTIVE
NC-000071,Harris Legal,Bladen (County),Bladen,NC,Real Estate; Administrative Law; Civil Litigation; Criminal Law,1979,10,(910) 281-8631,https://harrislegallaw.com,North Carolina State Bar + Public Registry + Avvo,7.7,4.1,Small Firm (2-10),ACTIVE
NC-000072,Lopez Law Firm,Southport,Brunswick,NC,Alternative Dispute Resolution; Mediation; Criminal Law,2007,22,(252) 932-6774,https://lopezlawfirmlaw.com,North Carolina State Bar + Public Registry + Avvo,7.1,4.7,Mid-Size (11-50),ACTIVE
NC-000073,White Solutions,Leland,Brunswick,NC,Criminal Defense; Medical Malpractice,2011,1,(980) 912-5949,https://whitesolutionslaw.com,North Carolina State Bar + Public Registry + Avvo,7.6,3.5,Solo Practice,ACTIVE
NC-000074,Morris Services,Bolivia,Brunswick,NC,Tax Law; Mediation; Bankruptcy; Debt Collection; Probate,1978,3,(980) 597-4006,https://morrisserviceslaw.com,North Carolina State Bar + Public Registry + Avvo,9.2,4.2,Small Firm (2-10),ACTIVE
NC-000075,Cooper Law Firm,Winnabow,Brunswick,NC,Patent Law; Property Law,1962,61,(828) 490-4287,https://cooperlawfirmlaw.com,North Carolina State Bar + Public Registry + Avvo,7.7,3.5,Large (50-200),ACTIVE
NC-000076,"Scott, Clark, Williams & Associates",Southport,Brunswick,NC,Probate; Custody; Consumer Protection,1967,7,(984) 770-9812,https://scottclarkwilliamsandassociateslaw.com,North Carolina State Bar + Public Registry + Avvo,9.0,3.7,Small Firm (2-10),ACTIVE
NC-000077,"Lee, Rodriguez & Associates",Leland,Brunswick,NC,Employment Law; Appeals; Debt Collection; Alternative Dispute Resolution,1995,2,(910) 874-2790,https://leerodriguezandassociateslaw.com,North Carolina State Bar + Public Registry + Avvo,8.9,4.3,Small Firm (2-10),ACTIVE
NC-000078,Hernandez Law,Bolivia,Brunswick,NC,Employment Law; Intellectual Property; HR Compliance,2006,39,(336) 434-3072,https://hernandezlawlaw.com,North Carolina State Bar + Public Registry + Avvo,8.6,4.8,Mid-Size (11-50),ACTIVE
NC-000079,Morris & Morgan,Winnabow,Brunswick,NC,Divorce; Construction Law,2006,42,(910) 966-9126,https://morrisandmorganlaw.com,North Carolina State Bar + Public Registry + Avvo,9.6,4.3,Mid-Size (11-50),ACTIVE
NC-000080,Peterson PLLC,Asheville,Buncombe,NC,Real Estate; Estate Taxes; Criminal Law,1975,38,(252) 855-9123,https://petersonpllclaw.com,North Carolina State Bar + Public Registry + Avvo,8.4,4.4,Mid-Size (11-50),ACTIVE
NC-000081,Lee Law Firm,Arden,Buncombe,NC,Real Estate; Alternative Dispute Resolution; Estate Planning,1978,31,(704) 689-5646,https://leelawfirmlaw.com,North Carolina State Bar + Public Registry + Avvo,7.9,4.5,Mid-Size (11-50),ACTIVE
NC-000082,Lewis Services,Black Mountain,Buncombe,NC,Debt Collection; Real Estate; Business Law,1983,40,(336) 374-3761,https://lewisserviceslaw.com,North Carolina State Bar + Public Registry + Avvo,7.9,4.8,Mid-Size (11-50),ACTIVE
NC-000083,Parker Group,Weaverville,Buncombe,NC,Construction Law; Contract Law; Civil Litigation; Mediation; Estate Planning,1962,8,(704) 715-6279,https://parkergrouplaw.com,North Carolina State Bar + Public Registry + Avvo,7.1,3.5,Small Firm (2-10),ACTIVE
NC-000084,"Reeves, Gonzalez & Associates",Asheville,Buncombe,NC,Workers Compensation; DUI/DWI; Custody,1995,3,(984) 527-7377,https://reevesgonzalezandassociateslaw.com,North Carolina State Bar + Public Registry + Avvo,9.0,4.6,Small Firm (2-10),ACTIVE
NC-000085,Evans & Associates,Arden,Buncombe,NC,Bankruptcy; Family Law,1980,148,(910) 284-3522,https://evansandassociateslaw.com,North Carolina State Bar + Public Registry + Avvo,9.4,4.2,Large (50-200),ACTIVE
NC-000086,Perez LLC,Black Mountain,Buncombe,NC,Immigration Law; Environmental Law,1965,5,(252) 930-2837,https://perezllclaw.com,North Carolina State Bar + Public Registry + Avvo,9.9,3.6,Small Firm (2-10),ACTIVE
NC-000087,"Anderson, Garcia, Gonzalez & Associates",Weaverville,Buncombe,NC,Family Law; Debt Collection; Patent Law; Arbitration,1969,1,(910) 227-9625,https://andersongarciagonzalezandassociateslaw.com,North Carolina State Bar + Public Registry + Avvo,7.5,4.1,Solo Practice,ACTIVE
NC-000088,Martinez Law Firm,Burke (County),Burke,NC,Business Law; Tax Law; Property Law; Construction Law; Wills & Trusts,1974,2,(984) 647-9118,https://martinezlawfirmlaw.com,North Carolina State Bar + Public Registry + Avvo,9.2,4.7,Small Firm (2-10),ACTIVE
NC-000089,Garcia Office,Burke (County),Burke,NC,Business Law; Property Law; Real Estate,1974,1,(980) 628-4512,https://garciaofficelaw.com,North Carolina State Bar + Public Registry + Avvo,7.1,3.7,Solo Practice,ACTIVE
NC-000090,"Hernandez, Martinez, Morgan & Associates",Burke (County),Burke,NC,Probate; Business Law,1963,1,(704) 872-3543,https://hernandezmartinezmorganandassociateslaw.com,North Carolina State Bar + Public Registry + Avvo,7.9,4.1,Solo Practice,ACTIVE
NC-000091,Wright & Wilson,Burke (County),Burke,NC,Intellectual Property; Estate Taxes; Arbitration; Environmental Law; Real Estate,1989,35,(704) 525-4576,https://wrightandwilsonlaw.com,North Carolina State Bar + Public Registry + Avvo,9.8,4.5,Mid-Size (11-50),ACTIVE
NC-000092,Davis Law Firm,Burke (County),Burke,NC,Divorce; Wills & Trusts; Contract Law; Estate Planning,1974,166,(980) 383-7090,https://davislawfirmlaw.com,North Carolina State Bar + Public Registry + Avvo,8.3,4.6,Large (50-200),ACTIVE
NC-000093,"Rodriguez, Gonzalez, Peterson & Associates",Burke (County),Burke,NC,DUI/DWI; Divorce; Estate Taxes; Appeals; Construction Law,1960,49,(910) 593-5237,https://rodriguezgonzalezpetersonandassociateslaw.com,North Carolina State Bar + Public Registry + Avvo,8.0,4.6,Mid-Size (11-50),ACTIVE
NC-000094,Martin Law Firm,Burke (County),Burke,NC,Probate; Wills & Trusts; Consumer Protection; Real Estate; Criminal Law,1991,8,(919) 228-8269,https://martinlawfirmlaw.com,North Carolina State Bar + Public Registry + Avvo,7.6,3.5,Small Firm (2-10),ACTIVE
NC-000095,Sanchez & Associates,Burke (County),Burke,NC,Environmental Law; Business Law; Custody,2008,3,(336) 424-9378,https://sanchezandassociateslaw.com,North Carolina State Bar + Public Registry + Avvo,8.1,3.7,Small Firm (2-10),ACTIVE
NC-000096,Bell Counsel,Concord,Cabarrus,NC,Alternative Dispute Resolution; Environmental Law; Consumer Protection; Tax Law,2001,2,(980) 415-5970,https://bellcounsellaw.com,North Carolina State Bar + Public Registry + Avvo,7.1,4.1,Small Firm (2-10),ACTIVE
NC-000097,Jackson Legal,Kannapolis,Cabarrus,NC,Intellectual Property; Patent Law; Business Law; Environmental Law,1973,20,(704) 731-3278,https://jacksonlegallaw.com,North Carolina State Bar + Public Registry + Avvo,8.4,4.2,Mid-Size (11-50),ACTIVE
NC-000098,Ramirez & Associates,China Grove,Cabarrus,NC,DUI/DWI; Criminal Law; Probate; Arbitration; HR Compliance,1996,20,(980) 962-5217,https://ramirezandassociateslaw.com,North Carolina State Bar + Public Registry + Avvo,8.5,3.7,Mid-Size (11-50),ACTIVE
NC-000099,"Collins, White, Scott & Associates",Mt. Pleasant,Cabarrus,NC,Employment Law; Estate Taxes; Immigration Law; Tax Law; Estate Planning,1972,1,(910) 457-1877,https://collinswhitescottandassociateslaw.com,North Carolina State Bar + Public Registry + Avvo,8.2,4.6,Solo Practice,ACTIVE
NC-000100,"Bell, Garcia, Moore & Associates",Concord,Cabarrus,NC,Family Law; Real Estate; Intellectual Property; Estate Planning,1966,9,(828) 662-7286,https://bellgarciamooreandassociateslaw.com,North Carolina State Bar + Public Registry + Avvo,9.1,4.4,Small Firm (2-10),ACTIVE
NC-000101,Walker Law Firm,Kannapolis,Cabarrus,NC,Workers Compensation; Mediation; Divorce,1974,40,(252) 748-8904,https://walkerlawfirmlaw.com,North Carolina State Bar + Public Registry + Avvo,9.4,3.7,Mid-Size (11-50),ACTIVE
NC-000102,Sanchez Law Firm,China Grove,Cabarrus,NC,Criminal Law; Employment Law,1973,18,(336) 802-1062,https://sanchezlawfirmlaw.com,North Carolina State Bar + Public Registry + Avvo,7.1,4.3,Mid-Size (11-50),ACTIVE
NC-000103,Martinez Law Firm,Mt. Pleasant,Cabarrus,NC,Probate; Contract Law; Personal Injury,1972,1,(828) 588-8414,https://martinezlawfirmlaw.com,North Carolina State Bar + Public Registry + Avvo,8.5,4.4,Solo Practice,ACTIVE
NC-000104,Bell Law Firm,Caldwell (County),Caldwell,NC,Divorce; Estate Planning,1981,10,(704) 964-1628,https://belllawfirmlaw.com,North Carolina State Bar + Public Registry + Avvo,7.5,4.6,Small Firm (2-10),ACTIVE
NC-000105,Bell Associates,Caldwell (County),Caldwell,NC,Workers Compensation; Alternative Dispute Resolution; Contract Law; Personal Injury,2008,1,(252) 681-1408,https://bellassociateslaw.com,North Carolina State Bar + Public Registry + Avvo,8.5,3.6,Solo Practice,ACTIVE
NC-000106,Ramirez and Morris,Caldwell (County),Caldwell,NC,Corporate Law; Appeals; Workers Compensation; Contract Law,1997,5,(984) 871-5486,https://ramirezandmorrislaw.com,North Carolina State Bar + Public Registry + Avvo,9.3,4.2,Small Firm (2-10),ACTIVE
NC-000107,Parker & Associates,Caldwell (County),Caldwell,NC,Custody; Workers Compensation; Civil Litigation,2014,7,(919) 751-4646,https://parkerandassociateslaw.com,North Carolina State Bar + Public Registry + Avvo,9.3,4.0,Small Firm (2-10),ACTIVE
NC-000108,"Evans, Morris, Moore & Associates",Caldwell (County),Caldwell,NC,Divorce; Workers Compensation; Appeals,1980,3,(910) 460-4460,https://evansmorrismooreandassociateslaw.com,North Carolina State Bar + Public Registry + Avvo,9.5,3.6,Small Firm (2-10),ACTIVE
NC-000109,"Rogers, Brown & Associates",Caldwell (County),Caldwell,NC,Personal Injury; Estate Planning; Tax Law; Construction Law,2007,9,(704) 549-3285,https://rogersbrownandassociateslaw.com,North Carolina State Bar + Public Registry + Avvo,9.4,4.3,Small Firm (2-10),ACTIVE
NC-000110,Jones Partners,Caldwell (County),Caldwell,NC,Intellectual Property; Personal Injury; DUI/DWI; Patent Law,1963,9,(919) 430-4678,https://jonespartnerslaw.com,North Carolina State Bar + Public Registry + Avvo,7.7,3.7,Small Firm (2-10),ACTIVE
NC-000111,Stewart Services,Caldwell (County),Caldwell,NC,Bankruptcy; Patent Law; Business Law; Estate Planning; Landlord/Tenant,2012,2,(252) 350-6923,https://stewartserviceslaw.com,North Carolina State Bar + Public Registry + Avvo,8.9,3.9,Small Firm (2-10),ACTIVE
NC-000112,Robinson Group,Camden (County),Camden,NC,Divorce; Contract Law,1980,130,(828) 462-4298,https://robinsongrouplaw.com,North Carolina State Bar + Public Registry + Avvo,7.5,4.0,Large (50-200),ACTIVE
NC-000113,Miller PLLC,Camden (County),Camden,NC,Custody; Bankruptcy; Workers Compensation,1969,45,(984) 726-6665,https://millerpllclaw.com,North Carolina State Bar + Public Registry + Avvo,7.0,4.9,Mid-Size (11-50),ACTIVE
NC-000114,Moore LLC,Camden (County),Camden,NC,Employment Law; Debt Collection; Criminal Law; Bankruptcy,2004,223,(704) 894-6899,https://moorellclaw.com,North Carolina State Bar + Public Registry + Avvo,7.3,4.9,Very Large (200+),ACTIVE
NC-000115,"Campbell, Taylor, Ramirez & Associates",Camden (County),Camden,NC,Appeals; Family Law; Landlord/Tenant; Probate,1971,3,(910) 313-3644,https://campbelltaylorramirezandassociateslaw.com,North Carolina State Bar + Public Registry + Avvo,9.5,4.6,Small Firm (2-10),ACTIVE
NC-000116,Ramirez LLC,Camden (County),Camden,NC,Criminal Law; Civil Litigation; Property Law; Bankruptcy; Estate Planning,2009,4,(910) 696-4912,https://ramirezllclaw.com,North Carolina State Bar + Public Registry + Avvo,9.9,4.4,Small Firm (2-10),ACTIVE
NC-000117,Garcia Law Firm,Camden (County),Camden,NC,Custody; Business Law; DUI/DWI; Bankruptcy; Tax Law,2000,1,(980) 680-5092,https://garcialawfirmlaw.com,North Carolina State Bar + Public Registry + Avvo,7.9,4.7,Solo Practice,ACTIVE
NC-000118,"Morris, Walker, Clark & Associates",Camden (County),Camden,NC,Consumer Protection; Custody; Criminal Defense,2007,1,(336) 891-3141,https://morriswalkerclarkandassociateslaw.com,North Carolina State Bar + Public Registry + Avvo,8.3,3.8,Solo Practice,ACTIVE
NC-000119,"Reed, Smith, Moore & Associates",Camden (County),Camden,NC,Landlord/Tenant; Custody; Family Law; Immigration Law,1993,1,(984) 458-8187,https://reedsmithmooreandassociateslaw.com,North Carolina State Bar + Public Registry + Avvo,7.5,4.4,Solo Practice,ACTIVE
NC-000120,"Rodriguez, Johnson & Associates",Carteret (County),Carteret,NC,Mediation; Intellectual Property,1979,10,(980) 545-3191,https://rodriguezjohnsonandassociateslaw.com,North Carolina State Bar + Public Registry + Avvo,9.0,4.1,Small Firm (2-10),ACTIVE
NC-000121,Collins LLC,Carteret (County),Carteret,NC,Mediation; Family Law; Custody; HR Compliance,1966,1,(919) 913-4878,https://collinsllclaw.com,North Carolina State Bar + Public Registry + Avvo,8.4,4.1,Solo Practice,ACTIVE
NC-000122,Reed and Anderson,Carteret (County),Carteret,NC,Consumer Protection; Medical Malpractice; Workers Compensation; Immigration Law; Intellectual Property,1991,6,(980) 421-2473,https://reedandandersonlaw.com,North Carolina State Bar + Public Registry + Avvo,9.5,4.8,Small Firm (2-10),ACTIVE
NC-000123,Hernandez Services,Carteret (County),Carteret,NC,Family Law; Landlord/Tenant; Employment Law,2001,13,(252) 340-8188,https://hernandezserviceslaw.com,North Carolina State Bar + Public Registry + Avvo,8.7,3.7,Mid-Size (11-50),ACTIVE
NC-000124,Hernandez Group,Carteret (County),Carteret,NC,Arbitration; Bankruptcy; Estate Planning; Medical Malpractice,2005,1,(919) 205-8092,https://hernandezgrouplaw.com,North Carolina State Bar + Public Registry + Avvo,9.7,4.1,Solo Practice,ACTIVE
NC-000125,Martinez Firm,Carteret (County),Carteret,NC,Contract Law; Immigration Law; Employment Law; Workers Compensation; Mediation,1998,1,(828) 620-1709,https://martinezfirmlaw.com,North Carolina State Bar + Public Registry + Avvo,9.0,4.8,Solo Practice,ACTIVE
NC-000126,"Ramirez, Sanchez, Evans & Associates",Carteret (County),Carteret,NC,Divorce; Contract Law; Civil Litigation; Medical Malpractice; Debt Collection,2015,9,(252) 742-9452,https://ramirezsanchezevansandassociateslaw.com,North Carolina State Bar + Public Registry + Avvo,9.1,4.2,Small Firm (2-10),ACTIVE
NC-000127,"Smith, King, Jones & Associates",Carteret (County),Carteret,NC,Probate; Intellectual Property; Custody,1971,6,(336) 861-5355,https://smithkingjonesandassociateslaw.com,North Carolina State Bar + Public Registry + Avvo,9.8,3.5,Small Firm (2-10),ACTIVE
NC-000128,"Morgan, Peterson & Associates",Caswell (County),Caswell,NC,Intellectual Property; Consumer Protection; Divorce; Tax Law,2005,3,(980) 685-9298,https://morganpetersonandassociateslaw.com,North Carolina State Bar + Public Registry + Avvo,8.5,4.5,Small Firm (2-10),ACTIVE
NC-000129,"Martinez, Edwards & Associates",Caswell (County),Caswell,NC,Corporate Law; Custody; Arbitration; Administrative Law,1973,19,(910) 908-9226,https://martinezedwardsandassociateslaw.com,North Carolina State Bar + Public Registry + Avvo,9.1,5.0,Mid-Size (11-50),ACTIVE
NC-000130,Morgan and Brown,Caswell (County),Caswell,NC,Estate Planning; Construction Law; Immigration Law; Family Law; Arbitration,1964,290,(984) 579-6238,https://morganandbrownlaw.com,North Carolina State Bar + Public Registry + Avvo,7.1,3.8,Very Large (200+),ACTIVE
NC-000131,"Miller, Sanchez & Associates",Caswell (County),Caswell,NC,Divorce; Wills & Trusts; Custody,1974,2,(704) 468-7146,https://millersanchezandassociateslaw.com,North Carolina State Bar + Public Registry + Avvo,7.5,4.4,Small Firm (2-10),ACTIVE
NC-000132,"Miller, Robinson & Associates",Caswell (County),Caswell,NC,Administrative Law; HR Compliance; Patent Law; Corporate Law; Intellectual Property,2004,23,(910) 936-8903,https://millerrobinsonandassociateslaw.com,North Carolina State Bar + Public Registry + Avvo,8.6,3.7,Mid-Size (11-50),ACTIVE
NC-000133,Anderson Group,Caswell (County),Caswell,NC,Criminal Defense; Personal Injury,2012,14,(984) 876-3218,https://andersongrouplaw.com,North Carolina State Bar + Public Registry + Avvo,7.5,4.5,Mid-Size (11-50),ACTIVE
NC-000134,Sanchez Group,Caswell (County),Caswell,NC,Custody; Administrative Law; Probate,1966,5,(910) 690-6994,https://sanchezgrouplaw.com,North Carolina State Bar + Public Registry + Avvo,8.2,4.2,Small Firm (2-10),ACTIVE
NC-000135,Wilson & Sanchez,Caswell (County),Caswell,NC,Criminal Law; Estate Planning; Appeals,2012,213,(252) 357-5935,https://wilsonandsanchezlaw.com,North Carolina State Bar + Public Registry + Avvo,7.5,4.2,Very Large (200+),ACTIVE
NC-000136,Moore Counsel,Hickory,Catawba,NC,Property Law; Administrative Law; Personal Injury; Tax Law; HR Compliance,1964,244,(984) 945-2091,https://moorecounsellaw.com,North Carolina State Bar + Public Registry + Avvo,9.6,3.9,Very Large (200+),ACTIVE
NC-000137,"Young, Lee & Associates",Conover,Catawba,NC,Corporate Law; Estate Planning,1994,5,(919) 283-6115,https://youngleeandassociateslaw.com,North Carolina State Bar + Public Registry + Avvo,9.7,4.4,Small Firm (2-10),ACTIVE
NC-000138,Miller Law Firm,Newton,Catawba,NC,Probate; Consumer Protection; Appeals,2002,1,(336) 225-8304,https://millerlawfirmlaw.com,North Carolina State Bar + Public Registry + Avvo,9.0,4.1,Solo Practice,ACTIVE
NC-000139,"Cook, Walker, Lewis & Associates",Maiden,Catawba,NC,Estate Taxes; Corporate Law,1994,10,(919) 680-4479,https://cookwalkerlewisandassociateslaw.com,North Carolina State Bar + Public Registry + Avvo,7.3,3.7,Small Firm (2-10),ACTIVE
NC-000140,Harris Legal Services,Hickory,Catawba,NC,Real Estate; Landlord/Tenant; Business Law; Divorce,1971,253,(336) 527-3563,https://harrislegalserviceslaw.com,North Carolina State Bar + Public Registry + Avvo,8.8,3.7,Very Large (200+),ACTIVE
NC-000141,Lee Solutions,Conover,Catawba,NC,Probate; Estate Planning; Bankruptcy; Real Estate; HR Compliance,1974,44,(828) 888-9448,https://leesolutionslaw.com,North Carolina State Bar + Public Registry + Avvo,9.1,4.5,Mid-Size (11-50),ACTIVE
NC-000142,"Lopez, Cook, Miller & Associates",Newton,Catawba,NC,Wills & Trusts; Custody; Family Law; Estate Planning; Probate,1980,42,(910) 338-8488,https://lopezcookmillerandassociateslaw.com,North Carolina State Bar + Public Registry + Avvo,7.7,3.6,Mid-Size (11-50),ACTIVE
NC-000143,Davis Partners,Maiden,Catawba,NC,Estate Planning; Property Law; Workers Compensation; Mediation,1993,10,(910) 372-8617,https://davispartnerslaw.com,North Carolina State Bar + Public Registry + Avvo,7.4,4.5,Small Firm (2-10),ACTIVE
NC-000144,Martin Services,Chatham (County),Chatham,NC,Administrative Law; HR Compliance; Bankruptcy,2013,1,(910) 463-5880,https://martinserviceslaw.com,North Carolina State Bar + Public Registry + Avvo,7.4,3.8,Solo Practice,ACTIVE
NC-000145,"Perez, Edwards, Williams & Associates",Chatham (County),Chatham,NC,Real Estate; Debt Collection; Employment Law; Criminal Defense,1978,16,(252) 411-3790,https://perezedwardswilliamsandassociateslaw.com,North Carolina State Bar + Public Registry + Avvo,9.2,4.8,Mid-Size (11-50),ACTIVE
NC-000146,"Rodriguez, Williams, Torres & Associates",Chatham (County),Chatham,NC,Immigration Law; DUI/DWI; Probate; Tax Law,1963,2,(980) 420-4252,https://rodriguezwilliamstorresandassociateslaw.com,North Carolina State Bar + Public Registry + Avvo,8.5,3.6,Small Firm (2-10),ACTIVE
NC-000147,Walker Law Firm,Chatham (County),Chatham,NC,Custody; DUI/DWI; Environmental Law; Consumer Protection; Debt Collection,1991,1,(919) 921-2189,https://walkerlawfirmlaw.com,North Carolina State Bar + Public Registry + Avvo,8.2,4.0,Solo Practice,ACTIVE
NC-000148,Taylor Services,Chatham (County),Chatham,NC,Debt Collection; Intellectual Property; Medical Malpractice; Workers Compensation; Family Law,1961,9,(984) 700-2428,https://taylorserviceslaw.com,North Carolina State Bar + Public Registry + Avvo,8.9,3.9,Small Firm (2-10),ACTIVE
NC-000149,Moore Law Firm,Chatham (County),Chatham,NC,Alternative Dispute Resolution; Environmental Law; Employment Law,1980,1,(336) 803-3438,https://moorelawfirmlaw.com,North Carolina State Bar + Public Registry + Avvo,9.9,4.0,Solo Practice,ACTIVE
NC-000150,Bell & Garcia,Chatham (County),Chatham,NC,Immigration Law; Debt Collection; Construction Law; Appeals; Arbitration,1990,29,(704) 303-5964,https://bellandgarcialaw.com,North Carolina State Bar + Public Registry + Avvo,8.5,4.9,Mid-Size (11-50),ACTIVE
NC-000151,Garcia Law Firm,Chatham (County),Chatham,NC,Criminal Law; Business Law; Intellectual Property; Environmental Law; DUI/DWI,1962,278,(828) 645-7383,https://garcialawfirmlaw.com,North Carolina State Bar + Public Registry + Avvo,7.1,3.5,Very Large (200+),ACTIVE
NC-000152,Rogers & Garcia,Cherokee (County),Cherokee,NC,Wills & Trusts; DUI/DWI; Arbitration,1972,181,(704) 518-4871,https://rogersandgarcialaw.com,North Carolina State Bar + Public Registry + Avvo,9.8,3.9,Large (50-200),ACTIVE
NC-000153,Wright Associates,Cherokee (County),Cherokee,NC,Employment Law; Criminal Defense; Wills & Trusts; Medical Malpractice; Personal Injury,2006,40,(984) 662-9053,https://wrightassociateslaw.com,North Carolina State Bar + Public Registry + Avvo,8.5,4.5,Mid-Size (11-50),ACTIVE
NC-000154,Jones & Associates,Cherokee (County),Cherokee,NC,Construction Law; Divorce,1967,16,(910) 588-1119,https://jonesandassociateslaw.com,North Carolina State Bar + Public Registry + Avvo,9.2,4.2,Mid-Size (11-50),ACTIVE
NC-000155,Morgan Counsel,Cherokee (County),Cherokee,NC,Landlord/Tenant; Probate,2006,3,(252) 725-2063,https://morgancounsellaw.com,North Carolina State Bar + Public Registry + Avvo,9.2,4.7,Small Firm (2-10),ACTIVE
NC-000156,Cook & Associates,Cherokee (County),Cherokee,NC,Criminal Defense; Real Estate; Business Law; Consumer Protection,1967,16,(919) 254-3899,https://cookandassociateslaw.com,North Carolina State Bar + Public Registry + Avvo,7.6,3.9,Mid-Size (11-50),ACTIVE
NC-000157,Williams Law Firm,Cherokee (County),Cherokee,NC,Civil Litigation; Real Estate,2013,23,(910) 913-2566,https://williamslawfirmlaw.com,North Carolina State Bar + Public Registry + Avvo,7.1,4.7,Mid-Size (11-50),ACTIVE
NC-000158,Morgan Law Firm,Cherokee (County),Cherokee,NC,HR Compliance; Environmental Law; Contract Law,1964,1,(980) 524-9664,https://morganlawfirmlaw.com,North Carolina State Bar + Public Registry + Avvo,8.0,4.0,Solo Practice,ACTIVE
NC-000159,Anderson Law Firm,Cherokee (County),Cherokee,NC,Immigration Law; DUI/DWI; Intellectual Property; Environmental Law,2002,8,(336) 352-6177,https://andersonlawfirmlaw.com,North Carolina State Bar + Public Registry + Avvo,7.2,4.7,Small Firm (2-10),ACTIVE
NC-000160,"Campbell, Peterson, Morgan & Associates",Chowan (County),Chowan,NC,Alternative Dispute Resolution; Probate; Appeals; Estate Taxes,2000,4,(980) 306-7634,https://campbellpetersonmorganandassociateslaw.com,North Carolina State Bar + Public Registry + Avvo,8.7,3.6,Small Firm (2-10),ACTIVE
NC-000161,"Lee, Lewis & Associates",Chowan (County),Chowan,NC,Employment Law; Tax Law; Environmental Law; Business Law,1981,6,(252) 854-2406,https://leelewisandassociateslaw.com,North Carolina State Bar + Public Registry + Avvo,8.5,3.7,Small Firm (2-10),ACTIVE
NC-000162,Cooper Legal Services,Chowan (County),Chowan,NC,Bankruptcy; Tax Law; Medical Malpractice,1978,1,(252) 592-9300,https://cooperlegalserviceslaw.com,North Carolina State Bar + Public Registry + Avvo,8.9,4.2,Solo Practice,ACTIVE
NC-000163,"Campbell, Peterson, Martinez & Associates",Chowan (County),Chowan,NC,Patent Law; Construction Law; Intellectual Property; Wills & Trusts,2006,1,(910) 549-1572,https://campbellpetersonmartinezandassociateslaw.com,North Carolina State Bar + Public Registry + Avvo,7.4,4.2,Solo Practice,ACTIVE
NC-000164,Morgan Law Firm,Chowan (County),Chowan,NC,Custody; Estate Taxes; Environmental Law; Divorce,1988,5,(910) 908-7532,https://morganlawfirmlaw.com,North Carolina State Bar + Public Registry + Avvo,9.8,4.5,Small Firm (2-10),ACTIVE
NC-000165,Evans & Associates,Chowan (County),Chowan,NC,Probate; Wills & Trusts; Estate Taxes,1992,2,(828) 886-9076,https://evansandassociateslaw.com,North Carolina State Bar + Public Registry + Avvo,8.5,4.8,Small Firm (2-10),ACTIVE
NC-000166,Edwards Law Firm,Chowan (County),Chowan,NC,Business Law; Criminal Law; Property Law,2013,28,(980) 752-5406,https://edwardslawfirmlaw.com,North Carolina State Bar + Public Registry + Avvo,8.7,4.1,Mid-Size (11-50),ACTIVE
NC-000167,Cooper Law Firm,Chowan (County),Chowan,NC,Debt Collection; Employment Law; Intellectual Property; Estate Taxes; Custody,1960,5,(980) 568-8579,https://cooperlawfirmlaw.com,North Carolina State Bar + Public Registry + Avvo,8.9,4.5,Small Firm (2-10),ACTIVE
NC-000168,"Martinez, Williams & Associates",Clay (County),Clay,NC,Appeals; Business Law,1960,17,(910) 791-5643,https://martinezwilliamsandassociateslaw.com,North Carolina State Bar + Public Registry + Avvo,8.5,4.1,Mid-Size (11-50),ACTIVE
NC-000169,Edwards PLLC,Clay (County),Clay,NC,Immigration Law; Civil Litigation; Estate Taxes; Criminal Defense; Tax Law,2006,4,(980) 811-4600,https://edwardspllclaw.com,North Carolina State Bar + Public Registry + Avvo,8.3,4.0,Small Firm (2-10),ACTIVE
NC-000170,Stewart Counsel,Clay (County),Clay,NC,DUI/DWI; Intellectual Property; Landlord/Tenant; Tax Law,1999,37,(828) 973-7666,https://stewartcounsellaw.com,North Carolina State Bar + Public Registry + Avvo,8.4,4.5,Mid-Size (11-50),ACTIVE
NC-000171,Davis Law Firm,Clay (County),Clay,NC,Real Estate; Family Law; Probate,2007,80,(984) 993-1092,https://davislawfirmlaw.com,North Carolina State Bar + Public Registry + Avvo,8.9,4.5,Large (50-200),ACTIVE
NC-000172,Harris Law Firm,Clay (County),Clay,NC,Business Law; DUI/DWI; Estate Taxes,1969,9,(704) 454-9746,https://harrislawfirmlaw.com,North Carolina State Bar + Public Registry + Avvo,7.6,4.5,Small Firm (2-10),ACTIVE
NC-000173,Williams & Associates,Clay (County),Clay,NC,Wills & Trusts; Contract Law; Arbitration; Landlord/Tenant; Bankruptcy,1989,7,(980) 936-3130,https://williamsandassociateslaw.com,North Carolina State Bar + Public Registry + Avvo,8.0,4.5,Small Firm (2-10),ACTIVE
NC-000174,White Legal Services,Clay (County),Clay,NC,Consumer Protection; Divorce; Tax Law; Intellectual Property; Administrative Law,1962,1,(919) 701-8610,https://whitelegalserviceslaw.com,North Carolina State Bar + Public Registry + Avvo,7.5,3.8,Solo Practice,ACTIVE
NC-000175,Martinez Associates,Clay (County),Clay,NC,Civil Litigation; Estate Taxes; Medical Malpractice; Bankruptcy; Construction Law,1960,6,(980) 818-6520,https://martinezassociateslaw.com,North Carolina State Bar + Public Registry + Avvo,8.2,4.1,Small Firm (2-10),ACTIVE
NC-000176,Cooper Legal,Cleveland (County),Cleveland,NC,Workers Compensation; Debt Collection; Real Estate,1973,32,(919) 897-9536,https://cooperlegallaw.com,North Carolina State Bar + Public Registry + Avvo,9.9,3.7,Mid-Size (11-50),ACTIVE
NC-000177,Reed and Cooper,Cleveland (County),Cleveland,NC,Tax Law; Alternative Dispute Resolution; Corporate Law; Bankruptcy; Family Law,1972,80,(910) 590-3077,https://reedandcooperlaw.com,North Carolina State Bar + Public Registry + Avvo,8.6,4.5,Large (50-200),ACTIVE
NC-000178,Lopez Law Firm,Cleveland (County),Cleveland,NC,Probate; Administrative Law; Debt Collection; Arbitration; Corporate Law,1976,13,(910) 287-5622,https://lopezlawfirmlaw.com,North Carolina State Bar + Public Registry + Avvo,9.7,3.8,Mid-Size (11-50),ACTIVE
NC-000179,"Walker, Wright, Smith & Associates",Cleveland (County),Cleveland,NC,Corporate Law; Patent Law; Arbitration; HR Compliance,1993,6,(252) 342-8301,https://walkerwrightsmithandassociateslaw.com,North Carolina State Bar + Public Registry + Avvo,7.0,3.8,Small Firm (2-10),ACTIVE
NC-000180,Williams & Robinson,Cleveland (County),Cleveland,NC,Corporate Law; Mediation; Probate; Civil Litigation; Personal Injury,1977,37,(252) 700-6935,https://williamsandrobinsonlaw.com,North Carolina State Bar + Public Registry + Avvo,7.9,3.5,Mid-Size (11-50),ACTIVE
NC-000181,Lopez PLLC,Cleveland (County),Cleveland,NC,Wills & Trusts; Criminal Defense; Civil Litigation; Alternative Dispute Resolution; DUI/DWI,2004,47,(704) 424-8806,https://lopezpllclaw.com,North Carolina State Bar + Public Registry + Avvo,7.9,3.9,Mid-Size (11-50),ACTIVE
NC-000182,Clark Law Group,Cleveland (County),Cleveland,NC,Tax Law; Construction Law; Patent Law; Contract Law; Real Estate,2001,30,(980) 250-2001,https://clarklawgrouplaw.com,North Carolina State Bar + Public Registry + Avvo,9.6,4.9,Mid-Size (11-50),ACTIVE
NC-000183,Morgan Law Firm,Cleveland (County),Cleveland,NC,Custody; Patent Law,2015,256,(252) 205-9608,https://morganlawfirmlaw.com,North Carolina State Bar + Public Registry + Avvo,7.6,4.3,Very Large (200+),ACTIVE
NC-000184,Rogers Law,Columbus (County),Columbus,NC,Criminal Law; Divorce; Appeals,1962,13,(336) 230-1558,https://rogerslawlaw.com,North Carolina State Bar + Public Registry + Avvo,8.2,3.7,Mid-Size (11-50),ACTIVE
NC-000185,Ramirez LLC,Columbus (County),Columbus,NC,Real Estate; Alternative Dispute Resolution,2000,1,(919) 330-1238,https://ramirezllclaw.com,North Carolina State Bar + Public Registry + Avvo,7.9,4.1,Solo Practice,ACTIVE
NC-000186,Robinson Group,Columbus (County),Columbus,NC,Intellectual Property; Contract Law; Business Law,1985,46,(828) 945-2023,https://robinsongrouplaw.com,North Carolina State Bar + Public Registry + Avvo,9.2,3.6,Mid-Size (11-50),ACTIVE
NC-000187,Martinez PLLC,Columbus (County),Columbus,NC,Medical Malpractice; Alternative Dispute Resolution; Contract Law; Business Law; Civil Litigation,2008,10,(910) 654-2009,https://martinezpllclaw.com,North Carolina State Bar + Public Registry + Avvo,7.2,4.4,Small Firm (2-10),ACTIVE
NC-000188,"Thompson, Reed, Rodriguez & Associates",Columbus (County),Columbus,NC,Workers Compensation; Real Estate; Arbitration,1998,12,(919) 814-6893,https://thompsonreedrodriguezandassociateslaw.com,North Carolina State Bar + Public Registry + Avvo,9.9,3.8,Mid-Size (11-50),ACTIVE
NC-000189,Jones Services,Columbus (County),Columbus,NC,DUI/DWI; Consumer Protection,1966,26,(910) 737-5115,https://jonesserviceslaw.com,North Carolina State Bar + Public Registry + Avvo,8.3,4.7,Mid-Size (11-50),ACTIVE
NC-000190,Cooper & Clark,Columbus (County),Columbus,NC,Contract Law; HR Compliance; Medical Malpractice; Corporate Law,1996,9,(336) 969-9754,https://cooperandclarklaw.com,North Carolina State Bar + Public Registry + Avvo,9.6,4.0,Small Firm (2-10),ACTIVE
NC-000191,Jones & Cook,Columbus (County),Columbus,NC,Business Law; Arbitration; Divorce,1976,18,(910) 905-1027,https://jonesandcooklaw.com,North Carolina State Bar + Public Registry + Avvo,9.6,4.6,Mid-Size (11-50),ACTIVE
NC-000192,Moore Law Firm,New Bern,Craven,NC,Environmental Law; Intellectual Property; Criminal Law; Estate Planning; Custody,2012,14,(910) 621-9125,https://moorelawfirmlaw.com,North Carolina State Bar + Public Registry + Avvo,8.8,3.9,Mid-Size (11-50),ACTIVE
NC-000193,Sanchez Law Firm,Bridgeton,Craven,NC,Administrative Law; Contract Law; Appeals; Tax Law,1989,9,(980) 766-7381,https://sanchezlawfirmlaw.com,North Carolina State Bar + Public Registry + Avvo,8.0,4.0,Small Firm (2-10),ACTIVE
NC-000194,"Young, Reeves, Sanchez & Associates",Vanceboro,Craven,NC,Business Law; Environmental Law; Estate Planning; Real Estate,2014,80,(910) 372-5202,https://youngreevessanchezandassociateslaw.com,North Carolina State Bar + Public Registry + Avvo,7.3,4.7,Large (50-200),ACTIVE
NC-000195,Brown Associates,New Bern,Craven,NC,Estate Planning; Bankruptcy; Tax Law; Probate; Administrative Law,1965,1,(910) 979-9319,https://brownassociateslaw.com,North Carolina State Bar + Public Registry + Avvo,8.0,4.8,Solo Practice,ACTIVE
NC-000196,Thomas & Gonzalez,Bridgeton,Craven,NC,Construction Law; Alternative Dispute Resolution,1962,1,(828) 880-4741,https://thomasandgonzalezlaw.com,North Carolina State Bar + Public Registry + Avvo,9.1,4.5,Solo Practice,ACTIVE
NC-000197,Rogers Solutions,Vanceboro,Craven,NC,Consumer Protection; Estate Taxes; Appeals,1991,15,(984) 568-4628,https://rogerssolutionslaw.com,North Carolina State Bar + Public Registry + Avvo,8.1,3.7,Mid-Size (11-50),ACTIVE
NC-000198,Peterson Law Firm,New Bern,Craven,NC,Debt Collection; Patent Law; Mediation; Arbitration,1966,25,(910) 979-1323,https://petersonlawfirmlaw.com,North Carolina State Bar + Public Registry + Avvo,8.3,3.7,Mid-Size (11-50),ACTIVE
NC-000199,Harris PLLC,Bridgeton,Craven,NC,Employment Law; DUI/DWI; Environmental Law,2005,7,(336) 729-2008,https://harrispllclaw.com,North Carolina State Bar + Public Registry + Avvo,7.1,4.9,Small Firm (2-10),ACTIVE
NC-000200,Davis Legal Services,Fayetteville,Cumberland,NC,Personal Injury; Family Law,1978,1,(919) 992-9537,https://davislegalserviceslaw.com,North Carolina State Bar + Public Registry + Avvo,8.8,5.0,Solo Practice,ACTIVE
NC-000201,Parker Law Firm,Fort Bragg,Cumberland,NC,Construction Law; Immigration Law; Administrative Law; Arbitration,1961,1,(984) 624-3982,https://parkerlawfirmlaw.com,North Carolina State Bar + Public Registry + Avvo,8.6,4.4,Solo Practice,ACTIVE
NC-000202,"Morgan, Stewart & Associates",Eastover,Cumberland,NC,Tax Law; HR Compliance,2007,3,(984) 351-6642,https://morganstewartandassociateslaw.com,North Carolina State Bar + Public Registry + Avvo,9.2,4.2,Small Firm (2-10),ACTIVE
NC-000203,Thomas & Associates,Spring Lake,Cumberland,NC,Custody; Personal Injury; Appeals; Medical Malpractice,2005,39,(910) 760-1819,https://thomasandassociateslaw.com,North Carolina State Bar + Public Registry + Avvo,7.3,3.8,Mid-Size (11-50),ACTIVE
NC-000204,"Walker, Scott, Taylor & Associates",Fayetteville,Cumberland,NC,Probate; Construction Law; Alternative Dispute Resolution; Wills & Trusts,1966,2,(828) 998-7037,https://walkerscotttaylorandassociateslaw.com,North Carolina State Bar + Public Registry + Avvo,8.7,4.1,Small Firm (2-10),ACTIVE
NC-000205,Thomas Firm,Fort Bragg,Cumberland,NC,Construction Law; Personal Injury; Criminal Law; Estate Planning; Bankruptcy,1986,13,(828) 655-3111,https://thomasfirmlaw.com,North Carolina State Bar + Public Registry + Avvo,9.3,4.4,Mid-Size (11-50),ACTIVE
NC-000206,Walker Services,Eastover,Cumberland,NC,Immigration Law; Civil Litigation,1963,1,(828) 638-4488,https://walkerserviceslaw.com,North Carolina State Bar + Public Registry + Avvo,8.5,3.5,Solo Practice,ACTIVE
NC-000207,Harris and Stewart,Spring Lake,Cumberland,NC,Criminal Defense; Wills & Trusts; Employment Law,1999,24,(704) 563-1976,https://harrisandstewartlaw.com,North Carolina State Bar + Public Registry + Avvo,7.3,3.6,Mid-Size (11-50),ACTIVE
NC-000208,"Martinez, Davis, Garcia & Associates",Currituck (County),Currituck,NC,Contract Law; Personal Injury,1961,1,(828) 685-3410,https://martinezdavisgarciaandassociateslaw.com,North Carolina State Bar + Public Registry + Avvo,7.3,4.1,Solo Practice,ACTIVE
NC-000209,"Wright, Torres & Associates",Currituck (County),Currituck,NC,Environmental Law; Civil Litigation; Consumer Protection; Patent Law,1977,22,(252) 919-3836,https://wrighttorresandassociateslaw.com,North Carolina State Bar + Public Registry + Avvo,8.1,4.3,Mid-Size (11-50),ACTIVE
NC-000210,"Edwards, Collins, Morgan & Associates",Currituck (County),Currituck,NC,Contract Law; Employment Law; Environmental Law; Alternative Dispute Resolution,2008,23,(984) 704-1121,https://edwardscollinsmorganandassociateslaw.com,North Carolina State Bar + Public Registry + Avvo,9.5,3.6,Mid-Size (11-50),ACTIVE
NC-000211,"Parker, Walker, Stewart & Associates",Currituck (County),Currituck,NC,Appeals; Mediation,1966,3,(704) 696-2060,https://parkerwalkerstewartandassociateslaw.com,North Carolina State Bar + Public Registry + Avvo,9.8,4.7,Small Firm (2-10),ACTIVE
NC-000212,"Phillips, Williams & Associates",Currituck (County),Currituck,NC,Property Law; Divorce; Administrative Law,1975,1,(980) 836-6739,https://phillipswilliamsandassociateslaw.com,North Carolina State Bar + Public Registry + Avvo,8.2,3.8,Solo Practice,ACTIVE
NC-000213,White Law Firm,Currituck (County),Currituck,NC,Estate Taxes; Bankruptcy; Criminal Law,2007,16,(919) 647-2575,https://whitelawfirmlaw.com,North Carolina State Bar + Public Registry + Avvo,9.9,4.5,Mid-Size (11-50),ACTIVE
NC-000214,Thomas Law Group,Currituck (County),Currituck,NC,Estate Taxes; Probate; Property Law,2002,2,(910) 468-9692,https://thomaslawgrouplaw.com,North Carolina State Bar + Public Registry + Avvo,10.0,4.9,Small Firm (2-10),ACTIVE
NC-000215,Peterson Solutions,Currituck (County),Currituck,NC,Divorce; Mediation,1981,1,(252) 250-6569,https://petersonsolutionslaw.com,North Carolina State Bar + Public Registry + Avvo,8.4,4.9,Solo Practice,ACTIVE
NC-000216,"Smith, Davis, Phillips & Associates",Dare (County),Dare,NC,Appeals; Environmental Law; Custody; Administrative Law; Bankruptcy,1989,19,(704) 913-6269,https://smithdavisphillipsandassociateslaw.com,North Carolina State Bar + Public Registry + Avvo,9.1,4.8,Mid-Size (11-50),ACTIVE
NC-000217,Smith Law Firm,Dare (County),Dare,NC,Estate Taxes; Arbitration; Probate; Real Estate; Medical Malpractice,2006,7,(980) 828-4242,https://smithlawfirmlaw.com,North Carolina State Bar + Public Registry + Avvo,8.2,4.7,Small Firm (2-10),ACTIVE
NC-000218,Wilson Associates,Dare (County),Dare,NC,Real Estate; Appeals; Employment Law; Bankruptcy,1964,8,(910) 515-1256,https://wilsonassociateslaw.com,North Carolina State Bar + Public Registry + Avvo,9.1,4.1,Small Firm (2-10),ACTIVE
NC-000219,Reeves & Associates,Dare (County),Dare,NC,Estate Taxes; Wills & Trusts; Property Law; Tax Law; Workers Compensation,1985,1,(336) 829-1573,https://reevesandassociateslaw.com,North Carolina State Bar + Public Registry + Avvo,8.5,4.3,Solo Practice,ACTIVE
NC-000220,Morgan Law Firm,Dare (County),Dare,NC,Construction Law; Corporate Law; Intellectual Property; DUI/DWI,1977,1,(910) 811-3083,https://morganlawfirmlaw.com,North Carolina State Bar + Public Registry + Avvo,7.5,3.7,Solo Practice,ACTIVE
NC-000221,Hernandez Law Firm,Dare (County),Dare,NC,HR Compliance; Environmental Law,1967,8,(984) 918-1689,https://hernandezlawfirmlaw.com,North Carolina State Bar + Public Registry + Avvo,8.6,4.3,Small Firm (2-10),ACTIVE
NC-000222,Thomas Law Group,Dare (County),Dare,NC,Custody; Alternative Dispute Resolution; HR Compliance,1984,125,(252) 413-8327,https://thomaslawgrouplaw.com,North Carolina State Bar + Public Registry + Avvo,8.6,4.2,Large (50-200),ACTIVE
NC-000223,Taylor Office,Dare (County),Dare,NC,Divorce; Probate; Wills & Trusts,2009,43,(252) 885-4262,https://taylorofficelaw.com,North Carolina State Bar + Public Registry + Avvo,9.6,4.8,Mid-Size (11-50),ACTIVE
NC-000224,Allen Law Firm,Davidson (County),Davidson,NC,Divorce; Bankruptcy; Employment Law,2004,1,(980) 215-1299,https://allenlawfirmlaw.com,North Carolina State Bar + Public Registry + Avvo,9.9,4.2,Solo Practice,ACTIVE
NC-000225,Rodriguez Attorneys at Law,Davidson (County),Davidson,NC,Probate; Landlord/Tenant; Civil Litigation,2002,27,(704) 332-2129,https://rodriguezattorneysatlawlaw.com,North Carolina State Bar + Public Registry + Avvo,8.3,3.7,Mid-Size (11-50),ACTIVE
NC-000226,Wright Partners,Davidson (County),Davidson,NC,Custody; Bankruptcy,1971,291,(910) 886-4925,https://wrightpartnerslaw.com,North Carolina State Bar + Public Registry + Avvo,8.1,3.5,Very Large (200+),ACTIVE
NC-000227,"Hernandez, Gonzalez, Lee & Associates",Davidson (County),Davidson,NC,Alternative Dispute Resolution; Wills & Trusts; Criminal Law; Landlord/Tenant,2001,10,(336) 840-5770,https://hernandezgonzalezleeandassociateslaw.com,North Carolina State Bar + Public Registry + Avvo,9.5,4.4,Small Firm (2-10),ACTIVE
NC-000228,Walker Solutions,Davidson (County),Davidson,NC,Contract Law; Criminal Defense; Intellectual Property; Patent Law,1973,3,(980) 230-9243,https://walkersolutionslaw.com,North Carolina State Bar + Public Registry + Avvo,7.8,3.6,Small Firm (2-10),ACTIVE
NC-000229,Davis Law Firm,Davidson (County),Davidson,NC,Employment Law; Consumer Protection; Workers Compensation; Appeals,1966,7,(984) 524-2449,https://davislawfirmlaw.com,North Carolina State Bar + Public Registry + Avvo,8.2,3.8,Small Firm (2-10),ACTIVE
NC-000230,Wright LLC,Davidson (County),Davidson,NC,Civil Litigation; Intellectual Property; Wills & Trusts,1998,3,(704) 664-4431,https://wrightllclaw.com,North Carolina State Bar + Public Registry + Avvo,7.6,3.9,Small Firm (2-10),ACTIVE
NC-000231,Lee Law Firm,Davidson (County),Davidson,NC,Personal Injury; Consumer Protection,1992,84,(910) 244-4866,https://leelawfirmlaw.com,North Carolina State Bar + Public Registry + Avvo,9.0,5.0,Large (50-200),ACTIVE
NC-000232,Young Law Firm,Davie (County),Davie,NC,Construction Law; Immigration Law,1984,4,(252) 518-6669,https://younglawfirmlaw.com,North Carolina State Bar + Public Registry + Avvo,8.4,4.7,Small Firm (2-10),ACTIVE
NC-000233,Reed Law Firm,Davie (County),Davie,NC,Estate Taxes; Administrative Law; Workers Compensation,1972,9,(910) 915-1238,https://reedlawfirmlaw.com,North Carolina State Bar + Public Registry + Avvo,8.7,3.5,Small Firm (2-10),ACTIVE
NC-000234,Allen Law Group,Davie (County),Davie,NC,Divorce; Family Law; Criminal Defense; Estate Taxes,1989,1,(704) 519-1042,https://allenlawgrouplaw.com,North Carolina State Bar + Public Registry + Avvo,9.2,4.7,Solo Practice,ACTIVE
NC-000235,Davis Law Firm,Davie (County),Davie,NC,Criminal Defense; Consumer Protection; Arbitration; Immigration Law,1983,3,(252) 847-1098,https://davislawfirmlaw.com,North Carolina State Bar + Public Registry + Avvo,8.7,4.3,Small Firm (2-10),ACTIVE
NC-000236,Morgan Group,Davie (County),Davie,NC,Property Law; Bankruptcy; Immigration Law; Patent Law; Probate,1995,150,(919) 730-7531,https://morgangrouplaw.com,North Carolina State Bar + Public Registry + Avvo,7.3,4.6,Large (50-200),ACTIVE
NC-000237,Martin Law Firm,Davie (County),Davie,NC,Personal Injury; Custody; Estate Planning; DUI/DWI,1998,10,(910) 559-9538,https://martinlawfirmlaw.com,North Carolina State Bar + Public Registry + Avvo,8.9,3.5,Small Firm (2-10),ACTIVE
NC-000238,Morgan Law Group,Davie (County),Davie,NC,Civil Litigation; Personal Injury,1983,2,(704) 236-6791,https://morganlawgrouplaw.com,North Carolina State Bar + Public Registry + Avvo,8.5,3.8,Small Firm (2-10),ACTIVE
NC-000239,Wright Law Group,Davie (County),Davie,NC,Estate Taxes; Corporate Law; Property Law; Contract Law,2001,47,(919) 748-7942,https://wrightlawgrouplaw.com,North Carolina State Bar + Public Registry + Avvo,9.6,4.3,Mid-Size (11-50),ACTIVE
NC-000240,"Rogers, Taylor, Stewart & Associates",Duplin (County),Duplin,NC,Tax Law; Mediation; Custody,1966,1,(984) 833-4947,https://rogerstaylorstewartandassociateslaw.com,North Carolina State Bar + Public Registry + Avvo,9.8,4.2,Solo Practice,ACTIVE
NC-000241,Lee Solutions,Duplin (County),Duplin,NC,Workers Compensation; Wills & Trusts; Environmental Law; Criminal Law; Real Estate,1980,5,(704) 675-7255,https://leesolutionslaw.com,North Carolina State Bar + Public Registry + Avvo,7.2,4.4,Small Firm (2-10),ACTIVE
NC-000242,Lopez Counsel,Duplin (County),Duplin,NC,Debt Collection; HR Compliance; Workers Compensation; Administrative Law; Mediation,2012,6,(919) 731-4275,https://lopezcounsellaw.com,North Carolina State Bar + Public Registry + Avvo,9.2,4.7,Small Firm (2-10),ACTIVE
NC-000243,"Young, Martinez, Thompson & Associates",Duplin (County),Duplin,NC,Debt Collection; Contract Law,1968,5,(252) 336-4687,https://youngmartinezthompsonandassociateslaw.com,North Carolina State Bar + Public Registry + Avvo,8.3,4.7,Small Firm (2-10),ACTIVE
NC-000244,Jones Law Firm,Duplin (County),Duplin,NC,Personal Injury; Immigration Law; Consumer Protection; Divorce; Arbitration,1984,141,(919) 540-4819,https://joneslawfirmlaw.com,North Carolina State Bar + Public Registry + Avvo,8.7,3.9,Large (50-200),ACTIVE
NC-000245,Davis Counsel,Duplin (County),Duplin,NC,DUI/DWI; HR Compliance,1987,4,(984) 830-9343,https://daviscounsellaw.com,North Carolina State Bar + Public Registry + Avvo,9.0,4.5,Small Firm (2-10),ACTIVE
NC-000246,Garcia PLLC,Duplin (County),Duplin,NC,Appeals; Medical Malpractice; Property Law,1994,10,(910) 479-6653,https://garciapllclaw.com,North Carolina State Bar + Public Registry + Avvo,7.5,3.7,Small Firm (2-10),ACTIVE
NC-000247,"Johnson, Brown, Evans & Associates",Duplin (County),Duplin,NC,Construction Law; Divorce; HR Compliance; Administrative Law,1975,38,(336) 852-7739,https://johnsonbrownevansandassociateslaw.com,North Carolina State Bar + Public Registry + Avvo,7.5,4.3,Mid-Size (11-50),ACTIVE
NC-000248,Morgan Law Firm,Durham,Durham,NC,Wills & Trusts; Real Estate; Arbitration; Environmental Law; Personal Injury,1969,25,(910) 598-4983,https://morganlawfirmlaw.com,North Carolina State Bar + Public Registry + Avvo,7.8,4.4,Mid-Size (11-50),ACTIVE
NC-000249,"Rogers, Campbell & Associates",Chapel Hill,Durham,NC,HR Compliance; Patent Law; Employment Law; Mediation; Probate,1964,18,(252) 824-2437,https://rogerscampbellandassociateslaw.com,North Carolina State Bar + Public Registry + Avvo,8.8,4.1,Mid-Size (11-50),ACTIVE
NC-000250,"Peterson, Wilson, Campbell & Associates",Carrboro,Durham,NC,Family Law; Intellectual Property,2014,7,(828) 612-4455,https://petersonwilsoncampbellandassociateslaw.com,North Carolina State Bar + Public Registry + Avvo,8.1,4.2,Small Firm (2-10),ACTIVE
NC-000251,Wilson Attorneys,Durham,Durham,NC,Wills & Trusts; Probate; Immigration Law; Bankruptcy,2009,179,(910) 933-7029,https://wilsonattorneyslaw.com,North Carolina State Bar + Public Registry + Avvo,9.1,4.7,Large (50-200),ACTIVE
NC-000252,Evans Services,Chapel Hill,Durham,NC,Family Law; Consumer Protection; Tax Law,2013,184,(336) 347-2648,https://evansserviceslaw.com,North Carolina State Bar + Public Registry + Avvo,9.7,3.6,Large (50-200),ACTIVE
NC-000253,Campbell Law Firm,Carrboro,Durham,NC,Intellectual Property; Real Estate; Tax Law; Contract Law; Property Law,1983,4,(910) 373-1271,https://campbelllawfirmlaw.com,North Carolina State Bar + Public Registry + Avvo,8.3,4.7,Small Firm (2-10),ACTIVE
NC-000254,Morris Law Firm,Durham,Durham,NC,Environmental Law; Patent Law; Construction Law,2013,18,(910) 231-9853,https://morrislawfirmlaw.com,North Carolina State Bar + Public Registry + Avvo,7.0,4.3,Mid-Size (11-50),ACTIVE
NC-000255,"Thomas, Reed, Reeves & Associates",Chapel Hill,Durham,NC,Property Law; Estate Taxes; HR Compliance; Alternative Dispute Resolution; DUI/DWI,1980,123,(984) 528-3544,https://thomasreedreevesandassociateslaw.com,North Carolina State Bar + Public Registry + Avvo,9.5,4.5,Large (50-200),ACTIVE
NC-000256,Brown Law Firm,Edgecombe (County),Edgecombe,NC,Alternative Dispute Resolution; Debt Collection; Employment Law,1975,234,(910) 250-7154,https://brownlawfirmlaw.com,North Carolina State Bar + Public Registry + Avvo,8.5,4.4,Very Large (200+),ACTIVE
NC-000257,Torres Attorneys at Law,Edgecombe (County),Edgecombe,NC,Contract Law; Estate Taxes; Criminal Law; Business Law,2004,49,(984) 735-7951,https://torresattorneysatlawlaw.com,North Carolina State Bar + Public Registry + Avvo,8.0,3.9,Mid-Size (11-50),ACTIVE
NC-000258,"Phillips, Allen, Reed & Associates",Edgecombe (County),Edgecombe,NC,DUI/DWI; Estate Planning; Consumer Protection; Mediation; Civil Litigation,1972,9,(336) 895-3296,https://phillipsallenreedandassociateslaw.com,North Carolina State Bar + Public Registry + Avvo,9.9,4.2,Small Firm (2-10),ACTIVE
NC-000259,"Jones, Gonzalez, Parker & Associates",Edgecombe (County),Edgecombe,NC,Alternative Dispute Resolution; Property Law; Intellectual Property; Contract Law,1991,1,(910) 526-2431,https://jonesgonzalezparkerandassociateslaw.com,North Carolina State Bar + Public Registry + Avvo,9.0,3.8,Solo Practice,ACTIVE
NC-000260,Parker Law Firm,Edgecombe (County),Edgecombe,NC,HR Compliance; Mediation; Medical Malpractice; Estate Planning; Debt Collection,1974,36,(910) 749-7107,https://parkerlawfirmlaw.com,North Carolina State Bar + Public Registry + Avvo,8.0,4.9,Mid-Size (11-50),ACTIVE
NC-000261,"Robinson, Morris, Morgan & Associates",Edgecombe (County),Edgecombe,NC,Contract Law; Tax Law; Mediation; Construction Law,1984,10,(919) 679-3121,https://robinsonmorrismorganandassociateslaw.com,North Carolina State Bar + Public Registry + Avvo,7.4,4.6,Small Firm (2-10),ACTIVE
NC-000262,"Bell, Cook, Lewis & Associates",Edgecombe (County),Edgecombe,NC,Administrative Law; DUI/DWI,1983,17,(910) 399-2874,https://bellcooklewisandassociateslaw.com,North Carolina State Bar + Public Registry + Avvo,10.0,4.3,Mid-Size (11-50),ACTIVE
NC-000263,Morgan Attorneys,Edgecombe (County),Edgecombe,NC,Medical Malpractice; Estate Planning; Personal Injury; Environmental Law; Business Law,1960,1,(910) 723-7846,https://morganattorneyslaw.com,North Carolina State Bar + Public Registry + Avvo,7.5,4.0,Solo Practice,ACTIVE
NC-000264,Thompson Legal,Winston-Salem,Forsyth,NC,Personal Injury; Administrative Law; Family Law,2008,25,(336) 739-1733,https://thompsonlegallaw.com,North Carolina State Bar + Public Registry + Avvo,7.6,5.0,Mid-Size (11-50),ACTIVE
NC-000265,"Rodriguez, Martinez & Associates",High Point,Forsyth,NC,Immigration Law; Alternative Dispute Resolution; Employment Law; Contract Law; Landlord/Tenant,1976,10,(980) 722-1434,https://rodriguezmartinezandassociateslaw.com,North Carolina State Bar + Public Registry + Avvo,9.7,4.7,Small Firm (2-10),ACTIVE
NC-000266,Lewis & Associates,Kernersville,Forsyth,NC,Bankruptcy; Probate,1997,215,(704) 489-4247,https://lewisandassociateslaw.com,North Carolina State Bar + Public Registry + Avvo,8.1,4.4,Very Large (200+),ACTIVE
NC-000267,"Reed, Edwards & Associates",Lewisville,Forsyth,NC,Custody; Alternative Dispute Resolution; Arbitration; Corporate Law,1999,8,(980) 854-3487,https://reededwardsandassociateslaw.com,North Carolina State Bar + Public Registry + Avvo,7.7,3.8,Small Firm (2-10),ACTIVE
NC-000268,Cooper Legal,Rural Hall,Forsyth,NC,Administrative Law; Personal Injury,2005,7,(910) 413-6049,https://cooperlegallaw.com,North Carolina State Bar + Public Registry + Avvo,7.8,4.3,Small Firm (2-10),ACTIVE
NC-000269,Williams Law Firm,Winston-Salem,Forsyth,NC,HR Compliance; Construction Law; Divorce; Arbitration,1983,8,(910) 832-8662,https://williamslawfirmlaw.com,North Carolina State Bar + Public Registry + Avvo,7.3,4.5,Small Firm (2-10),ACTIVE
NC-000270,"Scott, Sanchez & Associates",High Point,Forsyth,NC,Construction Law; Tax Law; Estate Taxes,1995,42,(980) 274-5323,https://scottsanchezandassociateslaw.com,North Carolina State Bar + Public Registry + Avvo,9.7,4.3,Mid-Size (11-50),ACTIVE
NC-000271,"Anderson, Moore, Wright & Associates",Kernersville,Forsyth,NC,Medical Malpractice; Arbitration,1981,2,(828) 664-5210,https://andersonmoorewrightandassociateslaw.com,North Carolina State Bar + Public Registry + Avvo,7.6,4.4,Small Firm (2-10),ACTIVE
NC-000272,Moore & Associates,Franklin (County),Franklin,NC,Divorce; Administrative Law; Estate Planning; Probate; Medical Malpractice,1986,1,(252) 279-9115,https://mooreandassociateslaw.com,North Carolina State Bar + Public Registry + Avvo,8.7,3.9,Solo Practice,ACTIVE
NC-000273,Morris & Peterson,Franklin (County),Franklin,NC,Debt Collection; DUI/DWI; Bankruptcy,1974,1,(252) 509-7842,https://morrisandpetersonlaw.com,North Carolina State Bar + Public Registry + Avvo,9.1,4.2,Solo Practice,ACTIVE
NC-000274,Bell Legal,Franklin (County),Franklin,NC,Real Estate; Civil Litigation; Family Law; Personal Injury,1987,110,(910) 498-6055,https://belllegallaw.com,North Carolina State Bar + Public Registry + Avvo,7.9,4.5,Large (50-200),ACTIVE
NC-000275,Smith & Associates,Franklin (County),Franklin,NC,Patent Law; Estate Taxes; Contract Law; Corporate Law,1973,91,(910) 712-6112,https://smithandassociateslaw.com,North Carolina State Bar + Public Registry + Avvo,9.7,4.9,Large (50-200),ACTIVE
NC-000276,Wright PLLC,Franklin (County),Franklin,NC,Corporate Law; Landlord/Tenant; Criminal Defense; Personal Injury,2008,1,(704) 216-1099,https://wrightpllclaw.com,North Carolina State Bar + Public Registry + Avvo,8.2,4.9,Solo Practice,ACTIVE
NC-000277,"Taylor, Lopez, Allen & Associates",Franklin (County),Franklin,NC,Workers Compensation; HR Compliance,1971,2,(910) 324-4077,https://taylorlopezallenandassociateslaw.com,North Carolina State Bar + Public Registry + Avvo,7.5,3.6,Small Firm (2-10),ACTIVE
NC-000278,"Moore, Sanchez, Brown & Associates",Franklin (County),Franklin,NC,Environmental Law; Consumer Protection; Estate Planning; Criminal Defense; Criminal Law,1971,208,(919) 871-7953,https://mooresanchezbrownandassociateslaw.com,North Carolina State Bar + Public Registry + Avvo,8.1,4.1,Very Large (200+),ACTIVE
NC-000279,King Law Firm,Franklin (County),Franklin,NC,Business Law; Employment Law; Appeals; Medical Malpractice,1997,5,(252) 448-9084,https://kinglawfirmlaw.com,North Carolina State Bar + Public Registry + Avvo,7.3,4.0,Small Firm (2-10),ACTIVE
NC-000280,Phillips Law Firm,Gaston (County),Gaston,NC,Administrative Law; Criminal Law; Employment Law; Property Law; Family Law,1961,10,(828) 224-2489,https://phillipslawfirmlaw.com,North Carolina State Bar + Public Registry + Avvo,9.4,4.2,Small Firm (2-10),ACTIVE
NC-000281,"Reed, Gonzalez, Cook & Associates",Gaston (County),Gaston,NC,Environmental Law; Medical Malpractice; Debt Collection; Personal Injury; Bankruptcy,1981,33,(252) 602-3121,https://reedgonzalezcookandassociateslaw.com,North Carolina State Bar + Public Registry + Avvo,8.1,3.9,Mid-Size (11-50),ACTIVE
NC-000282,Reeves LLC,Gaston (County),Gaston,NC,Consumer Protection; Criminal Law; Construction Law; DUI/DWI; Personal Injury,1992,6,(980) 733-3471,https://reevesllclaw.com,North Carolina State Bar + Public Registry + Avvo,9.7,3.8,Small Firm (2-10),ACTIVE
NC-000283,Torres Legal Services,Gaston (County),Gaston,NC,Family Law; Administrative Law; Consumer Protection,1999,5,(704) 884-3099,https://torreslegalserviceslaw.com,North Carolina State Bar + Public Registry + Avvo,8.7,3.9,Small Firm (2-10),ACTIVE
NC-000284,Smith and Stewart,Gaston (County),Gaston,NC,Administrative Law; Civil Litigation,1991,1,(336) 582-4887,https://smithandstewartlaw.com,North Carolina State Bar + Public Registry + Avvo,7.7,4.8,Solo Practice,ACTIVE
NC-000285,Clark and Walker,Gaston (County),Gaston,NC,Mediation; Personal Injury; Custody; Alternative Dispute Resolution,1967,40,(828) 337-3983,https://clarkandwalkerlaw.com,North Carolina State Bar + Public Registry + Avvo,9.0,4.9,Mid-Size (11-50),ACTIVE
NC-000286,Morgan PLLC,Gaston (County),Gaston,NC,Administrative Law; Estate Taxes; Patent Law; Immigration Law,1990,53,(910) 962-5874,https://morganpllclaw.com,North Carolina State Bar + Public Registry + Avvo,7.7,4.4,Large (50-200),ACTIVE
NC-000287,Peterson Law Firm,Gaston (County),Gaston,NC,Estate Planning; Family Law; Custody; Civil Litigation,2010,196,(980) 278-3075,https://petersonlawfirmlaw.com,North Carolina State Bar + Public Registry + Avvo,8.6,4.6,Large (50-200),ACTIVE
NC-000288,White Law Firm,Gates (County),Gates,NC,Property Law; Criminal Law; Probate; Contract Law; Civil Litigation,1962,27,(919) 612-9311,https://whitelawfirmlaw.com,North Carolina State Bar + Public Registry + Avvo,8.1,3.9,Mid-Size (11-50),ACTIVE
NC-000289,Evans Partners,Gates (County),Gates,NC,Real Estate; Criminal Defense; Immigration Law; Civil Litigation; Personal Injury,2012,6,(984) 656-3037,https://evanspartnerslaw.com,North Carolina State Bar + Public Registry + Avvo,9.1,4.3,Small Firm (2-10),ACTIVE
NC-000290,Lopez Law Group,Gates (County),Gates,NC,Patent Law; Administrative Law,1986,130,(336) 565-6923,https://lopezlawgrouplaw.com,North Carolina State Bar + Public Registry + Avvo,9.0,3.9,Large (50-200),ACTIVE
NC-000291,Ramirez Law Firm,Gates (County),Gates,NC,Arbitration; Custody,1970,7,(704) 504-6634,https://ramirezlawfirmlaw.com,North Carolina State Bar + Public Registry + Avvo,9.9,4.4,Small Firm (2-10),ACTIVE
NC-000292,"Phillips, Garcia, Morgan & Associates",Gates (County),Gates,NC,Immigration Law; Corporate Law,1966,1,(984) 255-6789,https://phillipsgarciamorganandassociateslaw.com,North Carolina State Bar + Public Registry + Avvo,8.9,3.7,Solo Practice,ACTIVE
NC-000293,"Parker, King, Torres & Associates",Gates (County),Gates,NC,Bankruptcy; Business Law; Real Estate; Arbitration,2008,97,(910) 526-6644,https://parkerkingtorresandassociateslaw.com,North Carolina State Bar + Public Registry + Avvo,7.7,3.8,Large (50-200),ACTIVE
NC-000294,Morgan LLC,Gates (County),Gates,NC,Landlord/Tenant; Criminal Law; Construction Law,1963,7,(919) 518-3753,https://morganllclaw.com,North Carolina State Bar + Public Registry + Avvo,9.5,4.4,Small Firm (2-10),ACTIVE
NC-000295,Davis PLLC,Gates (County),Gates,NC,Medical Malpractice; Business Law; Administrative Law,1992,19,(828) 634-6552,https://davispllclaw.com,North Carolina State Bar + Public Registry + Avvo,8.6,4.5,Mid-Size (11-50),ACTIVE
NC-000296,White Law Group,Graham (County),Graham,NC,Probate; Contract Law; Medical Malpractice; Civil Litigation; Criminal Law,1968,19,(704) 683-2399,https://whitelawgrouplaw.com,North Carolina State Bar + Public Registry + Avvo,9.7,4.3,Mid-Size (11-50),ACTIVE
NC-000297,Campbell Law Firm,Graham (County),Graham,NC,Patent Law; Environmental Law; Bankruptcy; Probate; Estate Taxes,1983,31,(828) 704-1959,https://campbelllawfirmlaw.com,North Carolina State Bar + Public Registry + Avvo,8.9,4.6,Mid-Size (11-50),ACTIVE
NC-000298,King Legal Services,Graham (County),Graham,NC,Tax Law; Administrative Law,1976,8,(336) 817-8344,https://kinglegalserviceslaw.com,North Carolina State Bar + Public Registry + Avvo,9.3,4.5,Small Firm (2-10),ACTIVE
NC-000299,Edwards Law Firm,Graham (County),Graham,NC,Tax Law; Estate Planning; Family Law,1985,8,(336) 915-8669,https://edwardslawfirmlaw.com,North Carolina State Bar + Public Registry + Avvo,9.5,4.9,Small Firm (2-10),ACTIVE
NC-000300,Miller Services,Graham (County),Graham,NC,Civil Litigation; Environmental Law; Personal Injury; Consumer Protection,2003,2,(704) 309-9177,https://millerserviceslaw.com,North Carolina State Bar + Public Registry + Avvo,8.8,4.2,Small Firm (2-10),ACTIVE
NC-000301,King Law Firm,Graham (County),Graham,NC,Corporate Law; Mediation; Real Estate; Civil Litigation,1990,37,(910) 745-1237,https://kinglawfirmlaw.com,North Carolina State Bar + Public Registry + Avvo,9.7,4.7,Mid-Size (11-50),ACTIVE
NC-000302,Collins Group,Graham (County),Graham,NC,Medical Malpractice; Patent Law,2000,1,(984) 947-2858,https://collinsgrouplaw.com,North Carolina State Bar + Public Registry + Avvo,7.1,4.9,Solo Practice,ACTIVE
NC-000303,"Torres, Anderson & Associates",Graham (County),Graham,NC,Arbitration; Environmental Law; Landlord/Tenant,1968,3,(252) 744-8777,https://torresandersonandassociateslaw.com,North Carolina State Bar + Public Registry + Avvo,8.2,4.3,Small Firm (2-10),ACTIVE
NC-000304,"Thompson, Davis, Torres & Associates",Granville (County),Granville,NC,Environmental Law; Employment Law; Intellectual Property; Estate Planning,1979,1,(704) 608-9977,https://thompsondavistorresandassociateslaw.com,North Carolina State Bar + Public Registry + Avvo,8.6,4.9,Solo Practice,ACTIVE
NC-000305,"Reed, Lewis & Associates",Granville (County),Granville,NC,Business Law; Contract Law,1962,28,(336) 375-7821,https://reedlewisandassociateslaw.com,North Carolina State Bar + Public Registry + Avvo,9.5,4.0,Mid-Size (11-50),ACTIVE
NC-000306,Williams Counsel,Granville (County),Granville,NC,Contract Law; Criminal Defense; DUI/DWI,1990,9,(984) 532-7100,https://williamscounsellaw.com,North Carolina State Bar + Public Registry + Avvo,7.3,3.9,Small Firm (2-10),ACTIVE
NC-000307,Reed Attorneys,Granville (County),Granville,NC,DUI/DWI; Contract Law; Real Estate; Criminal Law,2011,5,(984) 603-3451,https://reedattorneyslaw.com,North Carolina State Bar + Public Registry + Avvo,9.1,3.9,Small Firm (2-10),ACTIVE
NC-000308,Thomas Services,Granville (County),Granville,NC,Alternative Dispute Resolution; Family Law; Landlord/Tenant,1993,2,(704) 798-7922,https://thomasserviceslaw.com,North Carolina State Bar + Public Registry + Avvo,7.5,4.9,Small Firm (2-10),ACTIVE
NC-000309,King Law,Granville (County),Granville,NC,HR Compliance; Personal Injury; Property Law; Custody,2010,31,(984) 441-2524,https://kinglawlaw.com,North Carolina State Bar + Public Registry + Avvo,8.8,3.9,Mid-Size (11-50),ACTIVE
NC-000310,Wilson Law Firm,Granville (County),Granville,NC,Employment Law; Criminal Defense,1975,25,(984) 370-4051,https://wilsonlawfirmlaw.com,North Carolina State Bar + Public Registry + Avvo,8.5,4.9,Mid-Size (11-50),ACTIVE
NC-000311,Morgan and Lee,Granville (County),Granville,NC,Real Estate; Business Law; Custody,1976,21,(919) 569-2373,https://morganandleelaw.com,North Carolina State Bar + Public Registry + Avvo,8.9,4.6,Mid-Size (11-50),ACTIVE
NC-000312,Morgan Law Firm,Greene (County),Greene,NC,Debt Collection; Estate Planning; Property Law; Intellectual Property; Tax Law,1988,1,(336) 236-6826,https://morganlawfirmlaw.com,North Carolina State Bar + Public Registry + Avvo,7.7,4.8,Solo Practice,ACTIVE
NC-000313,Morris Attorneys at Law,Greene (County),Greene,NC,Business Law; Real Estate,1991,4,(910) 864-1346,https://morrisattorneysatlawlaw.com,North Carolina State Bar + Public Registry + Avvo,9.6,4.2,Small Firm (2-10),ACTIVE
NC-000314,"Taylor, Rogers & Associates",Greene (County),Greene,NC,Appeals; Estate Planning,1968,10,(828) 768-8278,https://taylorrogersandassociateslaw.com,North Carolina State Bar + Public Registry + Avvo,8.1,4.0,Small Firm (2-10),ACTIVE
NC-000315,Ramirez Law Firm,Greene (County),Greene,NC,Personal Injury; Estate Taxes,2003,1,(910) 578-7163,https://ramirezlawfirmlaw.com,North Carolina State Bar + Public Registry + Avvo,8.9,3.8,Solo Practice,ACTIVE
NC-000316,White Office,Greene (County),Greene,NC,Debt Collection; HR Compliance,1982,1,(828) 252-8121,https://whiteofficelaw.com,North Carolina State Bar + Public Registry + Avvo,7.1,4.0,Solo Practice,ACTIVE
NC-000317,"Reeves, Rodriguez & Associates",Greene (County),Greene,NC,Employment Law; Probate; Real Estate; Family Law; Criminal Defense,2001,1,(980) 841-4036,https://reevesrodriguezandassociateslaw.com,North Carolina State Bar + Public Registry + Avvo,8.9,4.8,Solo Practice,ACTIVE
NC-000318,Smith & Associates,Greene (County),Greene,NC,Employment Law; Estate Taxes; Administrative Law; Civil Litigation; DUI/DWI,1998,1,(984) 989-8641,https://smithandassociateslaw.com,North Carolina State Bar + Public Registry + Avvo,9.6,3.8,Solo Practice,ACTIVE
NC-000319,"Miller, Bell, Rogers & Associates",Greene (County),Greene,NC,Probate; Custody; Property Law,1994,18,(828) 471-1161,https://millerbellrogersandassociateslaw.com,North Carolina State Bar + Public Registry + Avvo,7.6,4.7,Mid-Size (11-50),ACTIVE
NC-000320,Walker Law Firm,Greensboro,Guilford,NC,Intellectual Property; Personal Injury; Environmental Law; Immigration Law; Administrative Law,1965,50,(910) 371-8000,https://walkerlawfirmlaw.com,North Carolina State Bar + Public Registry + Avvo,9.7,4.4,Mid-Size (11-50),ACTIVE
NC-000321,Perez Partners,High Point,Guilford,NC,Criminal Law; Debt Collection; Construction Law,1967,6,(910) 606-2686,https://perezpartnerslaw.com,North Carolina State Bar + Public Registry + Avvo,9.1,3.5,Small Firm (2-10),ACTIVE
NC-000322,"Perez, Wright & Associates",Jamestown,Guilford,NC,Appeals; Landlord/Tenant; DUI/DWI; Medical Malpractice; Environmental Law,1994,45,(980) 388-9328,https://perezwrightandassociateslaw.com,North Carolina State Bar + Public Registry + Avvo,9.8,3.7,Mid-Size (11-50),ACTIVE
NC-000323,Lewis Law Firm,Summerfield,Guilford,NC,Medical Malpractice; Corporate Law; Consumer Protection,1993,1,(980) 886-6219,https://lewislawfirmlaw.com,North Carolina State Bar + Public Registry + Avvo,9.5,4.8,Solo Practice,ACTIVE
NC-000324,"Ramirez, Robinson, White & Associates",Greensboro,Guilford,NC,Criminal Law; Real Estate; Estate Taxes,1980,1,(252) 200-7382,https://ramirezrobinsonwhiteandassociateslaw.com,North Carolina State Bar + Public Registry + Avvo,9.8,4.8,Solo Practice,ACTIVE
NC-000325,Smith LLC,High Point,Guilford,NC,Criminal Law; Contract Law; Debt Collection; Wills & Trusts; Divorce,2000,41,(910) 301-2963,https://smithllclaw.com,North Carolina State Bar + Public Registry + Avvo,8.6,4.5,Mid-Size (11-50),ACTIVE
NC-000326,"Williams, Reed & Associates",Jamestown,Guilford,NC,Construction Law; Patent Law; Criminal Law; Personal Injury,1992,1,(984) 357-7019,https://williamsreedandassociateslaw.com,North Carolina State Bar + Public Registry + Avvo,7.2,4.2,Solo Practice,ACTIVE
NC-000327,Phillips Law Firm,Summerfield,Guilford,NC,Business Law; Alternative Dispute Resolution; Criminal Defense; Employment Law; Wills & Trusts,2013,6,(980) 513-2132,https://phillipslawfirmlaw.com,North Carolina State Bar + Public Registry + Avvo,7.3,4.9,Small Firm (2-10),ACTIVE
NC-000328,Stewart Group,Halifax (County),Halifax,NC,Immigration Law; Criminal Law; Mediation,1993,10,(336) 310-9710,https://stewartgrouplaw.com,North Carolina State Bar + Public Registry + Avvo,7.5,4.5,Small Firm (2-10),ACTIVE
NC-000329,"Parker, Thomas, Brown & Associates",Halifax (County),Halifax,NC,Personal Injury; Contract Law; Probate; DUI/DWI,2000,1,(910) 874-2756,https://parkerthomasbrownandassociateslaw.com,North Carolina State Bar + Public Registry + Avvo,9.5,4.5,Solo Practice,ACTIVE
NC-000330,Morris & Associates,Halifax (County),Halifax,NC,Debt Collection; Real Estate,1961,26,(704) 840-2655,https://morrisandassociateslaw.com,North Carolina State Bar + Public Registry + Avvo,7.8,4.8,Mid-Size (11-50),ACTIVE
NC-000331,Rogers LLC,Halifax (County),Halifax,NC,Employment Law; Arbitration,1981,48,(252) 422-3077,https://rogersllclaw.com,North Carolina State Bar + Public Registry + Avvo,7.9,4.7,Mid-Size (11-50),ACTIVE
NC-000332,Walker Group,Halifax (County),Halifax,NC,Administrative Law; Wills & Trusts,1975,38,(910) 280-9833,https://walkergrouplaw.com,North Carolina State Bar + Public Registry + Avvo,7.3,4.7,Mid-Size (11-50),ACTIVE
NC-000333,Torres Law Firm,Halifax (County),Halifax,NC,Probate; Administrative Law,2000,1,(336) 274-4632,https://torreslawfirmlaw.com,North Carolina State Bar + Public Registry + Avvo,7.9,4.3,Solo Practice,ACTIVE
NC-000334,Jones Law,Halifax (County),Halifax,NC,DUI/DWI; HR Compliance; Mediation; Medical Malpractice; Alternative Dispute Resolution,1975,4,(336) 549-4927,https://joneslawlaw.com,North Carolina State Bar + Public Registry + Avvo,7.7,3.7,Small Firm (2-10),ACTIVE
NC-000335,Evans Attorneys at Law,Halifax (County),Halifax,NC,Estate Planning; Family Law,2012,1,(828) 760-9854,https://evansattorneysatlawlaw.com,North Carolina State Bar + Public Registry + Avvo,8.2,4.7,Solo Practice,ACTIVE
NC-000336,Cook Law Firm,Harnett (County),Harnett,NC,HR Compliance; Tax Law; Mediation; Custody; Alternative Dispute Resolution,2009,34,(252) 209-8317,https://cooklawfirmlaw.com,North Carolina State Bar + Public Registry + Avvo,7.2,4.5,Mid-Size (11-50),ACTIVE
NC-000337,Thompson and Young,Harnett (County),Harnett,NC,Consumer Protection; Debt Collection; Contract Law; HR Compliance,1969,1,(336) 467-2160,https://thompsonandyounglaw.com,North Carolina State Bar + Public Registry + Avvo,8.8,4.5,Solo Practice,ACTIVE
NC-000338,Hernandez Law Firm,Harnett (County),Harnett,NC,Alternative Dispute Resolution; Wills & Trusts; Landlord/Tenant,1988,25,(919) 781-5347,https://hernandezlawfirmlaw.com,North Carolina State Bar + Public Registry + Avvo,7.2,4.4,Mid-Size (11-50),ACTIVE
NC-000339,Jackson Law Firm,Harnett (County),Harnett,NC,Consumer Protection; Debt Collection,1996,218,(828) 342-5332,https://jacksonlawfirmlaw.com,North Carolina State Bar + Public Registry + Avvo,9.5,4.8,Very Large (200+),ACTIVE
NC-000340,"Harris, Robinson, Martin & Associates",Harnett (County),Harnett,NC,Alternative Dispute Resolution; Medical Malpractice; Tax Law; Debt Collection,1988,22,(252) 566-7516,https://harrisrobinsonmartinandassociateslaw.com,North Carolina State Bar + Public Registry + Avvo,7.8,4.9,Mid-Size (11-50),ACTIVE
NC-000341,Taylor Law Firm,Harnett (County),Harnett,NC,Intellectual Property; Environmental Law; Wills & Trusts; Civil Litigation,1960,26,(980) 850-8936,https://taylorlawfirmlaw.com,North Carolina State Bar + Public Registry + Avvo,8.1,3.8,Mid-Size (11-50),ACTIVE
NC-000342,Lopez Associates,Harnett (County),Harnett,NC,Landlord/Tenant; Real Estate,1974,281,(828) 635-5268,https://lopezassociateslaw.com,North Carolina State Bar + Public Registry + Avvo,7.6,3.5,Very Large (200+),ACTIVE
NC-000343,"Parker, Brown & Associates",Harnett (County),Harnett,NC,Patent Law; Appeals,1978,1,(252) 807-8760,https://parkerbrownandassociateslaw.com,North Carolina State Bar + Public Registry + Avvo,9.6,4.9,Solo Practice,ACTIVE
NC-000344,"Martinez, Anderson & Associates",Haywood (County),Haywood,NC,Workers Compensation; Appeals,1975,10,(704) 643-2826,https://martinezandersonandassociateslaw.com,North Carolina State Bar + Public Registry + Avvo,7.4,4.9,Small Firm (2-10),ACTIVE
NC-000345,Evans & Peterson,Haywood (County),Haywood,NC,Estate Planning; Personal Injury; Debt Collection,1973,14,(252) 917-9254,https://evansandpetersonlaw.com,North Carolina State Bar + Public Registry + Avvo,9.7,4.8,Mid-Size (11-50),ACTIVE
NC-000346,"Perez, Lee, Reed & Associates",Haywood (County),Haywood,NC,Criminal Law; Administrative Law; Medical Malpractice; Debt Collection,1960,268,(984) 317-2554,https://perezleereedandassociateslaw.com,North Carolina State Bar + Public Registry + Avvo,8.0,4.3,Very Large (200+),ACTIVE
NC-000347,Thomas Attorneys at Law,Haywood (County),Haywood,NC,DUI/DWI; Construction Law; Divorce; Estate Planning; Appeals,1992,57,(910) 660-7192,https://thomasattorneysatlawlaw.com,North Carolina State Bar + Public Registry + Avvo,7.8,4.9,Large (50-200),ACTIVE
NC-000348,Wright Associates,Haywood (County),Haywood,NC,Criminal Defense; Estate Taxes; Family Law; Employment Law,2005,10,(828) 205-1901,https://wrightassociateslaw.com,North Carolina State Bar + Public Registry + Avvo,7.4,4.4,Small Firm (2-10),ACTIVE
NC-000349,"Lopez, Edwards, Johnson & Associates",Haywood (County),Haywood,NC,Intellectual Property; Landlord/Tenant,2011,1,(910) 999-6523,https://lopezedwardsjohnsonandassociateslaw.com,North Carolina State Bar + Public Registry + Avvo,9.1,4.6,Solo Practice,ACTIVE
NC-000350,Robinson and King,Haywood (County),Haywood,NC,Medical Malpractice; Mediation; Arbitration; Property Law; Patent Law,1990,1,(980) 639-9912,https://robinsonandkinglaw.com,North Carolina State Bar + Public Registry + Avvo,8.3,4.0,Solo Practice,ACTIVE
NC-000351,Harris Law,Haywood (County),Haywood,NC,HR Compliance; Estate Taxes; Corporate Law; Custody,1965,7,(984) 394-5131,https://harrislawlaw.com,North Carolina State Bar + Public Registry + Avvo,8.7,4.0,Small Firm (2-10),ACTIVE
NC-000352,Peterson Services,Henderson (County),Henderson,NC,Bankruptcy; Arbitration; Estate Planning; Corporate Law; Administrative Law,2012,2,(910) 698-3661,https://petersonserviceslaw.com,North Carolina State Bar + Public Registry + Avvo,8.4,3.9,Small Firm (2-10),ACTIVE
NC-000353,Clark Law Firm,Henderson (County),Henderson,NC,Family Law; Intellectual Property,1963,68,(984) 999-7890,https://clarklawfirmlaw.com,North Carolina State Bar + Public Registry + Avvo,8.1,4.3,Large (50-200),ACTIVE
NC-000354,Jackson Attorneys at Law,Henderson (County),Henderson,NC,Immigration Law; Civil Litigation; Family Law; HR Compliance,2010,107,(704) 833-2717,https://jacksonattorneysatlawlaw.com,North Carolina State Bar + Public Registry + Avvo,8.8,3.9,Large (50-200),ACTIVE
NC-000355,Rodriguez & Thompson,Henderson (County),Henderson,NC,Criminal Defense; Probate,1967,6,(910) 822-2793,https://rodriguezandthompsonlaw.com,North Carolina State Bar + Public Registry + Avvo,7.8,3.7,Small Firm (2-10),ACTIVE
NC-000356,Reed Counsel,Henderson (County),Henderson,NC,Patent Law; Appeals; Property Law; Alternative Dispute Resolution; Mediation,1987,1,(910) 915-7727,https://reedcounsellaw.com,North Carolina State Bar + Public Registry + Avvo,7.1,3.7,Solo Practice,ACTIVE
NC-000357,Davis and Torres,Henderson (County),Henderson,NC,Intellectual Property; Debt Collection,1997,169,(252) 871-3562,https://davisandtorreslaw.com,North Carolina State Bar + Public Registry + Avvo,9.0,4.6,Large (50-200),ACTIVE
NC-000358,Harris Firm,Henderson (County),Henderson,NC,Real Estate; Immigration Law; Wills & Trusts; Intellectual Property,1971,87,(919) 632-4448,https://harrisfirmlaw.com,North Carolina State Bar + Public Registry + Avvo,8.1,4.3,Large (50-200),ACTIVE
NC-000359,Cooper Law Firm,Henderson (County),Henderson,NC,Probate; Property Law; Alternative Dispute Resolution,1988,9,(910) 783-1642,https://cooperlawfirmlaw.com,North Carolina State Bar + Public Registry + Avvo,9.5,3.9,Small Firm (2-10),ACTIVE
NC-000360,"Cooper, Walker, Harris & Associates",Hertford (County),Hertford,NC,Real Estate; Debt Collection,1986,49,(704) 656-2668,https://cooperwalkerharrisandassociateslaw.com,North Carolina State Bar + Public Registry + Avvo,9.2,4.1,Mid-Size (11-50),ACTIVE
NC-000361,Harris Solutions,Hertford (County),Hertford,NC,Patent Law; Medical Malpractice; Custody,1996,50,(252) 589-1977,https://harrissolutionslaw.com,North Carolina State Bar + Public Registry + Avvo,7.8,3.9,Mid-Size (11-50),ACTIVE
NC-000362,Davis Attorneys at Law,Hertford (County),Hertford,NC,Personal Injury; Estate Taxes; Civil Litigation; Consumer Protection; Patent Law,1988,1,(252) 823-2107,https://davisattorneysatlawlaw.com,North Carolina State Bar + Public Registry + Avvo,7.3,3.5,Solo Practice,ACTIVE
NC-000363,"Reeves, Reed & Associates",Hertford (County),Hertford,NC,Patent Law; Probate; Debt Collection,1961,46,(919) 886-5270,https://reevesreedandassociateslaw.com,North Carolina State Bar + Public Registry + Avvo,9.1,4.0,Mid-Size (11-50),ACTIVE
NC-000364,"Reed, Williams, Anderson & Associates",Hertford (County),Hertford,NC,Mediation; Property Law; Environmental Law,1975,151,(828) 338-1667,https://reedwilliamsandersonandassociateslaw.com,North Carolina State Bar + Public Registry + Avvo,9.1,3.9,Large (50-200),ACTIVE
NC-000365,Brown Law Firm,Hertford (County),Hertford,NC,Criminal Law; Intellectual Property; Custody; Administrative Law; Construction Law,1977,104,(704) 208-3437,https://brownlawfirmlaw.com,North Carolina State Bar + Public Registry + Avvo,8.4,4.7,Large (50-200),ACTIVE
NC-000366,Rogers Law,Hertford (County),Hertford,NC,HR Compliance; Debt Collection,1966,1,(704) 699-2723,https://rogerslawlaw.com,North Carolina State Bar + Public Registry + Avvo,9.7,4.2,Solo Practice,ACTIVE
NC-000367,"Phillips, Bell, Jackson & Associates",Hertford (County),Hertford,NC,Debt Collection; Patent Law,1963,9,(919) 975-6587,https://phillipsbelljacksonandassociateslaw.com,North Carolina State Bar + Public Registry + Avvo,10.0,4.1,Small Firm (2-10),ACTIVE
NC-000368,Jackson PLLC,Hoke (County),Hoke,NC,Tax Law; Personal Injury; Divorce; Debt Collection,1962,1,(252) 379-2680,https://jacksonpllclaw.com,North Carolina State Bar + Public Registry + Avvo,8.0,4.1,Solo Practice,ACTIVE
NC-000369,Peterson Firm,Hoke (County),Hoke,NC,Civil Litigation; Immigration Law,1979,10,(336) 310-1227,https://petersonfirmlaw.com,North Carolina State Bar + Public Registry + Avvo,9.6,3.7,Small Firm (2-10),ACTIVE
NC-000370,White Law Firm,Hoke (County),Hoke,NC,Workers Compensation; Personal Injury; Intellectual Property; Consumer Protection; Administrative Law,2015,31,(980) 283-9077,https://whitelawfirmlaw.com,North Carolina State Bar + Public Registry + Avvo,7.5,4.0,Mid-Size (11-50),ACTIVE
NC-000371,Torres & Associates,Hoke (County),Hoke,NC,Environmental Law; Divorce,1962,2,(984) 856-3438,https://torresandassociateslaw.com,North Carolina State Bar + Public Registry + Avvo,9.0,3.7,Small Firm (2-10),ACTIVE
NC-000372,Campbell Solutions,Hoke (County),Hoke,NC,Civil Litigation; Real Estate; Estate Planning; Business Law; Family Law,1960,9,(919) 504-4108,https://campbellsolutionslaw.com,North Carolina State Bar + Public Registry + Avvo,8.2,3.5,Small Firm (2-10),ACTIVE
NC-000373,Evans Law Firm,Hoke (County),Hoke,NC,Contract Law; Construction Law,1998,7,(252) 566-2756,https://evanslawfirmlaw.com,North Carolina State Bar + Public Registry + Avvo,7.3,4.1,Small Firm (2-10),ACTIVE
NC-000374,Bell and Hernandez,Hoke (County),Hoke,NC,Corporate Law; Intellectual Property; Landlord/Tenant; Debt Collection; Administrative Law,1962,185,(704) 964-2645,https://bellandhernandezlaw.com,North Carolina State Bar + Public Registry + Avvo,8.1,3.6,Large (50-200),ACTIVE
NC-000375,"Wilson, Lee & Associates",Hoke (County),Hoke,NC,Tax Law; Criminal Defense,1976,180,(828) 399-4097,https://wilsonleeandassociateslaw.com,North Carolina State Bar + Public Registry + Avvo,8.8,3.6,Large (50-200),ACTIVE
NC-000376,Davis Law Firm,Hyde (County),Hyde,NC,HR Compliance; Immigration Law,1998,13,(919) 876-5657,https://davislawfirmlaw.com,North Carolina State Bar + Public Registry + Avvo,8.5,4.1,Mid-Size (11-50),ACTIVE
NC-000377,Rogers Services,Hyde (County),Hyde,NC,Family Law; Debt Collection; Estate Taxes; Arbitration,2003,284,(980) 624-6065,https://rogersserviceslaw.com,North Carolina State Bar + Public Registry + Avvo,9.8,3.6,Very Large (200+),ACTIVE
NC-000378,Taylor & Peterson,Hyde (County),Hyde,NC,Probate; Employment Law,2000,260,(704) 646-9695,https://taylorandpetersonlaw.com,North Carolina State Bar + Public Registry + Avvo,8.8,4.8,Very Large (200+),ACTIVE
NC-000379,Gonzalez Law,Hyde (County),Hyde,NC,Mediation; Criminal Defense; Medical Malpractice,1965,101,(984) 741-3539,https://gonzalezlawlaw.com,North Carolina State Bar + Public Registry + Avvo,9.7,4.1,Large (50-200),ACTIVE
NC-000380,Young Group,Hyde (County),Hyde,NC,Civil Litigation; Divorce; Property Law; Patent Law,1973,17,(828) 214-2643,https://younggrouplaw.com,North Carolina State Bar + Public Registry + Avvo,9.4,4.7,Mid-Size (11-50),ACTIVE
NC-000381,"Clark, Rodriguez, Walker & Associates",Hyde (County),Hyde,NC,Tax Law; Arbitration; Construction Law; Debt Collection,1968,3,(252) 222-5737,https://clarkrodriguezwalkerandassociateslaw.com,North Carolina State Bar + Public Registry + Avvo,7.6,4.0,Small Firm (2-10),ACTIVE
NC-000382,Morris Associates,Hyde (County),Hyde,NC,Personal Injury; Divorce; Debt Collection; Property Law,2012,40,(984) 206-4957,https://morrisassociateslaw.com,North Carolina State Bar + Public Registry + Avvo,7.3,4.6,Mid-Size (11-50),ACTIVE
NC-000383,Campbell Law Firm,Hyde (County),Hyde,NC,Workers Compensation; Estate Planning; Civil Litigation; DUI/DWI,1987,136,(828) 318-3060,https://campbelllawfirmlaw.com,North Carolina State Bar + Public Registry + Avvo,7.0,4.4,Large (50-200),ACTIVE
NC-000384,"Davis, Reed, Allen & Associates",Statesville,Iredell,NC,Custody; Alternative Dispute Resolution; Family Law,1967,1,(910) 719-5765,https://davisreedallenandassociateslaw.com,North Carolina State Bar + Public Registry + Avvo,7.4,4.0,Solo Practice,ACTIVE
NC-000385,"Perez, King, Collins & Associates",Mooresville,Iredell,NC,HR Compliance; Landlord/Tenant; Employment Law; Probate; Property Law,1985,1,(984) 449-9366,https://perezkingcollinsandassociateslaw.com,North Carolina State Bar + Public Registry + Avvo,9.8,4.2,Solo Practice,ACTIVE
NC-000386,Evans Legal Services,Troutman,Iredell,NC,Business Law; Tax Law,1994,73,(919) 242-2192,https://evanslegalserviceslaw.com,North Carolina State Bar + Public Registry + Avvo,8.3,4.3,Large (50-200),ACTIVE
NC-000387,"Allen, Peterson, Anderson & Associates",Harmony,Iredell,NC,Real Estate; Criminal Law; Property Law; Debt Collection; Medical Malpractice,1988,21,(252) 603-3422,https://allenpetersonandersonandassociateslaw.com,North Carolina State Bar + Public Registry + Avvo,7.7,3.7,Mid-Size (11-50),ACTIVE
NC-000388,King Law Firm,Statesville,Iredell,NC,Employment Law; Debt Collection,1964,1,(704) 540-9655,https://kinglawfirmlaw.com,North Carolina State Bar + Public Registry + Avvo,7.7,5.0,Solo Practice,ACTIVE
NC-000389,Walker PLLC,Mooresville,Iredell,NC,Civil Litigation; Bankruptcy; Property Law,2009,245,(828) 476-6910,https://walkerpllclaw.com,North Carolina State Bar + Public Registry + Avvo,9.0,3.8,Very Large (200+),ACTIVE
NC-000390,"Ramirez, Stewart & Associates",Troutman,Iredell,NC,Intellectual Property; Criminal Defense; Tax Law; Business Law; Medical Malpractice,2007,46,(919) 347-6608,https://ramirezstewartandassociateslaw.com,North Carolina State Bar + Public Registry + Avvo,9.8,3.5,Mid-Size (11-50),ACTIVE
NC-000391,Rodriguez Law Firm,Harmony,Iredell,NC,Administrative Law; Environmental Law; Wills & Trusts,2009,26,(828) 958-5599,https://rodriguezlawfirmlaw.com,North Carolina State Bar + Public Registry + Avvo,7.6,4.0,Mid-Size (11-50),ACTIVE
NC-000392,"Bell, Parker & Associates",Jackson (County),Jackson,NC,Wills & Trusts; Environmental Law; Corporate Law; Property Law,1987,9,(704) 531-8238,https://bellparkerandassociateslaw.com,North Carolina State Bar + Public Registry + Avvo,10.0,4.5,Small Firm (2-10),ACTIVE
NC-000393,"Jackson, Lewis & Associates",Jackson (County),Jackson,NC,Property Law; Bankruptcy; Administrative Law; Employment Law; Alternative Dispute Resolution,1961,3,(919) 444-6747,https://jacksonlewisandassociateslaw.com,North Carolina State Bar + Public Registry + Avvo,8.5,4.5,Small Firm (2-10),ACTIVE
NC-000394,King Attorneys at Law,Jackson (County),Jackson,NC,Criminal Law; Contract Law; Consumer Protection; HR Compliance,1966,19,(828) 900-1218,https://kingattorneysatlawlaw.com,North Carolina State Bar + Public Registry + Avvo,8.8,4.6,Mid-Size (11-50),ACTIVE
NC-000395,Scott Services,Jackson (County),Jackson,NC,Arbitration; Criminal Defense; Tax Law; HR Compliance,1995,6,(336) 446-4143,https://scottserviceslaw.com,North Carolina State Bar + Public Registry + Avvo,9.5,4.1,Small Firm (2-10),ACTIVE
NC-000396,Perez Legal Services,Jackson (County),Jackson,NC,Personal Injury; DUI/DWI,2010,300,(252) 793-6773,https://perezlegalserviceslaw.com,North Carolina State Bar + Public Registry + Avvo,9.9,4.9,Very Large (200+),ACTIVE
NC-000397,Thomas Solutions,Jackson (County),Jackson,NC,Employment Law; Workers Compensation,2014,28,(336) 641-1110,https://thomassolutionslaw.com,North Carolina State Bar + Public Registry + Avvo,8.1,4.0,Mid-Size (11-50),ACTIVE
NC-000398,Wright PLLC,Jackson (County),Jackson,NC,Tax Law; Bankruptcy,1970,9,(336) 376-1356,https://wrightpllclaw.com,North Carolina State Bar + Public Registry + Avvo,10.0,4.1,Small Firm (2-10),ACTIVE
NC-000399,Wright Law Firm,Jackson (County),Jackson,NC,Immigration Law; Property Law; DUI/DWI,1992,201,(336) 768-4463,https://wrightlawfirmlaw.com,North Carolina State Bar + Public Registry + Avvo,9.9,4.7,Very Large (200+),ACTIVE
NC-000400,Martin LLC,Johnston (County),Johnston,NC,Wills & Trusts; Workers Compensation,1980,5,(984) 332-2562,https://martinllclaw.com,North Carolina State Bar + Public Registry + Avvo,8.7,4.0,Small Firm (2-10),ACTIVE
NC-000401,Peterson Law Firm,Johnston (County),Johnston,NC,Contract Law; HR Compliance; Intellectual Property; Wills & Trusts; Probate,1993,10,(828) 729-4144,https://petersonlawfirmlaw.com,North Carolina State Bar + Public Registry + Avvo,8.0,3.8,Small Firm (2-10),ACTIVE
NC-000402,Morgan Office,Johnston (County),Johnston,NC,Arbitration; Divorce,1990,23,(919) 804-8765,https://morganofficelaw.com,North Carolina State Bar + Public Registry + Avvo,9.4,3.8,Mid-Size (11-50),ACTIVE
NC-000403,Rodriguez Law Group,Johnston (County),Johnston,NC,Civil Litigation; Business Law; HR Compliance; Personal Injury,1972,9,(828) 647-3178,https://rodriguezlawgrouplaw.com,North Carolina State Bar + Public Registry + Avvo,9.3,4.0,Small Firm (2-10),ACTIVE
NC-000404,Reeves Solutions,Johnston (County),Johnston,NC,Probate; Estate Planning,1960,1,(984) 724-7945,https://reevessolutionslaw.com,North Carolina State Bar + Public Registry + Avvo,9.1,4.9,Solo Practice,ACTIVE
NC-000405,Harris Law Firm,Johnston (County),Johnston,NC,Criminal Law; Arbitration; Administrative Law; Wills & Trusts,2000,16,(910) 472-8714,https://harrislawfirmlaw.com,North Carolina State Bar + Public Registry + Avvo,9.9,3.9,Mid-Size (11-50),ACTIVE
NC-000406,"Wright, Allen, Gonzalez & Associates",Johnston (County),Johnston,NC,Personal Injury; Custody; Estate Planning; Workers Compensation; Bankruptcy,1991,52,(910) 452-6749,https://wrightallengonzalezandassociateslaw.com,North Carolina State Bar + Public Registry + Avvo,9.1,4.2,Large (50-200),ACTIVE
NC-000407,"Evans, Martinez, Lee & Associates",Jones (County),Jones,NC,Alternative Dispute Resolution; Criminal Defense; Contract Law; Bankruptcy; DUI/DWI,1962,2,(910) 755-9135,https://evansmartinezleeandassociateslaw.com,North Carolina State Bar + Public Registry + Avvo,9.4,4.1,Small Firm (2-10),ACTIVE
NC-000408,Hernandez Legal Services,Jones (County),Jones,NC,Family Law; Personal Injury,1996,4,(980) 294-2330,https://hernandezlegalserviceslaw.com,North Carolina State Bar + Public Registry + Avvo,9.2,4.0,Small Firm (2-10),ACTIVE
NC-000409,Allen Solutions,Jones (County),Jones,NC,Tax Law; Corporate Law,2002,3,(336) 616-7840,https://allensolutionslaw.com,North Carolina State Bar + Public Registry + Avvo,7.7,4.7,Small Firm (2-10),ACTIVE
NC-000410,"Johnson, Wright, Moore & Associates",Jones (County),Jones,NC,Consumer Protection; Landlord/Tenant; Appeals,1984,1,(910) 635-8868,https://johnsonwrightmooreandassociateslaw.com,North Carolina State Bar + Public Registry + Avvo,7.1,4.3,Solo Practice,ACTIVE
NC-000411,Smith & Associates,Jones (County),Jones,NC,Corporate Law; DUI/DWI,1978,1,(252) 792-2073,https://smithandassociateslaw.com,North Carolina State Bar + Public Registry + Avvo,7.4,3.9,Solo Practice,ACTIVE
NC-000412,"Ramirez, Walker, Brown & Associates",Jones (County),Jones,NC,Arbitration; Probate; Contract Law; Bankruptcy,1975,1,(336) 686-4972,https://ramirezwalkerbrownandassociateslaw.com,North Carolina State Bar + Public Registry + Avvo,9.8,4.4,Solo Practice,ACTIVE
NC-000413,Sanchez Associates,Jones (County),Jones,NC,Corporate Law; Employment Law; Custody,2005,1,(910) 752-5836,https://sanchezassociateslaw.com,North Carolina State Bar + Public Registry + Avvo,8.2,3.6,Solo Practice,ACTIVE
NC-000414,Garcia Attorneys at Law,Lee (County),Lee,NC,Immigration Law; Debt Collection; Personal Injury; Mediation; Arbitration,1979,25,(336) 451-3079,https://garciaattorneysatlawlaw.com,North Carolina State Bar + Public Registry + Avvo,7.2,5.0,Mid-Size (11-50),ACTIVE
NC-000415,Davis PLLC,Lee (County),Lee,NC,Criminal Law; Workers Compensation,1960,2,(980) 924-3185,https://davispllclaw.com,North Carolina State Bar + Public Registry + Avvo,8.6,3.5,Small Firm (2-10),ACTIVE
NC-000416,Robinson Law Firm,Lee (County),Lee,NC,Estate Taxes; Alternative Dispute Resolution; Construction Law; Environmental Law,1988,81,(828) 246-8312,https://robinsonlawfirmlaw.com,North Carolina State Bar + Public Registry + Avvo,9.9,4.4,Large (50-200),ACTIVE
NC-000417,Martinez Legal Services,Lee (County),Lee,NC,Debt Collection; Family Law; Environmental Law; Administrative Law,2015,5,(336) 874-3641,https://martinezlegalserviceslaw.com,North Carolina State Bar + Public Registry + Avvo,9.8,3.9,Small Firm (2-10),ACTIVE
NC-000418,Rodriguez Law Firm,Lee (County),Lee,NC,Employment Law; Administrative Law,1989,7,(984) 220-2928,https://rodriguezlawfirmlaw.com,North Carolina State Bar + Public Registry + Avvo,7.7,4.6,Small Firm (2-10),ACTIVE
NC-000419,Cooper & Associates,Lee (County),Lee,NC,Divorce; Custody,2005,265,(910) 440-9995,https://cooperandassociateslaw.com,North Carolina State Bar + Public Registry + Avvo,10.0,4.5,Very Large (200+),ACTIVE
NC-000420,Morgan Law Firm,Lee (County),Lee,NC,Immigration Law; Wills & Trusts,1989,1,(828) 733-4038,https://morganlawfirmlaw.com,North Carolina State Bar + Public Registry + Avvo,10.0,3.7,Solo Practice,ACTIVE
NC-000421,Torres Law Firm,Lenoir (County),Lenoir,NC,Patent Law; Family Law,2010,1,(910) 324-5030,https://torreslawfirmlaw.com,North Carolina State Bar + Public Registry + Avvo,8.4,3.8,Solo Practice,ACTIVE
NC-000422,Evans Group,Lenoir (County),Lenoir,NC,Intellectual Property; Debt Collection; Business Law,1967,49,(828) 516-7593,https://evansgrouplaw.com,North Carolina State Bar + Public Registry + Avvo,7.0,4.3,Mid-Size (11-50),ACTIVE
NC-000423,Gonzalez & Associates,Lenoir (County),Lenoir,NC,Estate Taxes; Estate Planning; Tax Law; Probate,2013,10,(252) 365-4405,https://gonzalezandassociateslaw.com,North Carolina State Bar + Public Registry + Avvo,8.6,4.7,Small Firm (2-10),ACTIVE
NC-000424,Garcia Law Firm,Lenoir (County),Lenoir,NC,Custody; HR Compliance; Immigration Law; Patent Law; DUI/DWI,1988,1,(704) 771-4135,https://garcialawfirmlaw.com,North Carolina State Bar + Public Registry + Avvo,7.7,3.8,Solo Practice,ACTIVE
NC-000425,Rodriguez Law Firm,Lenoir (County),Lenoir,NC,Probate; Medical Malpractice; Workers Compensation; Construction Law; HR Compliance,1984,8,(828) 560-5858,https://rodriguezlawfirmlaw.com,North Carolina State Bar + Public Registry + Avvo,8.3,4.5,Small Firm (2-10),ACTIVE
NC-000426,Allen Law Firm,Lenoir (County),Lenoir,NC,Probate; Civil Litigation,1997,9,(828) 562-4882,https://allenlawfirmlaw.com,North Carolina State Bar + Public Registry + Avvo,7.4,4.3,Small Firm (2-10),ACTIVE
NC-000427,Wilson Services,Lenoir (County),Lenoir,NC,Debt Collection; Construction Law; Contract Law,1986,31,(980) 965-8325,https://wilsonserviceslaw.com,North Carolina State Bar + Public Registry + Avvo,7.8,4.3,Mid-Size (11-50),ACTIVE
NC-000428,Perez Attorneys,Lincoln (County),Lincoln,NC,Bankruptcy; Consumer Protection,2004,6,(919) 677-5917,https://perezattorneyslaw.com,North Carolina State Bar + Public Registry + Avvo,9.5,4.1,Small Firm (2-10),ACTIVE
NC-000429,Thompson Firm,Lincoln (County),Lincoln,NC,Mediation; Employment Law,1960,151,(252) 530-1468,https://thompsonfirmlaw.com,North Carolina State Bar + Public Registry + Avvo,9.5,4.6,Large (50-200),ACTIVE
NC-000430,Robinson PLLC,Lincoln (County),Lincoln,NC,Criminal Defense; Medical Malpractice; DUI/DWI; Consumer Protection,1981,219,(910) 668-5798,https://robinsonpllclaw.com,North Carolina State Bar + Public Registry + Avvo,9.0,4.4,Very Large (200+),ACTIVE
NC-000431,Cooper & Martin,Lincoln (County),Lincoln,NC,Real Estate; Environmental Law; Custody; Landlord/Tenant; Consumer Protection,1992,48,(336) 684-8787,https://cooperandmartinlaw.com,North Carolina State Bar + Public Registry + Avvo,9.5,4.5,Mid-Size (11-50),ACTIVE
NC-000432,"Jones, Young, Harris & Associates",Lincoln (County),Lincoln,NC,Estate Taxes; Divorce; Workers Compensation,1982,1,(252) 379-4335,https://jonesyoungharrisandassociateslaw.com,North Carolina State Bar + Public Registry + Avvo,7.2,3.5,Solo Practice,ACTIVE
NC-000433,Morgan Law Firm,Lincoln (County),Lincoln,NC,Bankruptcy; Patent Law; Contract Law; Consumer Protection; Real Estate,1996,46,(828) 716-7763,https://morganlawfirmlaw.com,North Carolina State Bar + Public Registry + Avvo,9.3,4.4,Mid-Size (11-50),ACTIVE
NC-000434,Martinez and Miller,Lincoln (County),Lincoln,NC,Personal Injury; Appeals; Corporate Law; Employment Law; Workers Compensation,2006,1,(336) 988-7908,https://martinezandmillerlaw.com,North Carolina State Bar + Public Registry + Avvo,8.5,4.5,Solo Practice,ACTIVE
NC-000435,Williams Law,Macon (County),Macon,NC,Criminal Law; Family Law; Mediation; Real Estate,1996,1,(980) 249-6290,https://williamslawlaw.com,North Carolina State Bar + Public Registry + Avvo,9.1,4.4,Solo Practice,ACTIVE
NC-000436,Robinson Law Firm,Macon (County),Macon,NC,Corporate Law; Consumer Protection,1996,2,(252) 607-9248,https://robinsonlawfirmlaw.com,North Carolina State Bar + Public Registry + Avvo,7.6,3.7,Small Firm (2-10),ACTIVE
NC-000437,Lewis Attorneys,Macon (County),Macon,NC,Administrative Law; Consumer Protection; Corporate Law; Civil Litigation; DUI/DWI,2006,6,(984) 858-9925,https://lewisattorneyslaw.com,North Carolina State Bar + Public Registry + Avvo,9.1,3.7,Small Firm (2-10),ACTIVE
NC-000438,Gonzalez PLLC,Macon (County),Macon,NC,Bankruptcy; Contract Law; Divorce; Appeals; DUI/DWI,1994,40,(910) 620-6727,https://gonzalezpllclaw.com,North Carolina State Bar + Public Registry + Avvo,9.5,4.8,Mid-Size (11-50),ACTIVE
NC-000439,Miller Law Firm,Macon (County),Macon,NC,Construction Law; Tax Law; Appeals,1988,10,(910) 754-6772,https://millerlawfirmlaw.com,North Carolina State Bar + Public Registry + Avvo,8.4,4.6,Small Firm (2-10),ACTIVE
NC-000440,Gonzalez Law Firm,Macon (County),Macon,NC,Real Estate; Custody,2004,15,(910) 596-9044,https://gonzalezlawfirmlaw.com,North Carolina State Bar + Public Registry + Avvo,7.7,4.2,Mid-Size (11-50),ACTIVE
NC-000441,Peterson LLC,Macon (County),Macon,NC,Mediation; Estate Planning,1987,1,(336) 897-6151,https://petersonllclaw.com,North Carolina State Bar + Public Registry + Avvo,8.0,3.8,Solo Practice,ACTIVE
NC-000442,Campbell Law,Madison (County),Madison,NC,Real Estate; Immigration Law; Wills & Trusts; Property Law,2012,34,(919) 262-1877,https://campbelllawlaw.com,North Carolina State Bar + Public Registry + Avvo,8.4,4.9,Mid-Size (11-50),ACTIVE
NC-000443,Rogers & Associates,Madison (County),Madison,NC,Employment Law; Bankruptcy; Estate Planning; Consumer Protection; Workers Compensation,1996,79,(910) 474-6699,https://rogersandassociateslaw.com,North Carolina State Bar + Public Registry + Avvo,9.7,4.6,Large (50-200),ACTIVE
NC-000444,Stewart Legal Services,Madison (County),Madison,NC,Bankruptcy; Construction Law; Patent Law,1989,20,(910) 645-6453,https://stewartlegalserviceslaw.com,North Carolina State Bar + Public Registry + Avvo,8.4,3.9,Mid-Size (11-50),ACTIVE
NC-000445,Jackson Law Firm,Madison (County),Madison,NC,Property Law; DUI/DWI,1981,31,(910) 202-6394,https://jacksonlawfirmlaw.com,North Carolina State Bar + Public Registry + Avvo,9.7,3.9,Mid-Size (11-50),ACTIVE
NC-000446,Martinez Law Firm,Madison (County),Madison,NC,Environmental Law; Criminal Defense; HR Compliance; DUI/DWI; Medical Malpractice,2006,4,(336) 740-7393,https://martinezlawfirmlaw.com,North Carolina State Bar + Public Registry + Avvo,8.8,4.9,Small Firm (2-10),ACTIVE
NC-000447,Torres and Moore,Madison (County),Madison,NC,Criminal Defense; Employment Law; Medical Malpractice,1987,2,(704) 283-2174,https://torresandmoorelaw.com,North Carolina State Bar + Public Registry + Avvo,8.3,3.9,Small Firm (2-10),ACTIVE
NC-000448,Lewis Law Firm,Madison (County),Madison,NC,Immigration Law; DUI/DWI,2012,1,(704) 556-8104,https://lewislawfirmlaw.com,North Carolina State Bar + Public Registry + Avvo,8.0,4.1,Solo Practice,ACTIVE
NC-000449,Wright and Rodriguez,Martin (County),Martin,NC,Patent Law; Intellectual Property; Estate Planning,1980,96,(336) 573-4888,https://wrightandrodriguezlaw.com,North Carolina State Bar + Public Registry + Avvo,9.2,4.9,Large (50-200),ACTIVE
NC-000450,Peterson Solutions,Martin (County),Martin,NC,Immigration Law; DUI/DWI; Divorce; Consumer Protection,1969,257,(704) 582-6302,https://petersonsolutionslaw.com,North Carolina State Bar + Public Registry + Avvo,9.3,4.2,Very Large (200+),ACTIVE
NC-000451,Reed PLLC,Martin (County),Martin,NC,Personal Injury; Administrative Law; Appeals; Employment Law; Debt Collection,1990,3,(910) 798-1461,https://reedpllclaw.com,North Carolina State Bar + Public Registry + Avvo,8.2,5.0,Small Firm (2-10),ACTIVE
NC-000452,"Hernandez, Allen, Ramirez & Associates",Martin (County),Martin,NC,Immigration Law; Estate Taxes; Alternative Dispute Resolution,2013,1,(919) 495-5188,https://hernandezallenramirezandassociateslaw.com,North Carolina State Bar + Public Registry + Avvo,8.8,4.1,Solo Practice,ACTIVE
NC-000453,Clark & Associates,Martin (County),Martin,NC,Appeals; Civil Litigation; Contract Law; Personal Injury; Employment Law,1993,15,(984) 914-4590,https://clarkandassociateslaw.com,North Carolina State Bar + Public Registry + Avvo,7.5,4.5,Mid-Size (11-50),ACTIVE
NC-000454,"Sanchez, Martin, Reeves & Associates",Martin (County),Martin,NC,Arbitration; Estate Taxes; Landlord/Tenant; Custody,1987,36,(919) 215-8950,https://sanchezmartinreevesandassociateslaw.com,North Carolina State Bar + Public Registry + Avvo,8.0,4.0,Mid-Size (11-50),ACTIVE
NC-000455,Lee Law Firm,Martin (County),Martin,NC,Medical Malpractice; Bankruptcy; Mediation,2009,1,(910) 331-3196,https://leelawfirmlaw.com,North Carolina State Bar + Public Registry + Avvo,7.7,4.4,Solo Practice,ACTIVE
NC-000456,Thompson Law Firm,McDowell (County),McDowell,NC,Immigration Law; Debt Collection; Medical Malpractice,1983,8,(252) 792-1175,https://thompsonlawfirmlaw.com,North Carolina State Bar + Public Registry + Avvo,8.4,4.5,Small Firm (2-10),ACTIVE
NC-000457,Taylor Law Firm,McDowell (County),McDowell,NC,Wills & Trusts; Criminal Law; Administrative Law; Intellectual Property,1964,11,(980) 474-7725,https://taylorlawfirmlaw.com,North Carolina State Bar + Public Registry + Avvo,8.7,4.7,Mid-Size (11-50),ACTIVE
NC-000458,Lee Attorneys,McDowell (County),McDowell,NC,Estate Planning; Arbitration; Environmental Law; Bankruptcy; Consumer Protection,2012,9,(910) 819-4957,https://leeattorneyslaw.com,North Carolina State Bar + Public Registry + Avvo,8.1,3.5,Small Firm (2-10),ACTIVE
NC-000459,Gonzalez Legal Services,McDowell (County),McDowell,NC,Estate Taxes; Appeals; Custody; Mediation,2007,4,(984) 707-7742,https://gonzalezlegalserviceslaw.com,North Carolina State Bar + Public Registry + Avvo,7.1,4.7,Small Firm (2-10),ACTIVE
NC-000460,"Hernandez, Ramirez, Peterson & Associates",McDowell (County),McDowell,NC,Immigration Law; Appeals,1979,229,(910) 571-6270,https://hernandezramirezpetersonandassociateslaw.com,North Carolina State Bar + Public Registry + Avvo,8.8,4.2,Very Large (200+),ACTIVE
NC-000461,Young Law Firm,McDowell (County),McDowell,NC,Environmental Law; Criminal Defense; Real Estate; Tax Law; Civil Litigation,1963,10,(980) 744-2211,https://younglawfirmlaw.com,North Carolina State Bar + Public Registry + Avvo,9.2,4.3,Small Firm (2-10),ACTIVE
NC-000462,"Morris, Collins, Gonzalez & Associates",McDowell (County),McDowell,NC,Workers Compensation; Immigration Law,1983,2,(980) 744-5263,https://morriscollinsgonzalezandassociateslaw.com,North Carolina State Bar + Public Registry + Avvo,7.5,3.9,Small Firm (2-10),ACTIVE
NC-000463,Campbell & Torres,Charlotte,Mecklenburg,NC,Medical Malpractice; Immigration Law,1969,1,(984) 387-9088,https://campbellandtorreslaw.com,North Carolina State Bar + Public Registry + Avvo,7.9,4.7,Solo Practice,ACTIVE
NC-000464,Peterson Law Firm,Matthews,Mecklenburg,NC,Wills & Trusts; Civil Litigation; Debt Collection; Criminal Law; Contract Law,1984,96,(910) 406-4029,https://petersonlawfirmlaw.com,North Carolina State Bar + Public Registry + Avvo,8.9,3.9,Large (50-200),ACTIVE
NC-000465,"Edwards, Scott, Reeves & Associates",Cornelius,Mecklenburg,NC,Family Law; Probate; Wills & Trusts; Bankruptcy,1992,5,(828) 205-3002,https://edwardsscottreevesandassociateslaw.com,North Carolina State Bar + Public Registry + Avvo,7.4,4.7,Small Firm (2-10),ACTIVE
NC-000466,Perez Law Firm,Pineville,Mecklenburg,NC,Criminal Defense; Immigration Law; Civil Litigation; Business Law,2015,40,(828) 272-6199,https://perezlawfirmlaw.com,North Carolina State Bar + Public Registry + Avvo,8.0,3.8,Mid-Size (11-50),ACTIVE
NC-000467,Wright and Wright,Huntersville,Mecklenburg,NC,Probate; Contract Law,1967,7,(704) 465-5368,https://wrightandwrightlaw.com,North Carolina State Bar + Public Registry + Avvo,8.2,5.0,Small Firm (2-10),ACTIVE
NC-000468,White LLC,Charlotte,Mecklenburg,NC,Civil Litigation; Family Law; DUI/DWI,1982,248,(984) 862-7959,https://whitellclaw.com,North Carolina State Bar + Public Registry + Avvo,9.8,4.5,Very Large (200+),ACTIVE
NC-000469,Rodriguez Associates,Matthews,Mecklenburg,NC,Contract Law; Estate Planning,2014,184,(984) 921-9072,https://rodriguezassociateslaw.com,North Carolina State Bar + Public Registry + Avvo,7.8,4.7,Large (50-200),ACTIVE
NC-000470,Wright Attorneys at Law,Mitchell (County),Mitchell,NC,Intellectual Property; Patent Law,2015,7,(984) 598-7476,https://wrightattorneysatlawlaw.com,North Carolina State Bar + Public Registry + Avvo,8.9,4.6,Small Firm (2-10),ACTIVE
NC-000471,Perez and Reed,Mitchell (County),Mitchell,NC,Appeals; Family Law; Probate; Wills & Trusts,1975,5,(704) 700-8968,https://perezandreedlaw.com,North Carolina State Bar + Public Registry + Avvo,7.9,4.2,Small Firm (2-10),ACTIVE
NC-000472,Taylor Legal,Mitchell (County),Mitchell,NC,Probate; Criminal Law,2015,4,(984) 374-3487,https://taylorlegallaw.com,North Carolina State Bar + Public Registry + Avvo,8.8,4.8,Small Firm (2-10),ACTIVE
NC-000473,"Jackson, Thompson, Lee & Associates",Mitchell (County),Mitchell,NC,Medical Malpractice; Immigration Law; Custody; Alternative Dispute Resolution,1967,48,(910) 885-7247,https://jacksonthompsonleeandassociateslaw.com,North Carolina State Bar + Public Registry + Avvo,9.6,4.5,Mid-Size (11-50),ACTIVE
NC-000474,Lee Legal Services,Mitchell (County),Mitchell,NC,Property Law; Civil Litigation; Criminal Defense; HR Compliance; Estate Planning,1996,269,(980) 553-1111,https://leelegalserviceslaw.com,North Carolina State Bar + Public Registry + Avvo,8.4,3.6,Very Large (200+),ACTIVE
NC-000475,Johnson Law Firm,Mitchell (County),Mitchell,NC,Immigration Law; Family Law; Arbitration; Civil Litigation,1996,100,(336) 719-8763,https://johnsonlawfirmlaw.com,North Carolina State Bar + Public Registry + Avvo,9.9,3.8,Large (50-200),ACTIVE
NC-000476,Miller Associates,Mitchell (County),Mitchell,NC,Mediation; Consumer Protection; Debt Collection; Estate Taxes,1983,2,(828) 664-3056,https://millerassociateslaw.com,North Carolina State Bar + Public Registry + Avvo,7.4,4.9,Small Firm (2-10),ACTIVE
NC-000477,Morgan & Associates,Montgomery (County),Montgomery,NC,Consumer Protection; Criminal Law; Immigration Law; Alternative Dispute Resolution,2009,1,(828) 966-3190,https://morganandassociateslaw.com,North Carolina State Bar + Public Registry + Avvo,9.2,3.6,Solo Practice,ACTIVE
NC-000478,Morgan Law Firm,Montgomery (County),Montgomery,NC,Custody; Corporate Law; Employment Law,1991,1,(910) 670-6341,https://morganlawfirmlaw.com,North Carolina State Bar + Public Registry + Avvo,8.4,4.0,Solo Practice,ACTIVE
NC-000479,Jones PLLC,Montgomery (County),Montgomery,NC,Contract Law; Family Law,2000,38,(704) 991-3404,https://jonespllclaw.com,North Carolina State Bar + Public Registry + Avvo,8.0,4.9,Mid-Size (11-50),ACTIVE
NC-000480,Thompson Legal,Montgomery (County),Montgomery,NC,Family Law; Estate Taxes,2015,29,(252) 581-7172,https://thompsonlegallaw.com,North Carolina State Bar + Public Registry + Avvo,8.9,4.2,Mid-Size (11-50),ACTIVE
NC-000481,"Torres, White, Phillips & Associates",Montgomery (County),Montgomery,NC,Workers Compensation; Tax Law,1990,11,(252) 888-3855,https://torreswhitephillipsandassociateslaw.com,North Carolina State Bar + Public Registry + Avvo,7.8,4.9,Mid-Size (11-50),ACTIVE
NC-000482,Davis Legal Services,Montgomery (County),Montgomery,NC,Immigration Law; Consumer Protection,2008,108,(984) 556-1447,https://davislegalserviceslaw.com,North Carolina State Bar + Public Registry + Avvo,8.8,5.0,Large (50-200),ACTIVE
NC-000483,"Moore, Campbell, Phillips & Associates",Montgomery (County),Montgomery,NC,Personal Injury; Estate Taxes; Alternative Dispute Resolution,1960,47,(252) 449-8275,https://moorecampbellphillipsandassociateslaw.com,North Carolina State Bar + Public Registry + Avvo,9.6,3.6,Mid-Size (11-50),ACTIVE
NC-000484,"Collins, Torres, Lopez & Associates",Moore (County),Moore,NC,Family Law; Criminal Law; Patent Law; Divorce,2005,39,(984) 305-4531,https://collinstorreslopezandassociateslaw.com,North Carolina State Bar + Public Registry + Avvo,9.0,3.6,Mid-Size (11-50),ACTIVE
NC-000485,"Moore, Thompson & Associates",Moore (County),Moore,NC,Mediation; Debt Collection; Real Estate; Landlord/Tenant,1964,49,(984) 757-8751,https://moorethompsonandassociateslaw.com,North Carolina State Bar + Public Registry + Avvo,8.6,4.8,Mid-Size (11-50),ACTIVE
NC-000486,Bell Services,Moore (County),Moore,NC,Criminal Law; Debt Collection; Corporate Law,1999,165,(910) 887-8717,https://bellserviceslaw.com,North Carolina State Bar + Public Registry + Avvo,7.4,4.4,Large (50-200),ACTIVE
NC-000487,Jones Attorneys at Law,Moore (County),Moore,NC,Landlord/Tenant; Employment Law,1978,1,(704) 211-9922,https://jonesattorneysatlawlaw.com,North Carolina State Bar + Public Registry + Avvo,8.2,4.6,Solo Practice,ACTIVE
NC-000488,"Miller, Scott & Associates",Moore (County),Moore,NC,Arbitration; Immigration Law; Business Law; Medical Malpractice; Construction Law,1963,168,(910) 362-5502,https://millerscottandassociateslaw.com,North Carolina State Bar + Public Registry + Avvo,7.6,3.9,Large (50-200),ACTIVE
NC-000489,"Brown, Rodriguez, Evans & Associates",Moore (County),Moore,NC,Consumer Protection; Environmental Law; Construction Law; Administrative Law,1974,1,(919) 812-5962,https://brownrodriguezevansandassociateslaw.com,North Carolina State Bar + Public Registry + Avvo,10.0,4.4,Solo Practice,ACTIVE
NC-000490,"Miller, Peterson, Wilson & Associates",Moore (County),Moore,NC,Estate Taxes; Employment Law; Administrative Law; Immigration Law,1970,14,(704) 987-9832,https://millerpetersonwilsonandassociateslaw.com,North Carolina State Bar + Public Registry + Avvo,8.1,4.0,Mid-Size (11-50),ACTIVE
NC-000491,Wilson Solutions,Nash (County),Nash,NC,Landlord/Tenant; Mediation; Alternative Dispute Resolution; Environmental Law,2013,1,(984) 873-8742,https://wilsonsolutionslaw.com,North Carolina State Bar + Public Registry + Avvo,8.4,4.5,Solo Practice,ACTIVE
NC-000492,Collins Legal,Nash (County),Nash,NC,Estate Planning; Estate Taxes; Corporate Law,2008,1,(704) 554-2576,https://collinslegallaw.com,North Carolina State Bar + Public Registry + Avvo,7.1,3.6,Solo Practice,ACTIVE
NC-000493,"Williams, Phillips & Associates",Nash (County),Nash,NC,Probate; Environmental Law; Corporate Law; Immigration Law,2007,2,(984) 798-6354,https://williamsphillipsandassociateslaw.com,North Carolina State Bar + Public Registry + Avvo,8.3,4.7,Small Firm (2-10),ACTIVE
NC-000494,Campbell and Walker,Nash (County),Nash,NC,Property Law; Wills & Trusts; DUI/DWI; Corporate Law; Real Estate,1982,9,(984) 691-4312,https://campbellandwalkerlaw.com,North Carolina State Bar + Public Registry + Avvo,9.9,3.7,Small Firm (2-10),ACTIVE
NC-000495,Miller Law Firm,Nash (County),Nash,NC,Employment Law; Administrative Law,2015,19,(336) 858-8658,https://millerlawfirmlaw.com,North Carolina State Bar + Public Registry + Avvo,7.7,3.6,Mid-Size (11-50),ACTIVE
NC-000496,Morgan Legal,Nash (County),Nash,NC,Bankruptcy; Estate Planning; Appeals; Debt Collection,1985,214,(252) 613-9484,https://morganlegallaw.com,North Carolina State Bar + Public Registry + Avvo,9.7,3.5,Very Large (200+),ACTIVE
NC-000497,Williams Services,Nash (County),Nash,NC,Consumer Protection; Debt Collection; Administrative Law; Intellectual Property,1974,1,(980) 213-9133,https://williamsserviceslaw.com,North Carolina State Bar + Public Registry + Avvo,7.3,3.8,Solo Practice,ACTIVE
NC-000498,Collins Partners,Wilmington,New Hanover,NC,Civil Litigation; Family Law; Tax Law,2000,3,(910) 561-2109,https://collinspartnerslaw.com,North Carolina State Bar + Public Registry + Avvo,8.4,4.6,Small Firm (2-10),ACTIVE
NC-000499,Edwards Legal Services,Wrightsville Beach,New Hanover,NC,Mediation; Debt Collection; Environmental Law; Contract Law,1971,9,(980) 878-2009,https://edwardslegalserviceslaw.com,North Carolina State Bar + Public Registry + Avvo,7.1,4.7,Small Firm (2-10),ACTIVE
NC-000500,Torres Law,Carolina Beach,New Hanover,NC,Estate Planning; Personal Injury; Appeals,1995,157,(910) 478-4671,https://torreslawlaw.com,North Carolina State Bar + Public Registry + Avvo,7.4,4.5,Large (50-200),ACTIVE
NC-000501,"Morgan, Miller, Jones & Associates",Wilmington,New Hanover,NC,Custody; HR Compliance; Tax Law; Environmental Law; Divorce,1961,7,(984) 268-4670,https://morganmillerjonesandassociateslaw.com,North Carolina State Bar + Public Registry + Avvo,7.4,4.9,Small Firm (2-10),ACTIVE
NC-000502,Garcia Law,Wrightsville Beach,New Hanover,NC,Administrative Law; Estate Planning; Criminal Law; Wills & Trusts; DUI/DWI,1965,13,(252) 990-6557,https://garcialawlaw.com,North Carolina State Bar + Public Registry + Avvo,8.2,3.5,Mid-Size (11-50),ACTIVE
NC-000503,Lopez Law Firm,Carolina Beach,New Hanover,NC,Alternative Dispute Resolution; Patent Law,1986,14,(980) 728-7870,https://lopezlawfirmlaw.com,North Carolina State Bar + Public Registry + Avvo,7.6,4.9,Mid-Size (11-50),ACTIVE
NC-000504,Clark LLC,Wilmington,New Hanover,NC,Custody; Intellectual Property; Real Estate; Workers Compensation,1994,104,(910) 253-8009,https://clarkllclaw.com,North Carolina State Bar + Public Registry + Avvo,9.3,3.6,Large (50-200),ACTIVE
NC-000505,Smith Law Firm,Northampton (County),Northampton,NC,Environmental Law; Divorce; Business Law; Civil Litigation; Alternative Dispute Resolution,2009,148,(980) 687-1325,https://smithlawfirmlaw.com,North Carolina State Bar + Public Registry + Avvo,8.0,4.4,Large (50-200),ACTIVE
NC-000506,Evans & Associates,Northampton (County),Northampton,NC,Contract Law; Debt Collection; Business Law; Civil Litigation; Landlord/Tenant,2004,57,(828) 358-8304,https://evansandassociateslaw.com,North Carolina State Bar + Public Registry + Avvo,8.9,4.8,Large (50-200),ACTIVE
NC-000507,Ramirez Law Firm,Northampton (County),Northampton,NC,Appeals; Consumer Protection; Employment Law; Wills & Trusts,1969,36,(984) 828-4395,https://ramirezlawfirmlaw.com,North Carolina State Bar + Public Registry + Avvo,7.6,4.9,Mid-Size (11-50),ACTIVE
NC-000508,Walker Law Firm,Northampton (County),Northampton,NC,Employment Law; Environmental Law; Criminal Defense; Probate,1962,19,(919) 605-7210,https://walkerlawfirmlaw.com,North Carolina State Bar + Public Registry + Avvo,9.2,3.7,Mid-Size (11-50),ACTIVE
NC-000509,"Allen, White, Walker & Associates",Northampton (County),Northampton,NC,Construction Law; Tax Law; Civil Litigation,2003,34,(980) 993-6562,https://allenwhitewalkerandassociateslaw.com,North Carolina State Bar + Public Registry + Avvo,9.8,3.5,Mid-Size (11-50),ACTIVE
NC-000510,Wilson Group,Northampton (County),Northampton,NC,Consumer Protection; Corporate Law,1975,10,(336) 289-7167,https://wilsongrouplaw.com,North Carolina State Bar + Public Registry + Avvo,9.2,4.9,Small Firm (2-10),ACTIVE
NC-000511,Reed & Associates,Northampton (County),Northampton,NC,Landlord/Tenant; Probate,2014,6,(910) 782-3458,https://reedandassociateslaw.com,North Carolina State Bar + Public Registry + Avvo,7.2,4.6,Small Firm (2-10),ACTIVE
NC-000512,Smith Law Firm,Jacksonville,Onslow,NC,Custody; Divorce; Property Law,2015,236,(910) 888-2585,https://smithlawfirmlaw.com,North Carolina State Bar + Public Registry + Avvo,9.5,5.0,Very Large (200+),ACTIVE
NC-000513,Cooper Law Firm,Richlands,Onslow,NC,HR Compliance; Personal Injury; Landlord/Tenant,2005,8,(336) 405-9572,https://cooperlawfirmlaw.com,North Carolina State Bar + Public Registry + Avvo,8.1,3.8,Small Firm (2-10),ACTIVE
NC-000514,Reed Services,Swansboro,Onslow,NC,Estate Planning; Divorce,1983,8,(984) 281-9886,https://reedserviceslaw.com,North Carolina State Bar + Public Registry + Avvo,9.0,4.9,Small Firm (2-10),ACTIVE
NC-000515,Allen Firm,Jacksonville,Onslow,NC,Estate Planning; Custody; Administrative Law; Corporate Law; Debt Collection,1996,4,(919) 897-6055,https://allenfirmlaw.com,North Carolina State Bar + Public Registry + Avvo,7.2,4.7,Small Firm (2-10),ACTIVE
NC-000516,Walker Law Firm,Richlands,Onslow,NC,Criminal Law; Divorce,1982,31,(252) 823-5677,https://walkerlawfirmlaw.com,North Carolina State Bar + Public Registry + Avvo,8.6,4.2,Mid-Size (11-50),ACTIVE
NC-000517,Campbell Law Firm,Swansboro,Onslow,NC,HR Compliance; Alternative Dispute Resolution; Criminal Defense; Tax Law; Divorce,1978,116,(828) 666-7492,https://campbelllawfirmlaw.com,North Carolina State Bar + Public Registry + Avvo,7.1,4.2,Large (50-200),ACTIVE
NC-000518,Anderson Law Firm,Jacksonville,Onslow,NC,Estate Taxes; Family Law; Real Estate; Arbitration; Criminal Defense,2008,1,(919) 261-4839,https://andersonlawfirmlaw.com,North Carolina State Bar + Public Registry + Avvo,7.3,4.2,Solo Practice,ACTIVE
NC-000519,"King, Morgan & Associates",Chapel Hill,Orange,NC,Civil Litigation; Employment Law; Real Estate; Estate Planning,2014,1,(919) 660-3479,https://kingmorganandassociateslaw.com,North Carolina State Bar + Public Registry + Avvo,7.4,4.2,Solo Practice,ACTIVE
NC-000520,Martin Law Firm,Carrboro,Orange,NC,Business Law; Workers Compensation; Mediation; Family Law,2001,170,(910) 672-1948,https://martinlawfirmlaw.com,North Carolina State Bar + Public Registry + Avvo,7.1,3.8,Large (50-200),ACTIVE
NC-000521,"Hernandez, Morgan, Clark & Associates",Cedar Grove,Orange,NC,Probate; Environmental Law; Debt Collection,1974,49,(910) 274-6989,https://hernandezmorganclarkandassociateslaw.com,North Carolina State Bar + Public Registry + Avvo,9.8,3.8,Mid-Size (11-50),ACTIVE
NC-000522,Rogers Law Firm,Chapel Hill,Orange,NC,Estate Taxes; Landlord/Tenant,1988,4,(984) 805-5822,https://rogerslawfirmlaw.com,North Carolina State Bar + Public Registry + Avvo,9.2,3.9,Small Firm (2-10),ACTIVE
NC-000523,"Thomas, Phillips, Walker & Associates",Carrboro,Orange,NC,HR Compliance; Estate Taxes; Intellectual Property,2004,13,(910) 675-3354,https://thomasphillipswalkerandassociateslaw.com,North Carolina State Bar + Public Registry + Avvo,8.2,4.4,Mid-Size (11-50),ACTIVE
NC-000524,Stewart LLC,Cedar Grove,Orange,NC,Wills & Trusts; Intellectual Property; Arbitration; Custody,1986,146,(828) 771-8950,https://stewartllclaw.com,North Carolina State Bar + Public Registry + Avvo,7.8,4.6,Large (50-200),ACTIVE
NC-000525,Campbell and Peterson,Chapel Hill,Orange,NC,Contract Law; Arbitration; Property Law; Appeals; Wills & Trusts,2011,8,(704) 703-6879,https://campbellandpetersonlaw.com,North Carolina State Bar + Public Registry + Avvo,8.9,3.8,Small Firm (2-10),ACTIVE
NC-000526,"Scott, Rodriguez & Associates",Pamlico (County),Pamlico,NC,Tax Law; Divorce; Criminal Law; HR Compliance,2011,18,(910) 669-1482,https://scottrodriguezandassociateslaw.com,North Carolina State Bar + Public Registry + Avvo,8.3,3.9,Mid-Size (11-50),ACTIVE
NC-000527,Parker Legal Services,Pamlico (County),Pamlico,NC,Debt Collection; Family Law,1988,285,(910) 375-1307,https://parkerlegalserviceslaw.com,North Carolina State Bar + Public Registry + Avvo,9.9,3.9,Very Large (200+),ACTIVE
NC-000528,Martinez Law Firm,Pamlico (County),Pamlico,NC,Debt Collection; Immigration Law; Corporate Law; Bankruptcy; Consumer Protection,1973,1,(828) 547-6604,https://martinezlawfirmlaw.com,North Carolina State Bar + Public Registry + Avvo,9.9,3.8,Solo Practice,ACTIVE
NC-000529,"Reed, Campbell & Associates",Pamlico (County),Pamlico,NC,DUI/DWI; Civil Litigation,1982,5,(910) 804-3234,https://reedcampbellandassociateslaw.com,North Carolina State Bar + Public Registry + Avvo,7.0,3.6,Small Firm (2-10),ACTIVE
NC-000530,Parker Attorneys,Pamlico (County),Pamlico,NC,Criminal Law; Immigration Law; Patent Law,1970,3,(336) 630-3432,https://parkerattorneyslaw.com,North Carolina State Bar + Public Registry + Avvo,7.3,4.8,Small Firm (2-10),ACTIVE
NC-000531,Campbell Services,Pamlico (County),Pamlico,NC,Property Law; Civil Litigation; Family Law; Construction Law; Criminal Law,1968,5,(336) 456-8999,https://campbellserviceslaw.com,North Carolina State Bar + Public Registry + Avvo,8.0,4.1,Small Firm (2-10),ACTIVE
NC-000532,Smith Associates,Pamlico (County),Pamlico,NC,Debt Collection; Civil Litigation,2003,270,(252) 950-7018,https://smithassociateslaw.com,North Carolina State Bar + Public Registry + Avvo,8.5,4.4,Very Large (200+),ACTIVE
NC-000533,Martin Law Firm,Pasquotank (County),Pasquotank,NC,Debt Collection; Arbitration; Landlord/Tenant; Corporate Law; Estate Planning,2004,1,(704) 312-9004,https://martinlawfirmlaw.com,North Carolina State Bar + Public Registry + Avvo,10.0,4.8,Solo Practice,ACTIVE
NC-000534,Scott Law Firm,Pasquotank (County),Pasquotank,NC,Consumer Protection; Landlord/Tenant; Appeals,1992,20,(828) 838-4272,https://scottlawfirmlaw.com,North Carolina State Bar + Public Registry + Avvo,7.2,3.7,Mid-Size (11-50),ACTIVE
NC-000535,Jones Law Group,Pasquotank (County),Pasquotank,NC,Medical Malpractice; Bankruptcy,2004,1,(984) 656-7586,https://joneslawgrouplaw.com,North Carolina State Bar + Public Registry + Avvo,7.7,3.6,Solo Practice,ACTIVE
NC-000536,Taylor Law Firm,Pasquotank (County),Pasquotank,NC,DUI/DWI; Probate; Wills & Trusts; HR Compliance,1994,11,(704) 341-5872,https://taylorlawfirmlaw.com,North Carolina State Bar + Public Registry + Avvo,8.9,3.9,Mid-Size (11-50),ACTIVE
NC-000537,Sanchez Solutions,Pasquotank (County),Pasquotank,NC,Intellectual Property; Criminal Law; Mediation; HR Compliance,1976,80,(336) 517-5069,https://sanchezsolutionslaw.com,North Carolina State Bar + Public Registry + Avvo,7.1,3.7,Large (50-200),ACTIVE
NC-000538,"Brown, White, Rodriguez & Associates",Pasquotank (County),Pasquotank,NC,HR Compliance; Consumer Protection; Criminal Defense; DUI/DWI; Debt Collection,2002,9,(919) 870-9589,https://brownwhiterodriguezandassociateslaw.com,North Carolina State Bar + Public Registry + Avvo,8.4,4.4,Small Firm (2-10),ACTIVE
NC-000539,"Rodriguez, Taylor, White & Associates",Pasquotank (County),Pasquotank,NC,Mediation; Landlord/Tenant; Environmental Law; Real Estate; Criminal Law,1983,37,(828) 994-8176,https://rodrigueztaylorwhiteandassociateslaw.com,North Carolina State Bar + Public Registry + Avvo,7.2,4.1,Mid-Size (11-50),ACTIVE
NC-000540,Smith Law,Pender (County),Pender,NC,Mediation; Tax Law; Landlord/Tenant; Employment Law; Criminal Defense,1966,17,(910) 323-5956,https://smithlawlaw.com,North Carolina State Bar + Public Registry + Avvo,7.8,4.8,Mid-Size (11-50),ACTIVE
NC-000541,Harris Partners,Pender (County),Pender,NC,Patent Law; Business Law,1987,246,(336) 938-4305,https://harrispartnerslaw.com,North Carolina State Bar + Public Registry + Avvo,8.1,4.8,Very Large (200+),ACTIVE
NC-000542,Lewis Law Firm,Pender (County),Pender,NC,Environmental Law; Workers Compensation; Business Law; Divorce,1967,4,(980) 701-5742,https://lewislawfirmlaw.com,North Carolina State Bar + Public Registry + Avvo,8.4,4.5,Small Firm (2-10),ACTIVE
NC-000543,Peterson Firm,Pender (County),Pender,NC,Bankruptcy; Estate Taxes; Intellectual Property; Divorce,1963,125,(984) 320-6081,https://petersonfirmlaw.com,North Carolina State Bar + Public Registry + Avvo,8.4,3.8,Large (50-200),ACTIVE
NC-000544,Peterson Office,Pender (County),Pender,NC,Immigration Law; DUI/DWI; Custody; Medical Malpractice; Debt Collection,2012,40,(828) 905-4794,https://petersonofficelaw.com,North Carolina State Bar + Public Registry + Avvo,7.8,5.0,Mid-Size (11-50),ACTIVE
NC-000545,"Rogers, Parker, Wright & Associates",Pender (County),Pender,NC,Employment Law; Personal Injury; Landlord/Tenant; Alternative Dispute Resolution,1995,29,(980) 251-6181,https://rogersparkerwrightandassociateslaw.com,North Carolina State Bar + Public Registry + Avvo,8.5,4.8,Mid-Size (11-50),ACTIVE
NC-000546,Anderson PLLC,Pender (County),Pender,NC,Business Law; Appeals; HR Compliance; Construction Law,1993,233,(910) 841-3420,https://andersonpllclaw.com,North Carolina State Bar + Public Registry + Avvo,9.8,4.1,Very Large (200+),ACTIVE
NC-000547,Miller Firm,Perquimans (County),Perquimans,NC,Bankruptcy; Wills & Trusts,1997,6,(828) 678-6179,https://millerfirmlaw.com,North Carolina State Bar + Public Registry + Avvo,9.7,3.7,Small Firm (2-10),ACTIVE
NC-000548,Anderson Legal,Perquimans (County),Perquimans,NC,Patent Law; Personal Injury; Environmental Law; Custody; Consumer Protection,1990,21,(980) 994-4950,https://andersonlegallaw.com,North Carolina State Bar + Public Registry + Avvo,9.3,4.3,Mid-Size (11-50),ACTIVE
NC-000549,Rogers Firm,Perquimans (County),Perquimans,NC,Bankruptcy; Divorce,2008,1,(828) 489-5949,https://rogersfirmlaw.com,North Carolina State Bar + Public Registry + Avvo,9.7,4.6,Solo Practice,ACTIVE
NC-000550,White Law Firm,Perquimans (County),Perquimans,NC,Construction Law; Medical Malpractice; Appeals; Estate Planning; Workers Compensation,1965,39,(252) 608-9032,https://whitelawfirmlaw.com,North Carolina State Bar + Public Registry + Avvo,7.7,4.1,Mid-Size (11-50),ACTIVE
NC-000551,Jones & Morgan,Perquimans (County),Perquimans,NC,Immigration Law; Medical Malpractice; Employment Law,1977,7,(704) 387-4422,https://jonesandmorganlaw.com,North Carolina State Bar + Public Registry + Avvo,9.1,4.9,Small Firm (2-10),ACTIVE
NC-000552,"Thomas, Taylor & Associates",Perquimans (County),Perquimans,NC,Medical Malpractice; Environmental Law; Family Law; Personal Injury,1968,6,(984) 281-6556,https://thomastaylorandassociateslaw.com,North Carolina State Bar + Public Registry + Avvo,7.1,3.8,Small Firm (2-10),ACTIVE
NC-000553,Rogers Law Firm,Perquimans (County),Perquimans,NC,Estate Planning; Corporate Law; Criminal Defense; Intellectual Property; Bankruptcy,1982,1,(704) 994-3586,https://rogerslawfirmlaw.com,North Carolina State Bar + Public Registry + Avvo,7.4,4.9,Solo Practice,ACTIVE
NC-000554,Morgan & Associates,Person (County),Person,NC,Civil Litigation; Debt Collection; Landlord/Tenant; Personal Injury,2003,1,(910) 345-1825,https://morganandassociateslaw.com,North Carolina State Bar + Public Registry + Avvo,9.2,4.2,Solo Practice,ACTIVE
NC-000555,"Gonzalez, Wright & Associates",Person (County),Person,NC,Debt Collection; Mediation,2001,71,(910) 560-4175,https://gonzalezwrightandassociateslaw.com,North Carolina State Bar + Public Registry + Avvo,7.8,3.9,Large (50-200),ACTIVE
NC-000556,Moore Law Firm,Person (County),Person,NC,Consumer Protection; Tax Law,1964,189,(910) 204-1847,https://moorelawfirmlaw.com,North Carolina State Bar + Public Registry + Avvo,8.3,4.7,Large (50-200),ACTIVE
NC-000557,Peterson Law Group,Person (County),Person,NC,Construction Law; Family Law,2003,18,(980) 711-4840,https://petersonlawgrouplaw.com,North Carolina State Bar + Public Registry + Avvo,8.0,4.2,Mid-Size (11-50),ACTIVE
NC-000558,"Gonzalez, Thompson & Associates",Person (County),Person,NC,Corporate Law; Real Estate; Business Law; Appeals; Tax Law,1971,23,(919) 365-3205,https://gonzalezthompsonandassociateslaw.com,North Carolina State Bar + Public Registry + Avvo,9.7,3.7,Mid-Size (11-50),ACTIVE
NC-000559,Cook LLC,Person (County),Person,NC,Divorce; Immigration Law,1972,297,(336) 763-3783,https://cookllclaw.com,North Carolina State Bar + Public Registry + Avvo,7.2,4.0,Very Large (200+),ACTIVE
NC-000560,Reeves Partners,Person (County),Person,NC,Arbitration; Civil Litigation; Property Law,1961,267,(984) 965-1288,https://reevespartnerslaw.com,North Carolina State Bar + Public Registry + Avvo,7.5,4.5,Very Large (200+),ACTIVE
NC-000561,"Morgan, Jones & Associates",Greenville,Pitt,NC,Personal Injury; Intellectual Property; Wills & Trusts; Consumer Protection; Property Law,1964,23,(980) 409-7368,https://morganjonesandassociateslaw.com,North Carolina State Bar + Public Registry + Avvo,7.9,3.6,Mid-Size (11-50),ACTIVE
NC-000562,Martinez Firm,Ayden,Pitt,NC,Patent Law; Criminal Defense,2014,16,(252) 604-3881,https://martinezfirmlaw.com,North Carolina State Bar + Public Registry + Avvo,9.6,4.0,Mid-Size (11-50),ACTIVE
NC-000563,Jones Attorneys,Farmville,Pitt,NC,Personal Injury; Consumer Protection; Custody; Property Law; Divorce,1976,1,(704) 422-1596,https://jonesattorneyslaw.com,North Carolina State Bar + Public Registry + Avvo,8.0,4.1,Solo Practice,ACTIVE
NC-000564,Torres Law Firm,Greenville,Pitt,NC,Administrative Law; Real Estate,1961,6,(980) 439-8713,https://torreslawfirmlaw.com,North Carolina State Bar + Public Registry + Avvo,8.6,4.1,Small Firm (2-10),ACTIVE
NC-000565,Lewis Office,Ayden,Pitt,NC,Immigration Law; Appeals,1988,10,(919) 643-7920,https://lewisofficelaw.com,North Carolina State Bar + Public Registry + Avvo,9.9,4.1,Small Firm (2-10),ACTIVE
NC-000566,"Bell, Hernandez, Gonzalez & Associates",Farmville,Pitt,NC,Corporate Law; Arbitration; Patent Law; Personal Injury,1961,131,(919) 623-9624,https://bellhernandezgonzalezandassociateslaw.com,North Carolina State Bar + Public Registry + Avvo,8.0,4.8,Large (50-200),ACTIVE
NC-000567,Morris Counsel,Greenville,Pitt,NC,Contract Law; Estate Planning; Personal Injury,2008,1,(919) 684-8836,https://morriscounsellaw.com,North Carolina State Bar + Public Registry + Avvo,8.7,4.2,Solo Practice,ACTIVE
NC-000568,Parker Counsel,Polk (County),Polk,NC,HR Compliance; Criminal Law,1991,15,(910) 929-8804,https://parkercounsellaw.com,North Carolina State Bar + Public Registry + Avvo,7.4,4.6,Mid-Size (11-50),ACTIVE
NC-000569,Perez Attorneys,Polk (County),Polk,NC,Civil Litigation; Medical Malpractice; Intellectual Property; Personal Injury; Bankruptcy,1967,7,(984) 870-4962,https://perezattorneyslaw.com,North Carolina State Bar + Public Registry + Avvo,8.5,5.0,Small Firm (2-10),ACTIVE
NC-000570,"Jones, Stewart & Associates",Polk (County),Polk,NC,Contract Law; HR Compliance; Family Law; Workers Compensation,2005,32,(919) 983-6284,https://jonesstewartandassociateslaw.com,North Carolina State Bar + Public Registry + Avvo,7.3,3.8,Mid-Size (11-50),ACTIVE
NC-000571,Clark LLC,Polk (County),Polk,NC,Debt Collection; Business Law; Landlord/Tenant; Workers Compensation,1988,20,(828) 873-2149,https://clarkllclaw.com,North Carolina State Bar + Public Registry + Avvo,7.6,4.9,Mid-Size (11-50),ACTIVE
NC-000572,Lewis Law Group,Polk (County),Polk,NC,Tax Law; Arbitration; Alternative Dispute Resolution; Contract Law; Intellectual Property,1980,14,(980) 248-2295,https://lewislawgrouplaw.com,North Carolina State Bar + Public Registry + Avvo,7.9,4.6,Mid-Size (11-50),ACTIVE
NC-000573,Brown Law Firm,Polk (County),Polk,NC,Alternative Dispute Resolution; Landlord/Tenant,2012,286,(828) 253-9182,https://brownlawfirmlaw.com,North Carolina State Bar + Public Registry + Avvo,8.3,4.1,Very Large (200+),ACTIVE
NC-000574,"Torres, Stewart, Anderson & Associates",Polk (County),Polk,NC,Appeals; Mediation,1998,39,(910) 688-2387,https://torresstewartandersonandassociateslaw.com,North Carolina State Bar + Public Registry + Avvo,8.8,3.8,Mid-Size (11-50),ACTIVE
NC-000575,Lopez Law Firm,Asheboro,Randolph,NC,Employment Law; Landlord/Tenant; Property Law,2001,8,(252) 994-2240,https://lopezlawfirmlaw.com,North Carolina State Bar + Public Registry + Avvo,8.8,4.3,Small Firm (2-10),ACTIVE
NC-000576,Phillips Firm,Greensboro,Randolph,NC,Construction Law; Property Law,2000,7,(336) 569-2637,https://phillipsfirmlaw.com,North Carolina State Bar + Public Registry + Avvo,9.5,3.9,Small Firm (2-10),ACTIVE
NC-000577,Morgan Law Firm,Archdale,Randolph,NC,HR Compliance; Environmental Law; Construction Law; Appeals,1992,10,(336) 860-7654,https://morganlawfirmlaw.com,North Carolina State Bar + Public Registry + Avvo,8.5,3.7,Small Firm (2-10),ACTIVE
NC-000578,Cooper LLC,Asheboro,Randolph,NC,Construction Law; Environmental Law; HR Compliance,1971,7,(336) 794-8116,https://cooperllclaw.com,North Carolina State Bar + Public Registry + Avvo,9.8,4.6,Small Firm (2-10),ACTIVE
NC-000579,Campbell Legal,Greensboro,Randolph,NC,Probate; Estate Planning; Bankruptcy; Business Law,1994,130,(919) 473-9756,https://campbelllegallaw.com,North Carolina State Bar + Public Registry + Avvo,7.7,4.7,Large (50-200),ACTIVE
NC-000580,Thompson Law Firm,Archdale,Randolph,NC,Tax Law; Debt Collection; Administrative Law; Personal Injury,1991,6,(980) 706-1285,https://thompsonlawfirmlaw.com,North Carolina State Bar + Public Registry + Avvo,9.8,4.2,Small Firm (2-10),ACTIVE
NC-000581,Parker Partners,Asheboro,Randolph,NC,Employment Law; Estate Planning; Administrative Law; Appeals; Real Estate,1994,13,(910) 693-3377,https://parkerpartnerslaw.com,North Carolina State Bar + Public Registry + Avvo,8.6,4.2,Mid-Size (11-50),ACTIVE
NC-000582,"Allen, Torres, Robinson & Associates",Richmond (County),Richmond,NC,Employment Law; Environmental Law; Medical Malpractice; Business Law; DUI/DWI,2001,48,(828) 838-3169,https://allentorresrobinsonandassociateslaw.com,North Carolina State Bar + Public Registry + Avvo,7.6,4.7,Mid-Size (11-50),ACTIVE
NC-000583,"Young, Allen, Cooper & Associates",Richmond (County),Richmond,NC,Business Law; Appeals; Family Law; Immigration Law; Criminal Defense,1979,19,(704) 796-7677,https://youngallencooperandassociateslaw.com,North Carolina State Bar + Public Registry + Avvo,9.0,4.7,Mid-Size (11-50),ACTIVE
NC-000584,Morgan Law Firm,Richmond (County),Richmond,NC,Personal Injury; Estate Planning; Real Estate; Corporate Law,1989,6,(828) 759-3995,https://morganlawfirmlaw.com,North Carolina State Bar + Public Registry + Avvo,10.0,4.2,Small Firm (2-10),ACTIVE
NC-000585,Johnson Attorneys at Law,Richmond (County),Richmond,NC,Criminal Law; Probate; Civil Litigation,1967,1,(919) 675-1048,https://johnsonattorneysatlawlaw.com,North Carolina State Bar + Public Registry + Avvo,7.4,4.4,Solo Practice,ACTIVE
NC-000586,Anderson Attorneys at Law,Richmond (County),Richmond,NC,Workers Compensation; HR Compliance; Corporate Law; Intellectual Property; Debt Collection,2011,4,(910) 987-5985,https://andersonattorneysatlawlaw.com,North Carolina State Bar + Public Registry + Avvo,8.1,4.3,Small Firm (2-10),ACTIVE
NC-000587,White Law Firm,Richmond (County),Richmond,NC,Bankruptcy; Estate Planning; Debt Collection; Custody,1974,30,(336) 643-1659,https://whitelawfirmlaw.com,North Carolina State Bar + Public Registry + Avvo,9.4,4.7,Mid-Size (11-50),ACTIVE
NC-000588,Allen & Associates,Richmond (County),Richmond,NC,Corporate Law; Divorce; Appeals; Medical Malpractice,1972,9,(828) 747-2713,https://allenandassociateslaw.com,North Carolina State Bar + Public Registry + Avvo,7.5,4.9,Small Firm (2-10),ACTIVE
NC-000589,Wilson Attorneys at Law,Robeson (County),Robeson,NC,Estate Taxes; Immigration Law; Employment Law,1990,282,(828) 659-4965,https://wilsonattorneysatlawlaw.com,North Carolina State Bar + Public Registry + Avvo,9.8,4.3,Very Large (200+),ACTIVE
NC-000590,Cook Group,Robeson (County),Robeson,NC,Employment Law; Medical Malpractice; Custody; HR Compliance,1985,2,(910) 518-3230,https://cookgrouplaw.com,North Carolina State Bar + Public Registry + Avvo,8.9,3.9,Small Firm (2-10),ACTIVE
NC-000591,Reeves Firm,Robeson (County),Robeson,NC,Probate; Employment Law,1969,6,(910) 726-9222,https://reevesfirmlaw.com,North Carolina State Bar + Public Registry + Avvo,8.3,3.8,Small Firm (2-10),ACTIVE
NC-000592,Parker Law Firm,Robeson (County),Robeson,NC,Bankruptcy; Corporate Law; Patent Law; Arbitration,1997,126,(980) 530-4833,https://parkerlawfirmlaw.com,North Carolina State Bar + Public Registry + Avvo,7.5,3.9,Large (50-200),ACTIVE
NC-000593,Morgan Law Group,Robeson (County),Robeson,NC,Environmental Law; Estate Planning; Estate Taxes; Business Law,2011,277,(704) 607-4004,https://morganlawgrouplaw.com,North Carolina State Bar + Public Registry + Avvo,9.6,4.0,Very Large (200+),ACTIVE
NC-000594,Martin Group,Robeson (County),Robeson,NC,Construction Law; Estate Planning; Employment Law; Criminal Law,2001,22,(336) 279-1085,https://martingrouplaw.com,North Carolina State Bar + Public Registry + Avvo,7.0,4.3,Mid-Size (11-50),ACTIVE
NC-000595,Moore Law,Robeson (County),Robeson,NC,HR Compliance; Corporate Law,1982,2,(919) 405-2139,https://moorelawlaw.com,North Carolina State Bar + Public Registry + Avvo,9.7,3.9,Small Firm (2-10),ACTIVE
NC-000596,Reed Law Firm,Rockingham (County),Rockingham,NC,Tax Law; Family Law; Civil Litigation,1996,2,(704) 480-4205,https://reedlawfirmlaw.com,North Carolina State Bar + Public Registry + Avvo,8.7,4.1,Small Firm (2-10),ACTIVE
NC-000597,Perez Law Firm,Rockingham (County),Rockingham,NC,Arbitration; Immigration Law,1995,49,(704) 690-5763,https://perezlawfirmlaw.com,North Carolina State Bar + Public Registry + Avvo,8.9,4.6,Mid-Size (11-50),ACTIVE
NC-000598,"Taylor, Evans, Morgan & Associates",Rockingham (County),Rockingham,NC,Corporate Law; Consumer Protection; Custody,1997,1,(252) 704-1332,https://taylorevansmorganandassociateslaw.com,North Carolina State Bar + Public Registry + Avvo,8.0,3.5,Solo Practice,ACTIVE
NC-000599,Reeves Law Firm,Rockingham (County),Rockingham,NC,Business Law; Probate; Immigration Law; Criminal Defense; Alternative Dispute Resolution,1999,234,(704) 282-4653,https://reeveslawfirmlaw.com,North Carolina State Bar + Public Registry + Avvo,7.9,4.7,Very Large (200+),ACTIVE
NC-000600,Peterson Solutions,Rockingham (County),Rockingham,NC,Construction Law; Civil Litigation,1990,191,(828) 961-1703,https://petersonsolutionslaw.com,North Carolina State Bar + Public Registry + Avvo,9.0,4.9,Large (50-200),ACTIVE
NC-000601,Taylor Solutions,Rockingham (County),Rockingham,NC,Arbitration; Probate; Estate Planning,1987,158,(828) 834-4305,https://taylorsolutionslaw.com,North Carolina State Bar + Public Registry + Avvo,7.2,3.7,Large (50-200),ACTIVE
NC-000602,Anderson & Associates,Rockingham (County),Rockingham,NC,Contract Law; Personal Injury; Arbitration,1984,37,(984) 931-7331,https://andersonandassociateslaw.com,North Carolina State Bar + Public Registry + Avvo,8.8,4.7,Mid-Size (11-50),ACTIVE
NC-000603,Walker PLLC,Salisbury,Rowan,NC,Bankruptcy; Workers Compensation; Environmental Law; Wills & Trusts; DUI/DWI,1962,1,(828) 954-8396,https://walkerpllclaw.com,North Carolina State Bar + Public Registry + Avvo,9.6,3.6,Solo Practice,ACTIVE
NC-000604,Jones Law Firm,Spencer,Rowan,NC,Workers Compensation; Custody; Intellectual Property; Property Law,1995,10,(980) 760-5228,https://joneslawfirmlaw.com,North Carolina State Bar + Public Registry + Avvo,7.1,4.6,Small Firm (2-10),ACTIVE
NC-000605,Brown Law Firm,China Grove,Rowan,NC,Property Law; Wills & Trusts,2007,3,(980) 659-2696,https://brownlawfirmlaw.com,North Carolina State Bar + Public Registry + Avvo,7.3,5.0,Small Firm (2-10),ACTIVE
NC-000606,Davis Law Firm,Salisbury,Rowan,NC,Consumer Protection; Criminal Law,1970,9,(252) 849-8014,https://davislawfirmlaw.com,North Carolina State Bar + Public Registry + Avvo,9.2,4.3,Small Firm (2-10),ACTIVE
NC-000607,Walker Law Group,Spencer,Rowan,NC,Environmental Law; Intellectual Property; Personal Injury,1998,11,(980) 728-6874,https://walkerlawgrouplaw.com,North Carolina State Bar + Public Registry + Avvo,7.7,3.6,Mid-Size (11-50),ACTIVE
NC-000608,Williams Office,China Grove,Rowan,NC,Patent Law; Divorce; Intellectual Property; Corporate Law,2012,7,(910) 288-1988,https://williamsofficelaw.com,North Carolina State Bar + Public Registry + Avvo,7.3,3.7,Small Firm (2-10),ACTIVE
NC-000609,Jackson Associates,Salisbury,Rowan,NC,Personal Injury; Debt Collection; Divorce,2003,178,(980) 523-1366,https://jacksonassociateslaw.com,North Carolina State Bar + Public Registry + Avvo,9.5,4.3,Large (50-200),ACTIVE
NC-000610,"Gonzalez, Lee & Associates",Rutherford (County),Rutherford,NC,Administrative Law; Criminal Law; Debt Collection; Personal Injury; Estate Planning,2010,24,(910) 971-6197,https://gonzalezleeandassociateslaw.com,North Carolina State Bar + Public Registry + Avvo,7.2,4.7,Mid-Size (11-50),ACTIVE
NC-000611,Sanchez Law Firm,Rutherford (County),Rutherford,NC,Corporate Law; Divorce; Construction Law; Arbitration,1980,2,(828) 236-2008,https://sanchezlawfirmlaw.com,North Carolina State Bar + Public Registry + Avvo,8.8,3.9,Small Firm (2-10),ACTIVE
NC-000612,Perez Office,Rutherford (County),Rutherford,NC,Business Law; Estate Planning; Patent Law; Personal Injury; Tax Law,1989,1,(910) 374-5415,https://perezofficelaw.com,North Carolina State Bar + Public Registry + Avvo,8.4,3.6,Solo Practice,ACTIVE
NC-000613,Anderson Law Group,Rutherford (County),Rutherford,NC,DUI/DWI; Intellectual Property; Consumer Protection; Tax Law; Business Law,1992,32,(252) 929-3043,https://andersonlawgrouplaw.com,North Carolina State Bar + Public Registry + Avvo,9.2,3.9,Mid-Size (11-50),ACTIVE
NC-000614,Scott & Ramirez,Rutherford (County),Rutherford,NC,Workers Compensation; Landlord/Tenant; Custody,1981,32,(828) 754-9840,https://scottandramirezlaw.com,North Carolina State Bar + Public Registry + Avvo,8.5,4.4,Mid-Size (11-50),ACTIVE
NC-000615,Edwards Firm,Rutherford (County),Rutherford,NC,Workers Compensation; Intellectual Property; DUI/DWI,1967,117,(980) 944-9648,https://edwardsfirmlaw.com,North Carolina State Bar + Public Registry + Avvo,9.0,4.5,Large (50-200),ACTIVE
NC-000616,Brown and Martinez,Rutherford (County),Rutherford,NC,Employment Law; Environmental Law; Corporate Law; Arbitration,2009,7,(980) 620-4350,https://brownandmartinezlaw.com,North Carolina State Bar + Public Registry + Avvo,7.8,4.6,Small Firm (2-10),ACTIVE
NC-000617,Hernandez Law Firm,Sampson (County),Sampson,NC,HR Compliance; Employment Law,1993,38,(984) 648-2170,https://hernandezlawfirmlaw.com,North Carolina State Bar + Public Registry + Avvo,8.3,3.6,Mid-Size (11-50),ACTIVE
NC-000618,"Cooper, Gonzalez & Associates",Sampson (County),Sampson,NC,Criminal Law; Debt Collection; Bankruptcy,1987,11,(252) 748-4696,https://coopergonzalezandassociateslaw.com,North Carolina State Bar + Public Registry + Avvo,8.7,4.7,Mid-Size (11-50),ACTIVE
NC-000619,Wilson Services,Sampson (County),Sampson,NC,Estate Planning; Real Estate; Arbitration; Custody,1984,44,(336) 342-3033,https://wilsonserviceslaw.com,North Carolina State Bar + Public Registry + Avvo,8.2,4.6,Mid-Size (11-50),ACTIVE
NC-000620,Torres LLC,Sampson (County),Sampson,NC,Employment Law; Tax Law,1996,44,(910) 876-8088,https://torresllclaw.com,North Carolina State Bar + Public Registry + Avvo,9.5,3.8,Mid-Size (11-50),ACTIVE
NC-000621,"Scott, Jones, Reed & Associates",Sampson (County),Sampson,NC,Bankruptcy; Immigration Law; Divorce,1976,5,(252) 569-1816,https://scottjonesreedandassociateslaw.com,North Carolina State Bar + Public Registry + Avvo,7.5,3.5,Small Firm (2-10),ACTIVE
NC-000622,Morgan Attorneys at Law,Sampson (County),Sampson,NC,Environmental Law; Real Estate,1980,44,(910) 942-1026,https://morganattorneysatlawlaw.com,North Carolina State Bar + Public Registry + Avvo,7.0,5.0,Mid-Size (11-50),ACTIVE
NC-000623,Rogers Services,Sampson (County),Sampson,NC,Workers Compensation; Landlord/Tenant; Alternative Dispute Resolution,1986,11,(704) 270-4761,https://rogersserviceslaw.com,North Carolina State Bar + Public Registry + Avvo,7.8,3.7,Mid-Size (11-50),ACTIVE
NC-000624,Reeves Law Firm,Scotland (County),Scotland,NC,Criminal Defense; Mediation; Construction Law; Custody; Civil Litigation,2009,4,(910) 935-3161,https://reeveslawfirmlaw.com,North Carolina State Bar + Public Registry + Avvo,9.3,4.2,Small Firm (2-10),ACTIVE
NC-000625,"Martinez, Morgan, Lewis & Associates",Scotland (County),Scotland,NC,Intellectual Property; Probate; Alternative Dispute Resolution,1975,41,(980) 822-5204,https://martinezmorganlewisandassociateslaw.com,North Carolina State Bar + Public Registry + Avvo,9.0,3.9,Mid-Size (11-50),ACTIVE
NC-000626,Taylor Law Firm,Scotland (County),Scotland,NC,Administrative Law; Appeals; Custody; Corporate Law; Civil Litigation,1978,287,(919) 415-9341,https://taylorlawfirmlaw.com,North Carolina State Bar + Public Registry + Avvo,8.0,3.8,Very Large (200+),ACTIVE
NC-000627,Collins Legal Services,Scotland (County),Scotland,NC,Civil Litigation; Consumer Protection,1963,45,(919) 901-7080,https://collinslegalserviceslaw.com,North Carolina State Bar + Public Registry + Avvo,9.0,4.2,Mid-Size (11-50),ACTIVE
NC-000628,Gonzalez Law Firm,Scotland (County),Scotland,NC,Criminal Defense; Debt Collection; Business Law; Administrative Law,1979,7,(919) 434-9554,https://gonzalezlawfirmlaw.com,North Carolina State Bar + Public Registry + Avvo,9.8,3.8,Small Firm (2-10),ACTIVE
NC-000629,"Wilson, Thomas, Young & Associates",Scotland (County),Scotland,NC,Real Estate; Landlord/Tenant; Wills & Trusts; Intellectual Property,2009,37,(828) 505-1630,https://wilsonthomasyoungandassociateslaw.com,North Carolina State Bar + Public Registry + Avvo,9.2,4.8,Mid-Size (11-50),ACTIVE
NC-000630,"Parker, Stewart, Cook & Associates",Scotland (County),Scotland,NC,Arbitration; Corporate Law,1965,1,(980) 748-8473,https://parkerstewartcookandassociateslaw.com,North Carolina State Bar + Public Registry + Avvo,9.0,3.7,Solo Practice,ACTIVE
NC-000631,"Lee, Wilson, Clark & Associates",Stanly (County),Stanly,NC,Real Estate; Immigration Law; Personal Injury,1998,26,(252) 608-3258,https://leewilsonclarkandassociateslaw.com,North Carolina State Bar + Public Registry + Avvo,8.2,3.8,Mid-Size (11-50),ACTIVE
NC-000632,Reed Legal Services,Stanly (County),Stanly,NC,HR Compliance; Alternative Dispute Resolution; Contract Law; Arbitration; Criminal Defense,1964,33,(980) 806-7841,https://reedlegalserviceslaw.com,North Carolina State Bar + Public Registry + Avvo,8.3,4.2,Mid-Size (11-50),ACTIVE
NC-000633,Evans LLC,Stanly (County),Stanly,NC,DUI/DWI; Alternative Dispute Resolution; Corporate Law,1996,11,(980) 657-3912,https://evansllclaw.com,North Carolina State Bar + Public Registry + Avvo,7.4,4.3,Mid-Size (11-50),ACTIVE
NC-000634,Williams Law Firm,Stanly (County),Stanly,NC,Real Estate; Divorce,1999,2,(252) 679-4579,https://williamslawfirmlaw.com,North Carolina State Bar + Public Registry + Avvo,9.0,4.5,Small Firm (2-10),ACTIVE
NC-000635,Wilson Law,Stanly (County),Stanly,NC,Criminal Law; Environmental Law; Contract Law,2010,5,(704) 923-9246,https://wilsonlawlaw.com,North Carolina State Bar + Public Registry + Avvo,8.1,4.0,Small Firm (2-10),ACTIVE
NC-000636,King Law Firm,Stanly (County),Stanly,NC,Personal Injury; Business Law,1971,1,(704) 243-2396,https://kinglawfirmlaw.com,North Carolina State Bar + Public Registry + Avvo,7.7,4.6,Solo Practice,ACTIVE
NC-000637,Reed Legal Services,Stanly (County),Stanly,NC,Patent Law; Consumer Protection; Tax Law; Custody,1974,5,(919) 251-9989,https://reedlegalserviceslaw.com,North Carolina State Bar + Public Registry + Avvo,7.9,3.6,Small Firm (2-10),ACTIVE
NC-000638,Peterson PLLC,Stokes (County),Stokes,NC,Real Estate; Immigration Law; HR Compliance; Estate Taxes,1961,1,(336) 201-5697,https://petersonpllclaw.com,North Carolina State Bar + Public Registry + Avvo,8.9,4.9,Solo Practice,ACTIVE
NC-000639,Martin Counsel,Stokes (County),Stokes,NC,Workers Compensation; Real Estate; Landlord/Tenant; DUI/DWI; Civil Litigation,2007,36,(910) 966-2000,https://martincounsellaw.com,North Carolina State Bar + Public Registry + Avvo,7.6,3.9,Mid-Size (11-50),ACTIVE
NC-000640,Jackson Legal Services,Stokes (County),Stokes,NC,Civil Litigation; Personal Injury,1983,29,(828) 644-5887,https://jacksonlegalserviceslaw.com,North Carolina State Bar + Public Registry + Avvo,8.1,4.3,Mid-Size (11-50),ACTIVE
NC-000641,Hernandez Law Firm,Stokes (County),Stokes,NC,HR Compliance; Contract Law,1982,4,(910) 436-4880,https://hernandezlawfirmlaw.com,North Carolina State Bar + Public Registry + Avvo,7.1,3.7,Small Firm (2-10),ACTIVE
NC-000642,Williams Law,Stokes (County),Stokes,NC,Alternative Dispute Resolution; Immigration Law; Custody,1970,1,(919) 282-6078,https://williamslawlaw.com,North Carolina State Bar + Public Registry + Avvo,8.8,4.4,Solo Practice,ACTIVE
NC-000643,Allen PLLC,Stokes (County),Stokes,NC,Criminal Law; Medical Malpractice,1985,26,(828) 415-6544,https://allenpllclaw.com,North Carolina State Bar + Public Registry + Avvo,8.4,3.9,Mid-Size (11-50),ACTIVE
NC-000644,"Taylor, Robinson & Associates",Stokes (County),Stokes,NC,Immigration Law; HR Compliance; Alternative Dispute Resolution,2010,261,(828) 787-6725,https://taylorrobinsonandassociateslaw.com,North Carolina State Bar + Public Registry + Avvo,9.4,4.1,Very Large (200+),ACTIVE
NC-000645,Garcia Office,Surry (County),Surry,NC,Real Estate; Administrative Law,1997,1,(828) 542-7753,https://garciaofficelaw.com,North Carolina State Bar + Public Registry + Avvo,9.0,3.5,Solo Practice,ACTIVE
NC-000646,Gonzalez Law Firm,Surry (County),Surry,NC,Debt Collection; Immigration Law; Bankruptcy; Contract Law; Workers Compensation,1989,1,(919) 516-6498,https://gonzalezlawfirmlaw.com,North Carolina State Bar + Public Registry + Avvo,7.4,4.2,Solo Practice,ACTIVE
NC-000647,"Phillips, Lewis & Associates",Surry (County),Surry,NC,Family Law; HR Compliance; Environmental Law,1982,30,(910) 695-7963,https://phillipslewisandassociateslaw.com,North Carolina State Bar + Public Registry + Avvo,8.1,4.3,Mid-Size (11-50),ACTIVE
NC-000648,Miller LLC,Surry (County),Surry,NC,Environmental Law; HR Compliance; Wills & Trusts,2003,1,(980) 667-3012,https://millerllclaw.com,North Carolina State Bar + Public Registry + Avvo,8.3,4.5,Solo Practice,ACTIVE
NC-000649,Johnson Legal Services,Surry (County),Surry,NC,Environmental Law; Real Estate; Intellectual Property,1980,129,(910) 485-9749,https://johnsonlegalserviceslaw.com,North Carolina State Bar + Public Registry + Avvo,9.8,4.0,Large (50-200),ACTIVE
NC-000650,"Morgan, Reeves, Parker & Associates",Surry (County),Surry,NC,Administrative Law; Estate Taxes,2005,3,(980) 251-4073,https://morganreevesparkerandassociateslaw.com,North Carolina State Bar + Public Registry + Avvo,7.5,4.8,Small Firm (2-10),ACTIVE
NC-000651,Smith Law Firm,Surry (County),Surry,NC,Debt Collection; Intellectual Property; Alternative Dispute Resolution,1998,1,(984) 997-2120,https://smithlawfirmlaw.com,North Carolina State Bar + Public Registry + Avvo,8.2,3.6,Solo Practice,ACTIVE
NC-000652,Lee Law Firm,Swain (County),Swain,NC,Appeals; Family Law; Medical Malpractice,1968,37,(919) 568-7963,https://leelawfirmlaw.com,North Carolina State Bar + Public Registry + Avvo,8.8,4.3,Mid-Size (11-50),ACTIVE
NC-000653,Wilson and Walker,Swain (County),Swain,NC,Bankruptcy; Tax Law; DUI/DWI,1974,4,(336) 419-2372,https://wilsonandwalkerlaw.com,North Carolina State Bar + Public Registry + Avvo,7.3,3.5,Small Firm (2-10),ACTIVE
NC-000654,Wright Group,Swain (County),Swain,NC,Probate; Family Law; Employment Law; Tax Law,2007,5,(980) 554-9273,https://wrightgrouplaw.com,North Carolina State Bar + Public Registry + Avvo,7.7,3.8,Small Firm (2-10),ACTIVE
NC-000655,"Young, King & Associates",Swain (County),Swain,NC,Employment Law; Mediation; Estate Planning,1960,1,(980) 413-8738,https://youngkingandassociateslaw.com,North Carolina State Bar + Public Registry + Avvo,7.9,4.8,Solo Practice,ACTIVE
NC-000656,"Johnson, Reeves, Robinson & Associates",Swain (County),Swain,NC,Landlord/Tenant; Immigration Law,1979,8,(910) 984-6529,https://johnsonreevesrobinsonandassociateslaw.com,North Carolina State Bar + Public Registry + Avvo,9.9,4.2,Small Firm (2-10),ACTIVE
NC-000657,"Peterson, Miller & Associates",Swain (County),Swain,NC,Workers Compensation; Civil Litigation; Estate Taxes,1966,1,(919) 393-7442,https://petersonmillerandassociateslaw.com,North Carolina State Bar + Public Registry + Avvo,9.0,4.5,Solo Practice,ACTIVE
NC-000658,Lee Attorneys,Swain (County),Swain,NC,Tax Law; Estate Taxes,2012,34,(910) 334-3740,https://leeattorneyslaw.com,North Carolina State Bar + Public Registry + Avvo,8.1,3.6,Mid-Size (11-50),ACTIVE
NC-000659,Lewis Law Firm,Transylvania (County),Transylvania,NC,Wills & Trusts; Family Law; Administrative Law,2009,22,(910) 815-6029,https://lewislawfirmlaw.com,North Carolina State Bar + Public Registry + Avvo,8.3,3.7,Mid-Size (11-50),ACTIVE
NC-000660,Scott Law Firm,Transylvania (County),Transylvania,NC,Debt Collection; Personal Injury; Immigration Law; Estate Taxes; Landlord/Tenant,1960,9,(828) 643-4970,https://scottlawfirmlaw.com,North Carolina State Bar + Public Registry + Avvo,7.3,3.6,Small Firm (2-10),ACTIVE
NC-000661,Wilson Law Firm,Transylvania (County),Transylvania,NC,Corporate Law; Probate; Bankruptcy; Business Law,1998,1,(919) 896-2590,https://wilsonlawfirmlaw.com,North Carolina State Bar + Public Registry + Avvo,7.0,3.6,Solo Practice,ACTIVE
NC-000662,Sanchez Law Firm,Transylvania (County),Transylvania,NC,HR Compliance; Family Law; Landlord/Tenant; Employment Law,1972,25,(919) 936-8120,https://sanchezlawfirmlaw.com,North Carolina State Bar + Public Registry + Avvo,7.3,4.5,Mid-Size (11-50),ACTIVE
NC-000663,Sanchez and Moore,Transylvania (County),Transylvania,NC,HR Compliance; Consumer Protection,1973,8,(980) 886-5701,https://sanchezandmoorelaw.com,North Carolina State Bar + Public Registry + Avvo,7.1,4.7,Small Firm (2-10),ACTIVE
NC-000664,Parker Office,Transylvania (County),Transylvania,NC,Custody; Tax Law,2002,1,(704) 910-4140,https://parkerofficelaw.com,North Carolina State Bar + Public Registry + Avvo,9.1,4.6,Solo Practice,ACTIVE
NC-000665,"Evans, Taylor, Miller & Associates",Transylvania (County),Transylvania,NC,Real Estate; Bankruptcy; Medical Malpractice,2014,1,(252) 817-9862,https://evanstaylormillerandassociateslaw.com,North Carolina State Bar + Public Registry + Avvo,9.9,4.9,Solo Practice,ACTIVE
NC-000666,Stewart LLC,Tyrrell (County),Tyrrell,NC,Estate Taxes; Mediation; Consumer Protection; Administrative Law; Criminal Law,2013,13,(336) 423-3697,https://stewartllclaw.com,North Carolina State Bar + Public Registry + Avvo,7.6,4.8,Mid-Size (11-50),ACTIVE
NC-000667,Brown Law Firm,Tyrrell (County),Tyrrell,NC,Intellectual Property; Alternative Dispute Resolution; Workers Compensation,1980,1,(252) 212-9916,https://brownlawfirmlaw.com,North Carolina State Bar + Public Registry + Avvo,7.4,4.3,Solo Practice,ACTIVE
NC-000668,Edwards & Martinez,Tyrrell (County),Tyrrell,NC,Employment Law; Criminal Defense; Construction Law,1987,18,(910) 976-9262,https://edwardsandmartinezlaw.com,North Carolina State Bar + Public Registry + Avvo,7.3,4.1,Mid-Size (11-50),ACTIVE
NC-000669,Lopez Law Firm,Tyrrell (County),Tyrrell,NC,HR Compliance; Landlord/Tenant; Criminal Defense; Administrative Law,2008,1,(984) 490-5661,https://lopezlawfirmlaw.com,North Carolina State Bar + Public Registry + Avvo,10.0,4.3,Solo Practice,ACTIVE
NC-000670,Williams Law Group,Tyrrell (County),Tyrrell,NC,Divorce; Patent Law; Estate Taxes,1972,1,(828) 313-7796,https://williamslawgrouplaw.com,North Carolina State Bar + Public Registry + Avvo,8.8,4.2,Solo Practice,ACTIVE
NC-000671,Hernandez and Parker,Tyrrell (County),Tyrrell,NC,Immigration Law; Criminal Law; Workers Compensation,1973,241,(252) 869-1170,https://hernandezandparkerlaw.com,North Carolina State Bar + Public Registry + Avvo,8.2,4.7,Very Large (200+),ACTIVE
NC-000672,Thompson Partners,Tyrrell (County),Tyrrell,NC,DUI/DWI; Patent Law; Real Estate; Wills & Trusts,2007,7,(336) 308-5830,https://thompsonpartnerslaw.com,North Carolina State Bar + Public Registry + Avvo,8.1,4.3,Small Firm (2-10),ACTIVE
NC-000673,Campbell LLC,Union (County),Union,NC,Business Law; Corporate Law,2003,30,(919) 416-9767,https://campbellllclaw.com,North Carolina State Bar + Public Registry + Avvo,8.9,4.8,Mid-Size (11-50),ACTIVE
NC-000674,King LLC,Union (County),Union,NC,Construction Law; HR Compliance; Employment Law; Estate Taxes; Consumer Protection,2005,1,(980) 485-2288,https://kingllclaw.com,North Carolina State Bar + Public Registry + Avvo,7.7,4.2,Solo Practice,ACTIVE
NC-000675,Lopez & Associates,Union (County),Union,NC,Debt Collection; Contract Law,2014,7,(910) 919-9580,https://lopezandassociateslaw.com,North Carolina State Bar + Public Registry + Avvo,8.3,4.8,Small Firm (2-10),ACTIVE
NC-000676,Bell Law Firm,Union (County),Union,NC,Wills & Trusts; Personal Injury; Workers Compensation; Contract Law; Tax Law,2001,5,(984) 720-6081,https://belllawfirmlaw.com,North Carolina State Bar + Public Registry + Avvo,9.1,4.1,Small Firm (2-10),ACTIVE
NC-000677,Lewis Law Firm,Union (County),Union,NC,Family Law; Employment Law; Appeals; Construction Law; Property Law,1996,19,(336) 763-9842,https://lewislawfirmlaw.com,North Carolina State Bar + Public Registry + Avvo,9.2,4.1,Mid-Size (11-50),ACTIVE
NC-000678,Martinez & White,Union (County),Union,NC,Divorce; Bankruptcy; Business Law,1961,11,(919) 686-3373,https://martinezandwhitelaw.com,North Carolina State Bar + Public Registry + Avvo,8.7,3.9,Mid-Size (11-50),ACTIVE
NC-000679,Stewart PLLC,Union (County),Union,NC,Divorce; Intellectual Property; Criminal Defense; Criminal Law,1995,49,(919) 622-5573,https://stewartpllclaw.com,North Carolina State Bar + Public Registry + Avvo,8.8,4.7,Mid-Size (11-50),ACTIVE
NC-000680,Thompson Law Firm,Vance (County),Vance,NC,Probate; Arbitration; Business Law; Wills & Trusts,1987,3,(704) 327-6133,https://thompsonlawfirmlaw.com,North Carolina State Bar + Public Registry + Avvo,8.7,4.2,Small Firm (2-10),ACTIVE
NC-000681,Brown Office,Vance (County),Vance,NC,Bankruptcy; Tax Law; Consumer Protection; Corporate Law; Patent Law,1984,9,(828) 527-4530,https://brownofficelaw.com,North Carolina State Bar + Public Registry + Avvo,8.9,3.7,Small Firm (2-10),ACTIVE
NC-000682,Clark Law Group,Vance (County),Vance,NC,HR Compliance; Tax Law; DUI/DWI; Landlord/Tenant,2015,5,(704) 597-6767,https://clarklawgrouplaw.com,North Carolina State Bar + Public Registry + Avvo,9.9,3.5,Small Firm (2-10),ACTIVE
NC-000683,Sanchez Counsel,Vance (County),Vance,NC,HR Compliance; Medical Malpractice; Alternative Dispute Resolution,1974,10,(704) 523-7284,https://sanchezcounsellaw.com,North Carolina State Bar + Public Registry + Avvo,9.2,3.5,Small Firm (2-10),ACTIVE
NC-000684,Bell Partners,Vance (County),Vance,NC,HR Compliance; DUI/DWI; Estate Planning,1976,7,(828) 670-9035,https://bellpartnerslaw.com,North Carolina State Bar + Public Registry + Avvo,8.9,4.8,Small Firm (2-10),ACTIVE
NC-000685,White Law Firm,Vance (County),Vance,NC,Wills & Trusts; Contract Law,1961,14,(980) 203-3437,https://whitelawfirmlaw.com,North Carolina State Bar + Public Registry + Avvo,8.8,3.6,Mid-Size (11-50),ACTIVE
NC-000686,Taylor Law Firm,Vance (County),Vance,NC,Mediation; Administrative Law; Divorce; Wills & Trusts,1991,1,(980) 310-2341,https://taylorlawfirmlaw.com,North Carolina State Bar + Public Registry + Avvo,8.0,4.4,Solo Practice,ACTIVE
NC-000687,Martinez Legal Services,Raleigh,Wake,NC,Debt Collection; Personal Injury; Probate; Employment Law,1989,7,(828) 293-1468,https://martinezlegalserviceslaw.com,North Carolina State Bar + Public Registry + Avvo,8.9,4.8,Small Firm (2-10),ACTIVE
NC-000688,"White, Rodriguez, Brown & Associates",Cary,Wake,NC,Property Law; Criminal Defense; HR Compliance; Wills & Trusts,1995,7,(984) 480-5993,https://whiterodriguezbrownandassociateslaw.com,North Carolina State Bar + Public Registry + Avvo,8.7,3.7,Small Firm (2-10),ACTIVE
NC-000689,"Gonzalez, White & Associates",Apex,Wake,NC,Landlord/Tenant; Appeals; Criminal Law; Debt Collection; Arbitration,1982,15,(919) 724-4198,https://gonzalezwhiteandassociateslaw.com,North Carolina State Bar + Public Registry + Avvo,7.0,4.7,Mid-Size (11-50),ACTIVE
NC-000690,"Moore, Taylor, Morgan & Associates",Garner,Wake,NC,Administrative Law; Criminal Law; Bankruptcy; Custody,1986,10,(704) 893-1556,https://mooretaylormorganandassociateslaw.com,North Carolina State Bar + Public Registry + Avvo,8.4,3.5,Small Firm (2-10),ACTIVE
NC-000691,Gonzalez Law Firm,Chapel Hill,Wake,NC,Administrative Law; Alternative Dispute Resolution,1980,39,(984) 296-1977,https://gonzalezlawfirmlaw.com,North Carolina State Bar + Public Registry + Avvo,9.0,4.5,Mid-Size (11-50),ACTIVE
NC-000692,"Williams, Morgan & Associates",Durham,Wake,NC,Patent Law; Consumer Protection; Custody,2005,158,(704) 762-8919,https://williamsmorganandassociateslaw.com,North Carolina State Bar + Public Registry + Avvo,7.5,3.9,Large (50-200),ACTIVE
NC-000693,Martinez Associates,Morrisville,Wake,NC,Environmental Law; HR Compliance; Criminal Law,1965,1,(704) 285-4009,https://martinezassociateslaw.com,North Carolina State Bar + Public Registry + Avvo,8.0,5.0,Solo Practice,ACTIVE
NC-000694,Bell Firm,Warren (County),Warren,NC,Appeals; Arbitration; Wills & Trusts; Employment Law,1972,8,(919) 910-6122,https://bellfirmlaw.com,North Carolina State Bar + Public Registry + Avvo,9.5,3.9,Small Firm (2-10),ACTIVE
NC-000695,Collins Counsel,Warren (County),Warren,NC,Intellectual Property; Estate Planning,1987,162,(919) 335-7167,https://collinscounsellaw.com,North Carolina State Bar + Public Registry + Avvo,8.1,4.9,Large (50-200),ACTIVE
NC-000696,Jones Associates,Warren (County),Warren,NC,Criminal Law; Consumer Protection,2014,50,(919) 407-2769,https://jonesassociateslaw.com,North Carolina State Bar + Public Registry + Avvo,7.7,4.5,Mid-Size (11-50),ACTIVE
NC-000697,Walker Office,Warren (County),Warren,NC,Construction Law; Property Law; Estate Planning; HR Compliance; Mediation,2001,1,(910) 746-2565,https://walkerofficelaw.com,North Carolina State Bar + Public Registry + Avvo,7.4,3.6,Solo Practice,ACTIVE
NC-000698,Perez Solutions,Warren (County),Warren,NC,Immigration Law; Bankruptcy; Estate Planning; Family Law; Debt Collection,2014,20,(910) 252-2286,https://perezsolutionslaw.com,North Carolina State Bar + Public Registry + Avvo,8.0,3.8,Mid-Size (11-50),ACTIVE
NC-000699,Wilson Attorneys at Law,Warren (County),Warren,NC,Appeals; Patent Law; Environmental Law; DUI/DWI; Construction Law,1987,28,(252) 924-3602,https://wilsonattorneysatlawlaw.com,North Carolina State Bar + Public Registry + Avvo,9.8,4.2,Mid-Size (11-50),ACTIVE
NC-000700,Johnson Law Firm,Warren (County),Warren,NC,Custody; Contract Law; Real Estate,1974,1,(919) 970-9413,https://johnsonlawfirmlaw.com,North Carolina State Bar + Public Registry + Avvo,9.4,3.7,Solo Practice,ACTIVE
NC-000701,Taylor Law Firm,Washington (County),Washington,NC,Patent Law; Personal Injury; Mediation; Alternative Dispute Resolution,1969,1,(704) 512-8990,https://taylorlawfirmlaw.com,North Carolina State Bar + Public Registry + Avvo,8.2,3.7,Solo Practice,ACTIVE
NC-000702,Young PLLC,Washington (County),Washington,NC,DUI/DWI; Debt Collection; Landlord/Tenant; Workers Compensation; Wills & Trusts,2006,31,(704) 456-1307,https://youngpllclaw.com,North Carolina State Bar + Public Registry + Avvo,7.3,4.7,Mid-Size (11-50),ACTIVE
NC-000703,Torres Law Firm,Washington (County),Washington,NC,Criminal Defense; Personal Injury; Real Estate; Workers Compensation; Wills & Trusts,2002,4,(704) 572-5576,https://torreslawfirmlaw.com,North Carolina State Bar + Public Registry + Avvo,7.0,4.2,Small Firm (2-10),ACTIVE
NC-000704,"Martin, Martinez, Campbell & Associates",Washington (County),Washington,NC,Patent Law; Corporate Law,2013,5,(828) 519-7156,https://martinmartinezcampbellandassociateslaw.com,North Carolina State Bar + Public Registry + Avvo,8.6,4.5,Small Firm (2-10),ACTIVE
NC-000705,"Morgan, Davis & Associates",Washington (County),Washington,NC,Administrative Law; HR Compliance; Environmental Law,1982,1,(704) 616-3626,https://morgandavisandassociateslaw.com,North Carolina State Bar + Public Registry + Avvo,9.8,3.9,Solo Practice,ACTIVE
NC-000706,"Gonzalez, Robinson, Stewart & Associates",Washington (County),Washington,NC,Arbitration; Debt Collection,1970,30,(919) 795-1306,https://gonzalezrobinsonstewartandassociateslaw.com,North Carolina State Bar + Public Registry + Avvo,8.1,3.7,Mid-Size (11-50),ACTIVE
NC-000707,Scott LLC,Washington (County),Washington,NC,Intellectual Property; Immigration Law; Workers Compensation,2011,6,(336) 991-3917,https://scottllclaw.com,North Carolina State Bar + Public Registry + Avvo,7.0,4.1,Small Firm (2-10),ACTIVE
NC-000708,Stewart Group,Watauga (County),Watauga,NC,Contract Law; Wills & Trusts; Mediation; Bankruptcy; Construction Law,1986,1,(828) 450-6391,https://stewartgrouplaw.com,North Carolina State Bar + Public Registry + Avvo,9.9,3.6,Solo Practice,ACTIVE
NC-000709,Collins Counsel,Watauga (County),Watauga,NC,Administrative Law; Medical Malpractice,1967,80,(252) 861-5447,https://collinscounsellaw.com,North Carolina State Bar + Public Registry + Avvo,7.8,4.3,Large (50-200),ACTIVE
NC-000710,Allen Law Firm,Watauga (County),Watauga,NC,Estate Planning; Estate Taxes; Immigration Law; Property Law,2009,1,(910) 707-7709,https://allenlawfirmlaw.com,North Carolina State Bar + Public Registry + Avvo,7.5,3.8,Solo Practice,ACTIVE
NC-000711,Morris Group,Watauga (County),Watauga,NC,Contract Law; Business Law; Administrative Law,2008,5,(252) 511-7576,https://morrisgrouplaw.com,North Carolina State Bar + Public Registry + Avvo,9.1,4.7,Small Firm (2-10),ACTIVE
NC-000712,"Stewart, Bell & Associates",Watauga (County),Watauga,NC,Arbitration; Real Estate; Estate Taxes; Custody; Medical Malpractice,2014,6,(980) 497-2952,https://stewartbellandassociateslaw.com,North Carolina State Bar + Public Registry + Avvo,7.1,3.8,Small Firm (2-10),ACTIVE
NC-000713,"Jones, Lewis & Associates",Watauga (County),Watauga,NC,Debt Collection; Family Law,1991,7,(910) 492-8723,https://joneslewisandassociateslaw.com,North Carolina State Bar + Public Registry + Avvo,8.2,4.4,Small Firm (2-10),ACTIVE
NC-000714,Wright Services,Watauga (County),Watauga,NC,Probate; Immigration Law,1995,49,(252) 988-5660,https://wrightserviceslaw.com,North Carolina State Bar + Public Registry + Avvo,8.1,3.6,Mid-Size (11-50),ACTIVE
NC-000715,Parker Partners,Wayne (County),Wayne,NC,Tax Law; Workers Compensation; Administrative Law,1966,16,(910) 902-8994,https://parkerpartnerslaw.com,North Carolina State Bar + Public Registry + Avvo,7.3,3.7,Mid-Size (11-50),ACTIVE
NC-000716,Harris & Associates,Wayne (County),Wayne,NC,Arbitration; Immigration Law; Tax Law; Criminal Law; Wills & Trusts,1997,299,(910) 791-7620,https://harrisandassociateslaw.com,North Carolina State Bar + Public Registry + Avvo,7.9,4.3,Very Large (200+),ACTIVE
NC-000717,"Hernandez, White & Associates",Wayne (County),Wayne,NC,Tax Law; Environmental Law; Contract Law; Estate Taxes,1989,1,(910) 605-4777,https://hernandezwhiteandassociateslaw.com,North Carolina State Bar + Public Registry + Avvo,9.8,4.3,Solo Practice,ACTIVE
NC-000718,"White, Morgan, Rogers & Associates",Wayne (County),Wayne,NC,Estate Taxes; Arbitration; Criminal Defense; Consumer Protection; Custody,1991,6,(980) 702-8990,https://whitemorganrogersandassociateslaw.com,North Carolina State Bar + Public Registry + Avvo,10.0,3.9,Small Firm (2-10),ACTIVE
NC-000719,"Collins, Stewart, Lopez & Associates",Wayne (County),Wayne,NC,Appeals; Administrative Law; Tax Law; Intellectual Property; Immigration Law,2014,8,(984) 911-7599,https://collinsstewartlopezandassociateslaw.com,North Carolina State Bar + Public Registry + Avvo,8.6,4.0,Small Firm (2-10),ACTIVE
NC-000720,Wilson LLC,Wayne (County),Wayne,NC,Estate Taxes; Family Law; Divorce; Custody,1988,18,(980) 556-4338,https://wilsonllclaw.com,North Carolina State Bar + Public Registry + Avvo,8.2,3.9,Mid-Size (11-50),ACTIVE
NC-000721,Allen Counsel,Wayne (County),Wayne,NC,Workers Compensation; Family Law,1966,9,(704) 651-3907,https://allencounsellaw.com,North Carolina State Bar + Public Registry + Avvo,9.0,3.5,Small Firm (2-10),ACTIVE
NC-000722,Lopez Law Firm,Wilkes (County),Wilkes,NC,Property Law; Divorce; Personal Injury; Environmental Law,2012,44,(980) 931-7498,https://lopezlawfirmlaw.com,North Carolina State Bar + Public Registry + Avvo,8.7,4.5,Mid-Size (11-50),ACTIVE
NC-000723,Torres and Brown,Wilkes (County),Wilkes,NC,Medical Malpractice; Civil Litigation,1964,178,(919) 248-1476,https://torresandbrownlaw.com,North Carolina State Bar + Public Registry + Avvo,7.5,4.5,Large (50-200),ACTIVE
NC-000724,"Davis, Perez & Associates",Wilkes (County),Wilkes,NC,Corporate Law; Estate Planning; Wills & Trusts; Probate; Divorce,1975,3,(910) 789-6992,https://davisperezandassociateslaw.com,North Carolina State Bar + Public Registry + Avvo,7.8,3.6,Small Firm (2-10),ACTIVE
NC-000725,Peterson Legal Services,Wilkes (County),Wilkes,NC,Probate; Tax Law; Debt Collection,1994,48,(910) 650-4297,https://petersonlegalserviceslaw.com,North Carolina State Bar + Public Registry + Avvo,8.0,4.0,Mid-Size (11-50),ACTIVE
NC-000726,"Parker, Rodriguez & Associates",Wilkes (County),Wilkes,NC,Real Estate; Tax Law; Bankruptcy,2004,4,(919) 357-5697,https://parkerrodriguezandassociateslaw.com,North Carolina State Bar + Public Registry + Avvo,8.5,4.9,Small Firm (2-10),ACTIVE
NC-000727,"Thomas, Wilson, Moore & Associates",Wilkes (County),Wilkes,NC,Medical Malpractice; Immigration Law; Appeals; Employment Law; Bankruptcy,1974,1,(336) 775-7341,https://thomaswilsonmooreandassociateslaw.com,North Carolina State Bar + Public Registry + Avvo,9.1,4.5,Solo Practice,ACTIVE
NC-000728,Lewis Associates,Wilkes (County),Wilkes,NC,Mediation; Wills & Trusts; Property Law; Immigration Law; Tax Law,1981,3,(910) 744-2464,https://lewisassociateslaw.com,North Carolina State Bar + Public Registry + Avvo,8.3,4.9,Small Firm (2-10),ACTIVE
NC-000729,King Counsel,Wilson (County),Wilson,NC,Business Law; Debt Collection; Property Law,1961,48,(910) 253-1883,https://kingcounsellaw.com,North Carolina State Bar + Public Registry + Avvo,7.6,4.7,Mid-Size (11-50),ACTIVE
NC-000730,Wright and Miller,Wilson (County),Wilson,NC,Alternative Dispute Resolution; Administrative Law; Wills & Trusts; Construction Law,1981,28,(919) 293-8392,https://wrightandmillerlaw.com,North Carolina State Bar + Public Registry + Avvo,9.6,3.8,Mid-Size (11-50),ACTIVE
NC-000731,Perez and Taylor,Wilson (County),Wilson,NC,Intellectual Property; Divorce; Alternative Dispute Resolution; Custody; Administrative Law,2015,19,(828) 396-1816,https://perezandtaylorlaw.com,North Carolina State Bar + Public Registry + Avvo,7.9,3.7,Mid-Size (11-50),ACTIVE
NC-000732,Reed Solutions,Wilson (County),Wilson,NC,Criminal Defense; Mediation; Probate; Patent Law,2008,11,(704) 440-1695,https://reedsolutionslaw.com,North Carolina State Bar + Public Registry + Avvo,7.6,3.8,Mid-Size (11-50),ACTIVE
NC-000733,"Evans, Harris, Peterson & Associates",Wilson (County),Wilson,NC,Administrative Law; Real Estate; Alternative Dispute Resolution; Corporate Law,2010,24,(919) 833-8550,https://evansharrispetersonandassociateslaw.com,North Carolina State Bar + Public Registry + Avvo,8.2,3.9,Mid-Size (11-50),ACTIVE
NC-000734,Thompson Attorneys,Wilson (County),Wilson,NC,Employment Law; DUI/DWI; Arbitration,1963,1,(252) 745-7323,https://thompsonattorneyslaw.com,North Carolina State Bar + Public Registry + Avvo,9.9,4.1,Solo Practice,ACTIVE
NC-000735,Wright Group,Wilson (County),Wilson,NC,Workers Compensation; Immigration Law,1966,1,(252) 514-9713,https://wrightgrouplaw.com,North Carolina State Bar + Public Registry + Avvo,9.0,5.0,Solo Practice,ACTIVE
NC-000736,Davis & Associates,Yadkin (County),Yadkin,NC,Tax Law; Landlord/Tenant; Construction Law,1965,2,(980) 451-8899,https://davisandassociateslaw.com,North Carolina State Bar + Public Registry + Avvo,7.7,3.7,Small Firm (2-10),ACTIVE
NC-000737,"White, Martin & Associates",Yadkin (County),Yadkin,NC,Alternative Dispute Resolution; Debt Collection; Immigration Law; Estate Planning; Corporate Law,1975,5,(336) 280-6251,https://whitemartinandassociateslaw.com,North Carolina State Bar + Public Registry + Avvo,7.4,3.8,Small Firm (2-10),ACTIVE
NC-000738,Thompson Counsel,Yadkin (County),Yadkin,NC,Landlord/Tenant; Wills & Trusts; Immigration Law; Environmental Law,1963,4,(984) 680-9239,https://thompsoncounsellaw.com,North Carolina State Bar + Public Registry + Avvo,8.8,3.5,Small Firm (2-10),ACTIVE
NC-000739,"Bell, Martin & Associates",Yadkin (County),Yadkin,NC,Civil Litigation; Estate Planning; Construction Law; Consumer Protection,2004,195,(910) 912-6646,https://bellmartinandassociateslaw.com,North Carolina State Bar + Public Registry + Avvo,8.6,4.0,Large (50-200),ACTIVE
NC-000740,Brown & Taylor,Yadkin (County),Yadkin,NC,Administrative Law; Construction Law,2003,1,(828) 497-5562,https://brownandtaylorlaw.com,North Carolina State Bar + Public Registry + Avvo,7.4,4.0,Solo Practice,ACTIVE
NC-000741,"Cook, Moore & Associates",Yadkin (County),Yadkin,NC,Property Law; Patent Law; Intellectual Property; Environmental Law; Probate,2006,66,(919) 504-2855,https://cookmooreandassociateslaw.com,North Carolina State Bar + Public Registry + Avvo,7.0,4.4,Large (50-200),ACTIVE
NC-000742,Harris Law Firm,Yadkin (County),Yadkin,NC,Employment Law; Immigration Law; Environmental Law; Arbitration; Criminal Law,1988,1,(919) 924-3277,https://harrislawfirmlaw.com,North Carolina State Bar + Public Registry + Avvo,9.4,5.0,Solo Practice,ACTIVE
NC-000743,"Jones, Allen & Associates",Yancey (County),Yancey,NC,Debt Collection; Intellectual Property; Administrative Law; Civil Litigation; Patent Law,1967,1,(910) 874-2871,https://jonesallenandassociateslaw.com,North Carolina State Bar + Public Registry + Avvo,7.4,4.7,Solo Practice,ACTIVE
NC-000744,"Williams, Johnson, Stewart & Associates",Yancey (County),Yancey,NC,Appeals; Civil Litigation; Debt Collection; Probate; Custody,1968,40,(919) 943-5966,https://williamsjohnsonstewartandassociateslaw.com,North Carolina State Bar + Public Registry + Avvo,7.4,4.7,Mid-Size (11-50),ACTIVE
NC-000745,Brown Law Firm,Yancey (County),Yancey,NC,Family Law; Property Law; Civil Litigation; Immigration Law,1972,9,(704) 640-7733,https://brownlawfirmlaw.com,North Carolina State Bar + Public Registry + Avvo,9.6,4.0,Small Firm (2-10),ACTIVE
NC-000746,Parker Services,Yancey (County),Yancey,NC,Tax Law; Bankruptcy; Environmental Law; Arbitration,1981,23,(919) 387-6266,https://parkerserviceslaw.com,North Carolina State Bar + Public Registry + Avvo,7.3,3.7,Mid-Size (11-50),ACTIVE
NC-000747,"Davis, Lee, Campbell & Associates",Yancey (County),Yancey,NC,Debt Collection; Property Law; Mediation,2012,174,(828) 351-4998,https://davisleecampbellandassociateslaw.com,North Carolina State Bar + Public Registry + Avvo,8.0,4.1,Large (50-200),ACTIVE
NC-000748,"Jackson, Lopez, Harris & Associates",Yancey (County),Yancey,NC,Estate Planning; Workers Compensation; Civil Litigation; Family Law,1964,37,(252) 682-4159,https://jacksonlopezharrisandassociateslaw.com,North Carolina State Bar + Public Registry + Avvo,10.0,4.9,Mid-Size (11-50),ACTIVE
NC-000749,Thomas Group,Yancey (County),Yancey,NC,Immigration Law; Criminal Defense; Intellectual Property,2009,10,(252) 507-6280,https://thomasgrouplaw.com,North Carolina State Bar + Public Registry + Avvo,7.6,3.9,Small Firm (2-10),ACTIVE
